{"type":"FeatureCollection", "features": [
{"type":"Feature","geometry":{"type":"MultiPolygon","coordinates":[[[[124.13311063326454,14.023605238627201],[124.13921955639968,14.06685855238248],[124.12278778560568,14.051867069228937],[124.13311063326454,14.023605238627201]]],[[[122.1396650081181,14.895738582556938],[122.14792774022628,14.893861226491115],[122.15125426211664,14.895225707832267],[122.1396784377701,14.898628077296172],[122.1396650081181,14.895738582556938]]],[[[123.79242193132276,13.876218576754333],[123.78621484475345,13.875915394128317],[123.78576893920548,13.87521527116468],[123.78424396357308,13.868169878228535],[123.79242193132276,13.876218576754333]]],[[[124.06448506081269,13.697752005058689],[124.02452702650153,13.660010203475741],[124.0474914167809,13.632823037891116],[124.06448506081269,13.697752005058689]]],[[[122.01316924674116,14.871931416147957],[122.0239335590492,14.847285981213137],[122.06198304001424,14.850340400735066],[122.0646361844417,14.865733260129112],[122.0349207374854,14.875516556282838],[122.01316924674116,14.871931416147957]]],[[[121.82084820585527,14.304711483346507],[121.80918769349265,14.271861251075888],[121.83368593022372,14.269934925854178],[121.85146883569813,14.297929179692094],[121.82084820585527,14.304711483346507]]],[[[122.3067787300914,14.680408584098657],[122.3808979054357,14.6795479922607],[122.42035653477872,14.68576840026188],[122.43934780525335,14.704055184508771],[122.39724948251552,14.734640128765973],[122.36077845652679,14.713918716072358],[122.3329091334184,14.711541958000248],[122.3067787300914,14.680408584098657]]],[[[123.8069630243496,13.944723792480715],[123.81507858560371,13.911507892174336],[123.84161473016005,13.90431984163342],[123.83670082412814,13.929910602738536],[123.83856020052256,13.970845204981092],[123.81643862182298,13.972000113746562],[123.8069630243496,13.944723792480715]]],[[[123.9765381696133,13.280540638071205],[123.94793751471803,13.291037357096815],[123.91806158797988,13.286765562623927],[123.91272850012615,13.272554402067472],[123.94920388165734,13.236243975561004],[123.96778943084952,13.230955496657291],[123.9765381696133,13.280540638071205]]],[[[123.76333070538949,13.40281370236544],[123.80798414376571,13.358842491730112],[123.83937177607645,13.350682325722389],[123.8209512296016,13.385173479249755],[123.79479418971803,13.400637607543594],[123.76333070538949,13.40281370236544]]],[[[121.74069140165561,13.917607978143042],[121.74366567037825,13.890911340147854],[121.79926170053906,13.900846201184185],[121.78736928221927,13.937928095343317],[121.7602980851535,13.94009074625012],[121.74069140165561,13.917607978143042]]],[[[122.08306117739598,14.10954549931933],[122.04340193118476,14.136616762367556],[121.92902151858776,14.232545370137753],[121.91027994336403,14.198116662979324],[121.92392926386634,14.195762271070752],[121.96469879742058,14.133722743769791],[121.99262173857818,14.10692799974796],[122.04060162154404,14.086937883990425],[122.05346618210427,14.067331213146199],[122.07697895652582,14.056187940354201],[122.13403315784525,14.01451764724588],[122.1641098349854,14.000801406933586],[122.19100264627357,14.012635894874553],[122.18283805828604,14.028318554214424],[122.14745505164554,14.066903129180023],[122.12280965064463,14.087722712184334],[122.08306117739598,14.10954549931933]]],[[[122.23339976166189,14.790615232269532],[122.18792590779346,14.811140456876629],[122.21428806235436,14.840204868138931],[122.15145932366447,14.838670966710078],[122.13960262519679,14.829989067816344],[122.0961397438397,14.82949856442414],[122.10759517260348,14.804616852040537],[122.14299152512274,14.795489003122098],[122.18466183760306,14.76701765248576],[122.21578186446048,14.756284634366162],[122.25531185295621,14.727349479470215],[122.25734072788373,14.756079468014423],[122.23339976166189,14.790615232269532]]],[[[123.83922015985715,13.337104388649864],[123.8555047924178,13.323579922661319],[123.85117501784207,13.269312664275525],[123.86694237619173,13.251650153981677],[123.87372024186168,13.226946713948083],[123.88849766929405,13.225867633862165],[123.90869301027271,13.246820978137329],[123.88758802613526,13.270530016758856],[123.90415804361496,13.304178340232841],[123.92140138711164,13.312276064084719],[123.88513105086317,13.346504189306854],[123.85257514808478,13.355605161660623],[123.83922015985715,13.337104388649864]]],[[[123.59458940163782,13.944130735825224],[123.60510848237561,13.91365721790706],[123.62552665353476,13.90769989513708],[123.65260232513405,13.930209429664744],[123.67814853042094,13.942605696998024],[123.66825824082615,13.96502161625616],[123.64285471018141,13.967808530168178],[123.59458940163782,13.944130735825224]]],[[[121.96633532826458,15.052725653181676],[121.96409352561538,15.053709090126686],[121.91214019135028,14.793598732783039],[121.91529199829284,14.788412448135809],[121.93720398274647,14.712456091949173],[121.91499324532958,14.710012561531128],[121.9023962641927,14.687070418055972],[121.91005697555636,14.6500197589071],[121.93781933569524,14.627380899043857],[121.97516434570913,14.641944330075171],[122.01236660159078,14.675820180101795],[122.0272064717192,14.725655044376891],[122.02366597989165,14.783605569853592],[122.01790033526154,14.816277371148617],[121.98185746491555,14.841257267521703],[121.96661181261045,14.869594860112029],[121.96434654697396,14.892590394906946],[121.98993734168106,14.91386478534462],[122.01689258254227,14.91674094550325],[122.02044647844987,14.920633675979957],[122.01135437376102,14.948025931956087],[121.98753390899152,14.958469199944632],[121.9984988107548,14.984630699565047],[122.0285398074444,14.99070846721911],[122.05652065326423,14.955878460382298],[122.04704506165781,15.006029920651942],[121.9923631057912,15.044645799572212],[121.96633532826458,15.052725653181676]]],[[[121.79142262502238,14.110111798922263],[121.77865443428993,14.120428220328817],[121.75135315113175,13.968464038661809],[121.78079207635706,13.943011477747499],[121.78952752544595,13.951492697996214],[121.81562661845668,13.940590213441014],[121.81178289600946,13.916216737023483],[121.81973341764875,13.899624430578278],[121.84515926111018,13.90298656482671],[121.85357805732602,13.887540244849443],[121.8724355641394,13.895522045351456],[121.90265484835847,13.857445823970993],[121.9546524902467,13.848960097925879],[121.97344308024844,13.840371866916794],[121.97824999085522,13.8056087344484],[122.01423497827989,13.802469529291677],[122.02596236882898,13.7911433895183],[122.05435350155268,13.772843233914765],[122.07063369937005,13.781748064899293],[122.09860119276668,13.77609841180498],[122.12200252941652,13.74768944406692],[122.1383138899403,13.712413488948641],[122.15590508678142,13.702893314271916],[122.173393628652,13.669218234852428],[122.20120954263591,13.634107266860541],[122.20810777907695,13.600017403267854],[122.23771617985656,13.59779681291817],[122.25611000979221,13.606911225817507],[122.28563812922826,13.589730242782428],[122.31880045329193,13.589556360326595],[122.3358743630017,13.572665298159942],[122.33109420173493,13.556813183478633],[122.36652181511684,13.542816085663755],[122.39954591302848,13.52122959898292],[122.40434388993332,13.497270838336394],[122.42789295493223,13.465427013296477],[122.65993874147357,13.420998619211117],[122.62262131941564,13.484914685297015],[122.61090730863671,13.49027895732091],[122.59911294741534,13.521880588915193],[122.5810491642377,13.528439946256553],[122.56288272588903,13.554556929466672],[122.57655440445228,13.560456291637989],[122.61031420681195,13.51627102796281],[122.63126305492486,13.511553354399341],[122.63208801892095,13.531565726654572],[122.60027236158903,13.555471027778779],[122.55362570322482,13.580847733888683],[122.54270978638485,13.602081974112238],[122.49759708857529,13.647685186078224],[122.49678996386301,13.670471240464337],[122.47931474798605,13.70094916730918],[122.4818252048021,13.72647305564963],[122.52233168988617,13.733826146729221],[122.50818739834905,13.768883596541308],[122.51331538805374,13.799455198360379],[122.4968568862844,13.843497700074575],[122.47321471173115,13.864575911112937],[122.44803417400497,13.907976343699648],[122.42085151671698,13.92906787352012],[122.44325849687004,13.936300544962533],[122.4968568862844,13.922874189757904],[122.52588559107662,13.937196817038853],[122.53778695584259,13.956906062641572],[122.56307007572849,13.933518058497752],[122.55315301322901,13.923422677840758],[122.565000855304,13.903133725633923],[122.62045426049747,13.886452245289586],[122.64852874287293,13.860272825468376],[122.65133791670728,13.82022120916279],[122.66609757828516,13.810692104599232],[122.68643998580987,13.826205310948154],[122.73507543321632,13.81529391605497],[122.75263087737247,13.801368135032059],[122.74564351998342,13.77610728024739],[122.77194327913591,13.7697129562468],[122.83429044926964,13.735912950012866],[122.86076408990559,13.687861680544264],[122.84072933845702,13.68202474117101],[122.81717635081945,13.645834701997398],[122.8728170488146,13.598951709770445],[122.89356074559858,13.573949535607674],[122.92375331798715,13.554396381794211],[122.9519125460356,13.547970832448266],[122.97355704923848,13.519272002045769],[122.9989472085494,13.52114482181188],[123.03473593133725,13.498546081791218],[123.042097886238,13.506773130852963],[123.0914780093551,13.480375269978154],[123.11517367134769,13.474890592159186],[123.14084469385796,13.453277321346812],[123.15426657133003,13.455694197454124],[123.19094266727076,13.42915357025351],[123.20310267067397,13.394760503356371],[123.20188090732759,13.361629406207726],[123.23384157995035,13.310124846451998],[123.7663174927467,13.20601056165536],[123.76653237017474,13.206929864896292],[123.78624160583644,13.236627476120642],[123.85302558693914,13.22464139958142],[123.86493582817329,13.239240493979128],[123.84361241519791,13.265250380362227],[123.81630042948947,13.259096813747451],[123.81590357267939,13.286952813260193],[123.77973127675708,13.309426712135808],[123.74162386357823,13.325706927993352],[123.73110036155514,13.376219632497929],[123.70069372851275,13.443850812973963],[123.6778542439199,13.478025320592765],[123.644303976861,13.482738634436872],[123.62371630633467,13.492379195946455],[123.60231708631127,13.51491543650602],[123.60134051798182,13.53494574595047],[123.58249639240707,13.5556136736936],[123.5320416385428,13.56438473011249],[123.54762176197544,13.594840413810113],[123.53545285562736,13.624876900311078],[123.56754500635168,13.707633391587638],[123.5943219260628,13.727850893389641],[123.63939000260915,13.718196995442984],[123.65316860897862,13.707936560858359],[123.67752872733287,13.720805526400557],[123.70047969922966,13.710910804201673],[123.75688731779297,13.706415998209987],[123.80561639742659,13.687723442660412],[123.83534968849959,13.696383054712523],[123.86945288411634,13.73789284232029],[123.90203109454674,13.727877689157621],[123.93386907441663,13.734891833006074],[123.97656938323543,13.72429258489683],[123.9672944718729,13.756380253162737],[123.94013406271989,13.769106539033888],[123.94669342085797,13.786983034584733],[123.89833001116895,13.797635901289276],[123.812318408211,13.830316605619634],[123.78853800193322,13.845878896746703],[123.75346271754567,13.871656923659978],[123.73248268821807,13.913750854199845],[123.70683391712839,13.915396295023227],[123.6973048598899,13.882131348333125],[123.67727454203603,13.880954180558284],[123.65173279328114,13.890643787527473],[123.61032113318952,13.89335940935954],[123.59259177123157,13.909175789468494],[123.55185785216821,13.932581643441125],[123.53265248425242,13.918044941457529],[123.51767888221842,13.929000944776924],[123.49928061547642,13.923881963453526],[123.46759873345219,13.95961273724726],[123.44254298967509,13.949722402973208],[123.4446343552248,13.920947856893905],[123.41459779605071,13.93180576094404],[123.4113471439961,13.987281399497588],[123.40171099361717,13.98967149194424],[123.38635389609382,14.035591306820956],[123.35075244393158,14.005545897111038],[123.34555753899247,14.029518038384643],[123.35843542123541,14.048495961115558],[123.34098701081155,14.071429119591706],[123.30872541180332,14.071946399138632],[123.30786036521192,14.054471144613418],[123.27574145172407,14.072004316225097],[123.27554523195928,14.04784941305808],[123.25791836865066,14.026838121742134],[123.25250953579953,14.00065872960389],[123.23252824876516,14.004511430141052],[123.2321938410334,13.965632500155925],[123.2493657937635,13.96456676736398],[123.2937472547356,13.92368572424497],[123.28362067589543,13.89616861051532],[123.30332985842979,13.861944982696352],[123.32127332896674,13.815311710537118],[123.31279656904543,13.789154616635455],[123.2896181534732,13.775781800119997],[123.26772396655072,13.745830051323534],[123.20614826609959,13.727489699560266],[123.16011243724832,13.734780386423472],[123.12853314589815,13.7288274642526],[123.05213091346195,13.765106746590199],[123.04389940381098,13.795085271623268],[123.06878113122731,13.875875215784127],[123.09287369575337,13.886264921191406],[123.09262843478568,13.914794277539523],[123.08097238546412,13.958141214237054],[123.08812915719061,13.96912843490827],[123.07699039604653,13.989921187687449],[123.0539947688584,13.999075788221397],[123.03280514333686,14.031912562133908],[123.03381288913896,14.06940469228691],[123.04917003972061,14.075263956463704],[123.04280243595784,14.1038378515985],[123.03077622074113,14.102553646165157],[122.98504816754225,14.130512239424556],[122.93789758978312,14.188373533549093],[122.91306485555006,14.191695566053921],[122.90204643810718,14.217393316020349],[122.86448746676584,14.268730978845596],[122.84525087781441,14.281751526196748],[122.80748677349214,14.275580155104656],[122.78933823241003,14.309977649389452],[122.74511726942055,14.324313704590228],[122.73533854168488,14.308969868112897],[122.71389021835914,14.308880724875793],[122.70983247498012,14.336509269884376],[122.68158848655268,14.343826702599605],[122.66290490240365,14.335211717720483],[122.67474376271137,14.307302214637224],[122.66618232297995,14.295628235736778],[122.63625283917632,14.297202314636372],[122.61781441654581,14.28788725081932],[122.54477878498498,14.335033343412805],[122.50758990934509,14.346528881099337],[122.48484850301581,14.327345863503147],[122.47382561236675,14.335688841402261],[122.43032710181008,14.314534850766],[122.41829638935566,14.315997452660781],[122.40634156354287,14.286393467490432],[122.37586362657677,14.272302680865566],[122.35685890420088,14.24641320623332],[122.38051001672157,14.217304131247145],[122.35529375763878,14.217901654053147],[122.3304610223942,14.201015081858497],[122.33281097136172,14.15476530700702],[122.35061616498241,14.136960093480477],[122.34631315033022,14.12203100545132],[122.30863819631074,14.128211342677801],[122.30729604473709,14.141561881448663],[122.2643726850752,14.131203365449403],[122.27111038652852,14.161070438798118],[122.26059583086644,14.180217823022236],[122.27332215523673,14.226155485516118],[122.2710479935449,14.242729979398058],[122.24865884229105,14.241690965520494],[122.24111851602252,14.194576135288639],[122.21447092500804,14.190108059358845],[122.18251700132686,14.160361413519967],[122.18123726758431,14.139898592958188],[122.16330718086579,14.133999244164817],[122.18673526851869,14.107204488547657],[122.197472801706,14.085528775235916],[122.22123090950365,14.078510146000012],[122.24890855298293,14.054676310747778],[122.26325351572459,14.050694307403077],[122.2934416094858,14.012582379061337],[122.30313124424819,13.973422536626305],[122.27953362283147,13.961811078348829],[122.26051110303591,13.971340172168183],[122.21227256966992,13.9789429354062],[122.19164479507685,13.998139309757992],[122.17931538649474,13.989662569425532],[122.19642047760038,13.96245758415499],[122.21846178999292,13.94440268663067],[122.2436066843467,13.935765417360246],[122.2390137634114,13.908413320257278],[122.20532974775503,13.904899525650828],[122.1693893931028,13.922330142074271],[122.13852798706849,13.916029426568823],[122.09971592520688,13.924724733249672],[122.09104747520686,13.93350465301501],[122.05623520527105,13.942400607786256],[122.00499574800456,13.963786421229548],[121.98834992460114,13.979959602287076],[121.97257358620784,13.978184846889734],[121.92179777047936,14.002308626645403],[121.90254344363603,14.016417198186877],[121.84504779849281,14.076673007320075],[121.79142262502238,14.110111798922263]]]]},"properties":{"id":"S1A_IW_GRDH_1SDV_20260108T213845_20260108T213914_062681_07DBE7_2648","acquisition_date":"2026-01-08","acquisition_datetime_utc":"2026-01-08T21:38:45","image_id":"S1A_IW_GRDH_1SDV_20260108T213845_20260108T213914_062681_07DBE7_2648","instrument_mode":"IW","orbit_number_start":62681,"orbit_number_stop":62681,"orbit_pass":"DESCENDING","pass_hour":"6 AM","platform_number":"A","polarisations":["VV","VH"],"product_type":null,"relative_orbit_start":134,"relative_orbit_stop":134,"resolution_meters":10,"satellite":"Sentinel-1A","slice_number":1,"system_index":"S1A_IW_GRDH_1SDV_20260108T213845_20260108T213914_062681_07DBE7_2648","total_slices":17,"TileNumber":"C1"}},
{"type":"Feature","geometry":{"type":"MultiPolygon","coordinates":[[[[121.9127725850945,12.064396648166893],[121.92019695292987,12.048018353014022],[121.95053230028172,12.032246554577045],[121.96504219495615,12.03679037497454],[121.95123237547912,12.09486125283306],[121.91869430417289,12.083940912547531],[121.9127725850945,12.064396648166893]]],[[[121.5170139609734,12.72866894949514],[121.50923599410939,12.734289833708354],[121.46782135468547,12.524388926958693],[121.48988931851206,12.536976681680105],[121.50749823067062,12.556039286231965],[121.51857025920108,12.583868535185667],[121.55847029788399,12.617838019839134],[121.54869146965034,12.645488882983177],[121.54736266763193,12.678637805231865],[121.5170139609734,12.72866894949514]]],[[[122.01933171325268,12.799715801631343],[122.04013791710271,12.786503458533831],[122.05935662333135,12.7878011143338],[122.07446404579396,12.809142328854826],[122.07102158650831,12.827571796657562],[122.04427146856192,12.820785061083052],[122.01933171325268,12.799715801631343]]],[[[122.03237909528679,12.952961693613291],[122.05178950750934,12.938148610675572],[122.06009684035361,12.907956048490322],[122.08570097701742,12.915438367315557],[122.09269727926846,12.962365975402014],[122.04556461831133,12.963953410698917],[122.03237909528679,12.952961693613291]]],[[[121.68234854608356,12.93399719904991],[121.70149150168837,12.901713284303305],[121.72120070339791,12.903951757746166],[121.73535832048539,12.932909114421497],[121.70329292691544,12.953960590416232],[121.68234854608356,12.93399719904991]]],[[[123.85061768516164,12.720785273521539],[123.860031574737,12.69587531550856],[123.89477376783205,12.864810299803745],[123.89045075393352,12.86929114120535],[123.87714926065748,12.875422431126692],[123.855085620509,12.852181584400599],[123.83197857794418,12.839767438016008],[123.84496351541371,12.80441121872848],[123.85061768516164,12.720785273521539]]],[[[122.24443608975608,12.571458867398388],[122.26161255958006,12.539143770668616],[122.25103111354724,12.529989233926608],[122.278664167257,12.481273548518693],[122.3131017338107,12.485924438995454],[122.32797289621985,12.508866453058413],[122.32346474843513,12.542960787021597],[122.30690805898922,12.557091623089002],[122.30861587771889,12.571356285766301],[122.2900794457659,12.612429058000624],[122.24443608975608,12.571458867398388]]],[[[122.42288931756686,12.438127324293447],[122.43026022320515,12.415751519260775],[122.45680076473647,12.39096785644924],[122.49304880265801,12.383614771190473],[122.5186975499058,12.371535043191106],[122.54853785076428,12.347826047344595],[122.55700567165188,12.315774047233445],[122.59974614099566,12.30192407261738],[122.63426854475699,12.284662858040697],[122.66905394568806,12.308380857878785],[122.68586033488482,12.337048391736356],[122.68401422179932,12.376426743413738],[122.69773041426427,12.398896110417407],[122.66980757169334,12.46123884315805],[122.65239922639445,12.48529567173637],[122.63326077415125,12.49486045274585],[122.59835043571502,12.491627591960865],[122.5340279323662,12.505152074175752],[122.51970082523023,12.496719894296971],[122.48296226607373,12.500853469986668],[122.44959042508945,12.481483142809862],[122.43121889887391,12.462710286369079],[122.42288931756686,12.438127324293447]]],[[[122.65978817924123,13.42130000971969],[122.42781754427313,13.46571524367826],[122.45826782424541,13.431378679553195],[122.48539698298887,13.410733028933553],[122.49550573586232,13.370168637731576],[122.51904978948346,13.338731973173774],[122.52213994998044,13.306033352957247],[122.5140288815289,13.28513795939417],[122.51503660502621,13.25636339074485],[122.50298368938465,13.242165644550813],[122.54177785610221,13.212008776471697],[122.56340896147293,13.17827115877087],[122.59638844540477,13.159654421867089],[122.62299148985143,13.170070906788322],[122.65936881586245,13.205971094937984],[122.6989120721182,13.219981607622238],[122.69145199788277,13.264911532210013],[122.68160184713079,13.267047426925917],[122.67553751722474,13.3467181825286],[122.67757980348162,13.37018198335289],[122.65978817924123,13.42130000971969]]],[[[123.61695184842098,12.69561359571162],[123.59941860612503,12.679181873265547],[123.60975484793691,12.658821603735765],[123.58116754806024,12.634470437798404],[123.60990196971863,12.601499874824365],[123.63641131062951,12.541979749155733],[123.68251843557404,12.486347980543375],[123.68231332352228,12.466090350139051],[123.71687135653357,12.433966978212606],[123.72689100401627,12.407154345167294],[123.74569050829291,12.3915341769883],[123.78668307736818,12.340370430423329],[123.79303279130438,12.377599489505844],[123.7929391343217,12.409687139681012],[123.77438483995415,12.448102342053552],[123.76881987598506,12.498806717040955],[123.74051794158774,12.568859206371755],[123.72485311565201,12.616906043006162],[123.6888191842115,12.644672828766705],[123.65938018176698,12.65279730566261],[123.61695184842098,12.69561359571162]]],[[[121.97244871518981,13.525140203472288],[121.94261739075289,13.531244716802327],[121.90242743672836,13.532319392471013],[121.86636222624284,13.570886116596473],[121.856231206568,13.565860704184663],[121.86319188154872,13.537759473233411],[121.8437590635781,13.49365003793362],[121.8130893819984,13.457629444877629],[121.82584241372217,13.405114545120673],[121.82415244580719,13.375510604796684],[121.822328634972,13.340230168084112],[121.84224746983145,13.32658092135907],[121.86840011435645,13.28275684223108],[121.91794071480597,13.263288404906696],[121.947187917177,13.250691420567154],[121.98036806759846,13.208900741417517],[122.02281874275378,13.197213480967122],[122.03623169033234,13.203367010607899],[122.0568461601764,13.249309103345416],[122.04611310965771,13.265468941354847],[122.07446855394214,13.306077896200778],[122.12064252430419,13.336707510354733],[122.12777703097089,13.358998525650609],[122.15061213192244,13.367635801427856],[122.14364704324697,13.386774283892466],[122.12674698817162,13.388923593669627],[122.10196780400057,13.419183053577772],[122.1179715124796,13.424404632515492],[122.12793759787446,13.44460886621804],[122.12212289606344,13.458672861146434],[122.09263044851984,13.485271392555536],[122.05499117393258,13.476232794035583],[122.0531763037721,13.49465333185436],[122.0305329721318,13.530419739403172],[121.99829814476077,13.523191607438662],[121.97244871518981,13.525140203472288]]],[[[122.93077196254504,13.109239809896737],[122.95171189793916,13.084683587869858],[122.94656162041959,13.053880112218112],[122.98586862253748,13.00961463941389],[123.01799202432208,13.006604676666827],[123.02493927231876,12.995501557897587],[123.0509715146845,12.993454856272805],[123.06463421000392,13.001400938110335],[123.07417219528635,12.959891134593827],[123.08585505968034,12.955195708049756],[123.10954177209611,12.925078945193668],[123.15239826070362,12.889508684890469],[123.17600918016257,12.880104485272856],[123.19657899102992,12.844712562376003],[123.24298037677252,12.841551115287556],[123.28468188337476,12.809655114874406],[123.30667863347355,12.778842751643317],[123.31535164031403,12.751833989007137],[123.36009868154447,12.69848525644429],[123.3802181938138,12.694159982926985],[123.372544057113,12.725997941274741],[123.36366147899744,12.729070260073664],[123.28595718478415,12.822992317753723],[123.27648159939265,12.892135099958812],[123.23021848891855,12.91210297029794],[123.2196280749113,12.908049660052798],[123.18028993191257,12.915746088200988],[123.15789627889096,12.95898152158959],[123.14230283181293,12.973379919237471],[123.13273805136683,13.008905640702752],[123.11310463935038,13.032908935621808],[123.09987449341493,13.035646798555394],[123.09142890500895,13.065638787106861],[123.0446930918243,13.120329642163767],[123.03452187839261,13.14043568136521],[123.012413703404,13.134857363561565],[122.99358290672349,13.158477198299629],[122.97361059530695,13.156100510699309],[122.94834973590585,13.137189525488608],[122.93077196254504,13.109239809896737]]],[[[121.92160165226326,12.30264194236063],[121.94638079566505,12.295404859318676],[121.98158101903311,12.261881303305163],[122.01331194052214,12.239643761706615],[122.0155860812161,12.223519717730124],[121.99611768935753,12.210021961259226],[121.98645030373923,12.19141412758454],[121.96946114017517,12.211970599939601],[121.96024867774298,12.190138881264422],[121.96970195069376,12.153266510423231],[122.0028018061123,12.125959036233183],[122.01687029009337,12.136491398917535],[122.0479189924585,12.179178376338022],[122.04273305822304,12.226395836871859],[122.05757746330703,12.25073357396858],[122.09689331823724,12.361065092790117],[122.08927273542903,12.385269128197276],[122.10080845760393,12.400184795770915],[122.1091291102034,12.482789678772045],[122.11654013425095,12.516598583651367],[122.13913882437366,12.543888288566322],[122.13221831184468,12.566018791208347],[122.1360709998613,12.589482584360809],[122.12143622377367,12.617869170487898],[122.13018048371686,12.635090272945472],[122.1613407136046,12.634483795412992],[122.15840216364371,12.657978789449341],[122.12259560899113,12.670348338446535],[122.11551007096055,12.655414816258562],[122.08216941130591,12.639455675432558],[122.07343843721304,12.624990423252758],[122.03428754403828,12.619866876777746],[121.99881538164968,12.594235981219365],[121.99239433957185,12.568712095137407],[122.0065921188383,12.547473401615916],[122.01384706222551,12.488506190448012],[122.00406820783962,12.443888478501481],[121.97698363733008,12.402102214831686],[121.95288221270374,12.40588356770807],[121.94135097315853,12.387512041226364],[121.93763652701115,12.337338221096463],[121.92160165226326,12.30264194236063]]],[[[123.76593932288603,13.204392632365185],[123.6526389395204,13.2286238364],[123.23370624679785,13.310431279705924],[123.23860156570626,13.287898218069772],[123.26025943763017,13.266539050736624],[123.29158904442045,13.250383765480763],[123.31226149530093,13.22396356673684],[123.3270121564287,13.193913722089956],[123.30322286772542,13.184455966219128],[123.3091757914548,13.167600522609037],[123.28952005765962,13.149130973061729],[123.2870408136892,13.107032556948381],[123.29506715590527,13.08578500453469],[123.28952005765962,13.068800229840306],[123.30557278128286,13.02584570662598],[123.31809841019262,13.009623538057856],[123.35809211553179,13.021694296471868],[123.36974370736023,13.038621095485972],[123.40149697337466,13.046620672558502],[123.4501279709953,13.027754196790069],[123.46466013783497,13.001837938072134],[123.49170902573073,12.983858859657005],[123.53185884553369,12.938817430103489],[123.55682533454821,12.948475870912937],[123.60021236233983,12.900857147750205],[123.63482832734289,12.89176501414014],[123.65291000502344,12.8694739580356],[123.66156064673704,12.89080634528297],[123.65368590010299,12.901936232352876],[123.67974938504086,12.926764468234284],[123.71301873794172,12.878311945235998],[123.72471043792353,12.874735724773661],[123.73055185958295,12.84935448675756],[123.76397730426048,12.862589118061052],[123.76370084862782,12.880318510037597],[123.79567704945767,12.866169780972534],[123.83973744271188,12.906903684508876],[123.88250909830217,12.93659686815872],[123.8836684980181,12.977790023816617],[123.91130153627506,12.97842767874241],[123.91849074415306,12.980124478155082],[123.9447001810909,13.113061266302505],[123.93435068449863,13.125466493569895],[123.91042309905791,13.126652628517498],[123.9030834246553,13.142616223943032],[123.86522569207241,13.13704234817359],[123.85722157195875,13.113654352815612],[123.8440761847209,13.113333294062219],[123.83863157993403,13.08714943717316],[123.80564315292263,13.052515594989696],[123.78751240750762,13.046955129396089],[123.75554516639151,13.064323349672552],[123.7736223045902,13.08738130375867],[123.78685693816841,13.117854808640516],[123.78086392231747,13.12557798705668],[123.7799542442693,13.131281191265746],[123.775147369072,13.130086175117887],[123.77121890500494,13.126995951912216],[123.76385693576638,13.130317972069454],[123.75459090826797,13.152720548691637],[123.75530432221336,13.175729516453364],[123.76593932288603,13.204392632365185]]],[[[123.51513713980195,12.46751725476642],[123.47115258342134,12.495560529625802],[123.44537902429789,12.519978541677833],[123.4028079575417,12.525895804526785],[123.37506793163494,12.51440910130415],[123.36653314329234,12.50274859030735],[123.34512950533771,12.440548589465887],[123.3269719912149,12.450612761504127],[123.32504121515939,12.47066092734264],[123.35608550778107,12.48718629935128],[123.34420202122375,12.545770023374407],[123.31566820373413,12.577795294957241],[123.28124392661216,12.578098509545141],[123.24141522191472,12.604456216904898],[123.23325955273174,12.582428293790542],[123.24707828910468,12.52728701010421],[123.24846507753887,12.47225277799166],[123.26896804184827,12.459874369563225],[123.28408882181633,12.42106232295912],[123.27303478360362,12.388238881179795],[123.26010783590118,12.382134382460599],[123.26821001301685,12.344998961957284],[123.23610002213401,12.284729774517048],[123.22647727174243,12.280899427474505],[123.21581108802437,12.236326210721693],[123.22313739348581,12.218766247002383],[123.25192090610973,12.246604419181057],[123.27797541579717,12.230493714179122],[123.29321216149698,12.233120094250863],[123.2936625275527,12.204336603085572],[123.26384896161449,12.191708423210313],[123.27993746084708,12.159103536122968],[123.21703293444975,12.132023413424674],[123.20403458938733,12.08769989344759],[123.20375813595876,12.056388092076354],[123.18771426699834,12.037646489259314],[123.19220907605795,12.01826725953673],[123.16786237836672,11.984627825866507],[123.14482221739804,11.939925314131042],[123.16699282124999,11.907739515168718],[123.21671184864783,11.957048281586598],[123.23383475103762,11.963117096661358],[123.26551667489628,12.006125123581546],[123.29815733521471,12.024028438974685],[123.31915076127727,12.070349537267614],[123.33570295113797,12.091842411664807],[123.35585811585815,12.09718442922919],[123.4093628667704,12.168989319039305],[123.42250830283884,12.19902581240253],[123.45773518605604,12.212973872293077],[123.47946884007071,12.211613857149173],[123.53537705783077,12.211306235911268],[123.59414796405176,12.145119760704317],[123.61440124096251,12.089198180378782],[123.60304839582226,12.076190960921581],[123.64615447163939,12.06125743802095],[123.65164812700972,12.04922679170973],[123.70580384162902,12.017130221133582],[123.71746231640263,12.00222905929964],[123.7646003704355,12.231644077020555],[123.76275553977526,12.234110042898912],[123.7124613446313,12.30093858488007],[123.69965923489667,12.33146113107662],[123.67130384801398,12.34948039786485],[123.6429885499854,12.351375446795362],[123.63899316211105,12.372368922318294],[123.61701870136302,12.375579509790922],[123.59200317488738,12.354648463653156],[123.59636862443327,12.394664462519442],[123.56786159152199,12.423033264073897],[123.55747190319012,12.46250072883117],[123.52578554234964,12.455441979154244],[123.51513713980195,12.46751725476642]]]]},"properties":{"id":"S1A_IW_GRDH_1SDV_20260108T213914_20260108T213939_062681_07DBE7_2B52","acquisition_date":"2026-01-08","acquisition_datetime_utc":"2026-01-08T21:39:14","image_id":"S1A_IW_GRDH_1SDV_20260108T213914_20260108T213939_062681_07DBE7_2B52","instrument_mode":"IW","orbit_number_start":62681,"orbit_number_stop":62681,"orbit_pass":"DESCENDING","pass_hour":"6 AM","platform_number":"A","polarisations":["VV","VH"],"product_type":null,"relative_orbit_start":134,"relative_orbit_stop":134,"resolution_meters":10,"satellite":"Sentinel-1A","slice_number":2,"system_index":"S1A_IW_GRDH_1SDV_20260108T213914_20260108T213939_062681_07DBE7_2B52","total_slices":17,"TileNumber":"C2"}},
{"type":"Feature","geometry":{"type":"MultiPolygon","coordinates":[[[[123.35196531590366,11.637901444072952],[123.3395065818603,11.626963273134278],[123.34729217326195,11.610085618290379],[123.35832395403119,11.642449786626978],[123.35484143796187,11.644322549983118],[123.35317817263491,11.640603718276493],[123.35196531590366,11.637901444072952]]],[[[122.68528059448563,10.451811795833782],[122.72878363040981,10.457729007950736],[122.70173468904554,10.481161631451238],[122.68890585745007,10.47365253047861],[122.68528059448563,10.451811795833782]]],[[[123.15795873315417,11.209520093071674],[123.17250880683588,11.193052673807268],[123.18919915223988,11.210180070583064],[123.16504866369623,11.220511823480205],[123.15795873315417,11.209520093071674]]],[[[121.53984016376035,11.950029595864054],[121.54869146965034,11.937111648869042],[121.540442107715,11.90697255848168],[121.55560308154837,11.891967712098317],[121.58248252990781,11.899035364178632],[121.58836408979826,11.916974334387792],[121.58258058161576,11.938632209744366],[121.56044122240414,11.966318721298325],[121.53984016376035,11.950029595864054]]],[[[121.39402754704663,12.095632695951668],[121.38212621447843,12.067888104670944],[121.38017308664226,12.059745819332182],[121.37001969571878,12.02044776947305],[121.38918494095832,11.989742400073464],[121.4233461233508,12.017758914227375],[121.39402754704663,12.095632695951668]]],[[[123.24495581317271,11.462489347819158],[123.25047168601934,11.425376264600336],[123.27321755548132,11.439449156824253],[123.27430561086284,11.457401546669253],[123.24495581317271,11.462489347819158]]],[[[121.41555162434678,11.84165121584455],[121.43937655206756,11.844821644752734],[121.48465879485356,11.829063150996364],[121.51667955710867,11.830828975384655],[121.53353942377456,11.84943229182897],[121.51207778908027,11.866755905998886],[121.42986085918145,11.871549435789216],[121.41555162434678,11.84165121584455]]],[[[123.10701796436962,11.134428871950817],[123.11998058925927,11.095647998904822],[123.13741119723616,11.117832035817422],[123.13651494179037,11.150303225913694],[123.10701796436962,11.134428871950817]]],[[[123.18121297639568,11.483295547377425],[123.20973335174178,11.462105875480972],[123.23526167394563,11.473628177210117],[123.23766517662268,11.50836908314623],[123.20030231640538,11.505929913230403],[123.18121297639568,11.483295547377425]]],[[[123.14835377881872,11.25979201342084],[123.16282807021895,11.263122944940694],[123.18541785629564,11.288718219234005],[123.16928932058875,11.311415024612689],[123.15718285621901,11.312668036231981],[123.14835377881872,11.25979201342084]]],[[[122.47444989678515,10.487894856803416],[122.50055793152363,10.462192581738472],[122.50919966813808,10.42876716494533],[122.52256806214253,10.408888521670244],[122.54070323869465,10.409240759886375],[122.55589090872559,10.423875540949568],[122.61549571063472,10.440757703353016],[122.64555453909962,10.453912075319206],[122.64637050714326,10.473474159930502],[122.66754236661617,10.477246506249985],[122.6837778741699,10.50706005115407],[122.68489271995149,10.535134574736032],[122.70012051883276,10.553216253178396],[122.71035864901563,10.589977050983698],[122.72776248648687,10.620013567189064],[122.71824679845778,10.659668339136209],[122.72151977685,10.695787032379837],[122.7089228234686,10.724646342661076],[122.65981472381814,10.757893401109039],[122.6511016662481,10.743218536452455],[122.61795267646036,10.725020965557865],[122.60977018211354,10.6815625294685],[122.59158152811442,10.674312018060858],[122.55085210327792,10.631295119940669],[122.52681757760926,10.617864277130495],[122.5112597500928,10.582508072594662],[122.51486272334414,10.562232496852728],[122.53618609873922,10.551280981976475],[122.51843449177663,10.537118870253106],[122.51645018152409,10.515496684239068],[122.47942175540987,10.504210748300173],[122.47444989678515,10.487894856803416]]],[[[123.2180808071246,10.997449696851275],[123.18932402085133,11.00206039163645],[123.16001884368085,10.97859665387002],[123.1289924239194,10.971256939434818],[123.07079218891907,10.914180429147159],[123.03894981141258,10.920650586607206],[122.99723931123029,10.91683364323287],[122.98618521821838,10.900575722147842],[122.9528445141993,10.894159125207462],[122.96038040543284,10.876144342707736],[122.94480923795439,10.848176853685855],[122.96568228435763,10.805431885936667],[122.96100026186677,10.77139558307785],[122.96470573859933,10.73937028733539],[122.94740440030981,10.725921700738553],[122.95041876545889,10.694364595086876],[122.93438827764157,10.667320155524228],[122.9198070869569,10.612415224293988],[122.8992684429474,10.60267212600745],[122.88509291802693,10.5712443710103],[122.84818053168378,10.547343624427674],[122.82170238690202,10.550759292116776],[122.79572367122636,10.526314474155056],[122.81211086536261,10.509164733663516],[122.82302669988192,10.474330256157074],[122.8272004318941,10.440236019459556],[122.86174061521515,10.394414250542518],[122.86802795883541,10.36375349990314],[122.85090055952968,10.307029270081346],[122.84611186115346,10.242641778647991],[123.28502336737502,10.154359208425504],[123.2854755966136,10.167499544199007],[123.30848908585006,10.224143491753495],[123.33014687573825,10.25755111719407],[123.33341097278169,10.28375720738786],[123.32742237162319,10.34181473884375],[123.34153545478588,10.38863970300753],[123.35642436869595,10.415666349369898],[123.35917117004229,10.437047765867474],[123.40016372178772,10.47234595120318],[123.40332913405342,10.472941998294315],[123.49666759716258,10.92892673553703],[123.4613559377741,10.929399348897963],[123.3910403789252,10.959297676003198],[123.35027528773557,10.951842056473447],[123.31815194016912,10.953282315231903],[123.25885036372655,10.988567160313293],[123.2180808071246,10.997449696851275]]],[[[121.84863287708745,11.766724878309185],[121.86916255386133,11.760660564468917],[121.90209304787122,11.761686127824035],[121.9215079772595,11.770590937526118],[121.98986602293381,11.75350816648464],[122.01339668926306,11.740286891409319],[122.02649751521709,11.744835211902364],[122.0551918223142,11.737571269214694],[122.07016544128004,11.744411545945843],[122.09803935841268,11.70951910242505],[122.0941777734753,11.680298625724403],[122.1013033655169,11.653329980923258],[122.08786810979413,11.569819913733038],[122.07747839461284,11.541089953881968],[122.08483142448195,11.514807990785169],[122.07584188321317,11.484000104871841],[122.05290879645932,11.469824566930594],[122.06149254801505,11.458275503356361],[122.05108496002137,11.42540300395432],[122.06278124446274,11.375853450526169],[122.05750159322048,11.339271009305016],[122.03481371669008,11.321412353986569],[122.02886080126947,11.292660030331731],[122.05367125559974,11.260090770695099],[122.0542598534039,11.233612610441591],[122.03547812853402,11.202617396866605],[122.03925941421451,11.157937217030206],[122.0367890746726,11.122264406688926],[122.05248962808564,11.033795834936257],[122.03531759812303,10.991973970679307],[121.99062406422242,10.935071333623082],[121.95980719672873,10.854169847191402],[121.94586799831765,10.799666311608895],[121.92735387407664,10.762223219969526],[121.93450182294457,10.74769102400173],[121.9667589061639,10.725462366680565],[121.97963676740264,10.68719880850536],[121.97966800481505,10.633792201323775],[121.96523389657501,10.566870000839224],[121.9427511492919,10.525302272171317],[121.9215079772595,10.503978823358166],[121.92471406531182,10.487854718688393],[121.91596086859957,10.448993639783835],[121.92961017978126,10.430983364957678],[121.96500524273038,10.417923483891464],[122.01007018673754,10.44331277548061],[122.03199558021564,10.463931672805739],[122.03740889797295,10.48047938343986],[122.06564392882235,10.504522813748942],[122.09641173851622,10.576662168656853],[122.14225126830124,10.584965054592695],[122.21015893703563,10.637114206547867],[122.2408509554893,10.635348426978233],[122.2763141442002,10.657033029006147],[122.31329350972699,10.65545446835129],[122.3473209298029,10.670463822992119],[122.40432608580132,10.673139261020987],[122.44022181394868,10.686512158865547],[122.47630484937909,10.689526466887662],[122.50299258306421,10.679698664893232],[122.52741953149467,10.68069745842749],[122.55284084850659,10.692282188739892],[122.58260981222193,10.690944464974597],[122.60003599398213,10.725364323069643],[122.58807223979206,10.747539378011407],[122.59770834801485,10.76358766361857],[122.6271116591992,10.784483070535977],[122.64382885271203,10.779078624287953],[122.67046300284976,10.786364826917593],[122.6786900619045,10.7994344365791],[122.71743967456649,10.781910150410535],[122.73235539979814,10.785258898293803],[122.78260053886163,10.851668307492886],[122.78755900329534,10.895371958148791],[122.778489211891,10.931579877957622],[122.75975212022999,10.949202224401029],[122.77709800718263,10.966347462325146],[122.78189149043135,10.985882797828918],[122.81295804312116,10.999474116809585],[122.83881193259461,11.000669186888626],[122.87513128248344,11.030794877653706],[122.90696042342803,11.019736289598768],[122.91937453137857,11.061081085703947],[122.94100114134723,11.05677807045459],[122.97831935686416,11.062017504366285],[123.01165111669305,11.095367140135128],[123.01924948737867,11.144573313873174],[123.02921112172521,11.167747244760863],[123.054159742805,11.168928942358217],[123.09484906735435,11.15686255522442],[123.11398308421704,11.159698560528538],[123.12767250872369,11.181681927838662],[123.11625722015775,11.211477640824791],[123.09214237502322,11.226411142543133],[123.09790797817531,11.248693282265432],[123.09677091979557,11.28116450330033],[123.10887743773273,11.308463115147546],[123.09810421084178,11.331574628360002],[123.109153900936,11.342766985775107],[123.13271127838964,11.343030073117008],[123.15064136255208,11.396757781095815],[123.12911282099833,11.41650264141073],[123.15644266184913,11.449892420780502],[123.16713556056169,11.474207881900549],[123.13498541088423,11.508779260970101],[123.16201654511481,11.560357732956174],[123.13822275400129,11.590255961190964],[123.1280381667375,11.572152009285626],[123.06862511176442,11.524974754888099],[123.04196862233636,11.51782237267633],[123.0079411984327,11.492534797724971],[122.94003355410513,11.480076093130764],[122.91536577894927,11.48199346507862],[122.91842470845813,11.456710382805099],[122.85961812982372,11.45909149777658],[122.88902141666871,11.48830753046146],[122.90928806201401,11.501060560899976],[122.89362319424231,11.537504857344288],[122.87792267702889,11.544474406846232],[122.83342090011996,11.598349288089308],[122.82687489921288,11.614281643926493],[122.79810484793074,11.605015640398456],[122.72617948642946,11.610174809596598],[122.71204418009623,11.589087673541684],[122.65815592263252,11.557673329012802],[122.6345806360148,11.520533477903744],[122.62148423583703,11.514861482394243],[122.58321178740678,11.51487487846561],[122.58672115445327,11.554222016930423],[122.57166277814878,11.571585758901202],[122.49784232475935,11.598741627725767],[122.49138551271956,11.61489699791834],[122.46276700670083,11.628880741189882],[122.41307930512721,11.676824960333864],[122.37444114896981,11.741276794208268],[122.31138057918098,11.740469708360093],[122.28063946868158,11.757895926383524],[122.26019902017003,11.78033857137045],[122.22429872695669,11.795481640417785],[122.21787322165412,11.817616654344201],[122.20195865900372,11.811249012044367],[122.16979961994163,11.827292901518208],[122.1071938959991,11.826436726469728],[122.09741953437846,11.83592127299083],[122.051727073947,11.857766350620187],[122.02359910668359,11.892422525794991],[121.95250761876835,11.93945711476625],[121.9456628960681,11.920604047078019],[121.91780249831665,11.905750736766336],[121.88905465292989,11.90332948862022],[121.88310172859892,11.871808122711359],[121.89026748275417,11.85290594100518],[121.88008741028709,11.812189905940423],[121.84863287708745,11.766724878309185]]]]},"properties":{"id":"S1A_IW_GRDH_1SDV_20260108T213939_20260108T214004_062681_07DBE7_374F","acquisition_date":"2026-01-08","acquisition_datetime_utc":"2026-01-08T21:39:39","image_id":"S1A_IW_GRDH_1SDV_20260108T213939_20260108T214004_062681_07DBE7_374F","instrument_mode":"IW","orbit_number_start":62681,"orbit_number_stop":62681,"orbit_pass":"DESCENDING","pass_hour":"6 AM","platform_number":"A","polarisations":["VV","VH"],"product_type":null,"relative_orbit_start":134,"relative_orbit_stop":134,"resolution_meters":10,"satellite":"Sentinel-1A","slice_number":3,"system_index":"S1A_IW_GRDH_1SDV_20260108T213939_20260108T214004_062681_07DBE7_374F","total_slices":17,"TileNumber":"C3"}},
{"type":"Feature","geometry":{"type":"Polygon","coordinates":[[[123.28424047182278,10.131608213750749],[123.28503305062793,10.154640584117141],[122.84612174725407,10.2429326626465],[122.8477480122752,10.189906491215819],[122.86551747377716,10.143286578374823],[122.86354211567276,10.091980184116965],[122.82850694186085,10.061167840500794],[122.78677421410733,10.066068396870953],[122.74855081367959,10.044245502807337],[122.69669146451636,9.99074966023862],[122.65366564447238,9.975619978057013],[122.61305214200405,9.97450516693722],[122.50801799502298,9.986205889715265],[122.451574711024,9.975726954460633],[122.44341902010856,9.926529711231117],[122.42816890598874,9.895784203478932],[122.4104528627641,9.878630064299589],[122.39917131711054,9.852232203901142],[122.3854507148809,9.84563713627977],[122.3992382155103,9.821170107462427],[122.39328979620944,9.792440051097731],[122.40215447765578,9.760405917401748],[122.38266824009922,9.714040184583565],[122.39600534924243,9.694406765525956],[122.41089430947753,9.705826498888651],[122.41693195284311,9.664838470814844],[122.43739473753828,9.675303969499389],[122.46273582363132,9.650306239638482],[122.44664740296993,9.632229059136998],[122.4689651697652,9.603338499238863],[122.4872652995273,9.564348140648057],[122.52052132648652,9.54643146105013],[122.54060509838192,9.494086061896134],[122.57118119630044,9.457548213128845],[122.61012245719414,9.423712568822136],[122.62584525916812,9.422463973795283],[122.67446282662156,9.383955191445624],[122.72927860410667,9.376682450640375],[122.80950231224325,9.360709911118214],[122.87333876478434,9.321371696415811],[122.88017459447026,9.273017200357586],[122.87465861496733,9.245455531804295],[122.88761676462609,9.214308718259147],[122.90770058807672,9.143779114821646],[122.93285442499943,9.103343947469602],[122.94027876192209,9.077298368811958],[122.96820616522818,9.069035656670964],[122.9833581653831,9.054886915454285],[123.01883480209877,9.036671507809425],[123.03857970077885,9.048934001402262],[123.05661224865268,9.047636430663662],[123.07013669559026,9.062935627625754],[123.09628488042684,9.064103876138667],[123.1098494758368,9.055020738818161],[123.11208831180357,9.05463204861909],[123.19856234339552,9.475782457925753],[123.18669317020287,9.48243001170906],[123.17273619894512,9.532470009885762],[123.12789099405558,9.543889801660757],[123.1290815847069,9.576552704370863],[123.1529778809176,9.581413100512785],[123.14943739129966,9.600306361676187],[123.12352110947096,9.604435424865294],[123.10867229998999,9.631243592189932],[123.11579350563825,9.652352958380387],[123.15052090603407,9.647920640162795],[123.15196122685957,9.68288440841433],[123.16354153764473,9.709705907986983],[123.1484697765454,9.766434595167352],[123.15387861904175,9.776512193452547],[123.13625185558726,9.830962224073147],[123.15196122685957,9.853378174856692],[123.15258108680942,9.900087243446237],[123.18314369110819,9.920768582328009],[123.18258637707235,9.940103242866918],[123.2059475330864,9.985470117394316],[123.23053061487295,10.011720865328682],[123.26508417422913,10.089202187736456],[123.26680533894965,10.102075617442067],[123.28424047182278,10.131608213750749]]]},"properties":{"id":"S1A_IW_GRDH_1SDV_20260108T214004_20260108T214029_062681_07DBE7_1FBA","acquisition_date":"2026-01-08","acquisition_datetime_utc":"2026-01-08T21:40:04","image_id":"S1A_IW_GRDH_1SDV_20260108T214004_20260108T214029_062681_07DBE7_1FBA","instrument_mode":"IW","orbit_number_start":62681,"orbit_number_stop":62681,"orbit_pass":"DESCENDING","pass_hour":"6 AM","platform_number":"A","polarisations":["VV","VH"],"product_type":null,"relative_orbit_start":134,"relative_orbit_stop":134,"resolution_meters":10,"satellite":"Sentinel-1A","slice_number":4,"system_index":"S1A_IW_GRDH_1SDV_20260108T214004_20260108T214029_062681_07DBE7_1FBA","total_slices":17,"TileNumber":"C4"}},
{"type":"Feature","geometry":{"type":"MultiPolygon","coordinates":[[[[122.94941550596502,8.282485926066089],[122.9513016598754,8.317859978701053],[122.94039027453498,8.308290692871852],[122.94941550596502,8.282485926066089]]],[[[122.7829884725419,7.469435711890438],[122.7992552937307,7.540268511039024],[122.78013021475238,7.502045086684547],[122.7829884725419,7.469435711890438]]],[[[122.80868179342701,7.579642426053593],[122.83442383429491,7.70405683718283],[122.826897192468,7.7098392085452],[122.80245240032484,7.72446060595902],[122.78441533239415,7.677091622791845],[122.79559434769148,7.637851525742486],[122.78714878508238,7.614396618004626],[122.79065814658637,7.592814573406299],[122.80868179342701,7.579642426053593]]],[[[122.65627421993447,8.148177779216418],[122.6218187039265,8.104202124995313],[122.59969265612946,8.103426211996197],[122.59545208073769,8.088978774942003],[122.57212200892302,8.07878971015951],[122.53111163473257,8.079507661264566],[122.5132976024569,8.067441292084968],[122.46125984316528,8.073264856153598],[122.44275454906614,8.062349036134131],[122.34703106663802,8.038541849556765],[122.29414162870216,8.011715928049824],[122.28494255333642,8.000001874166301],[122.25105335766838,7.987320183079746],[122.22100797310085,7.951388725306884],[122.22963626852203,7.922034452326021],[122.22028556938734,7.903168050080358],[122.1915912756066,7.877345371816109],[122.16103301942715,7.862527780573932],[122.13684691028547,7.804109091249626],[122.09948848986471,7.759406601508409],[122.0929203081739,7.735265031067989],[122.11576867097979,7.720888889512596],[122.13040343532234,7.68741442585538],[122.13265086229889,7.640107788683102],[122.10614146953111,7.592685266461514],[122.14073963491569,7.573988273823838],[122.11183128003128,7.54998495371429],[122.10157092687352,7.526280306332434],[122.07192237404617,7.516746791495956],[122.06889460586844,7.468490412819341],[122.05333680784389,7.442926390811595],[122.05890626509388,7.431002735755857],[122.04649215241771,7.373056728790965],[122.03320396901263,7.359674959007793],[122.03379701389065,7.324983119161104],[122.05938783792632,7.309924722787819],[122.05832653666765,7.289698302129746],[122.01007018673755,7.274336688781835],[122.00678744281589,7.264504154946892],[122.26381353879677,7.211838503166797],[122.27574787416633,7.231029859489871],[122.2793107216815,7.26275635927794],[122.28893346524951,7.274278714726583],[122.28766703209453,7.305523637776784],[122.30206101561083,7.332692943672511],[122.32923928086905,7.324978645222807],[122.36437251256523,7.34417955193722],[122.38861215949386,7.387000334147324],[122.35473638312384,7.399744454960761],[122.3440613070169,7.425437769733654],[122.36113520456794,7.474893624523588],[122.37352708416098,7.485506346222381],[122.40525803299116,7.493202728634974],[122.4447031971627,7.532625633495794],[122.44803417400497,7.5000162226503],[122.48104041284674,7.539416830102654],[122.49406994124816,7.564271907429045],[122.46917030914462,7.578193195747684],[122.4503484131058,7.564115819573095],[122.42980088527803,7.581729270307554],[122.44444902397107,7.604983452608381],[122.46948246572674,7.620001753600284],[122.4822622053586,7.652432764417159],[122.52562695383685,7.69346540368343],[122.54277667927126,7.72521866870809],[122.56688707155652,7.744820890295913],[122.57771372654871,7.742564604834604],[122.60138707773211,7.753208454504451],[122.62618419777674,7.773729231597914],[122.65883815528291,7.784399834109098],[122.6809776045824,7.771151835374345],[122.69151888051255,7.787953749793179],[122.72399901938233,7.783236000101661],[122.74735129589095,7.751389104271312],[122.78273874847817,7.771936642323192],[122.81273507963861,7.746310231759116],[122.82066341099353,7.718084125057981],[122.83609192335946,7.727466085369657],[122.83847860370595,7.723802195825221],[122.92776805827098,8.158126208277173],[122.92521593801322,8.156516305124242],[122.91755519767024,8.148993802312447],[122.85292943157356,8.134996673118605],[122.82055641394568,8.120299462737618],[122.73709094393377,8.11308019299447],[122.7101356329029,8.115559445603175],[122.68099096524016,8.132530830310628],[122.67562225412138,8.157613240062238],[122.65627421993447,8.148177779216418]]]]},"properties":{"id":"S1A_IW_GRDH_1SDV_20260108T214029_20260108T214054_062681_07DBE7_44C6","acquisition_date":"2026-01-08","acquisition_datetime_utc":"2026-01-08T21:40:29","image_id":"S1A_IW_GRDH_1SDV_20260108T214029_20260108T214054_062681_07DBE7_44C6","instrument_mode":"IW","orbit_number_start":62681,"orbit_number_stop":62681,"orbit_pass":"DESCENDING","pass_hour":"6 AM","platform_number":"A","polarisations":["VV","VH"],"product_type":null,"relative_orbit_start":134,"relative_orbit_stop":134,"resolution_meters":10,"satellite":"Sentinel-1A","slice_number":5,"system_index":"S1A_IW_GRDH_1SDV_20260108T214029_20260108T214054_062681_07DBE7_44C6","total_slices":17,"TileNumber":"C5"}},
{"type":"Feature","geometry":{"type":"MultiPolygon","coordinates":[[[[121.94834282232225,6.344444649226856],[121.9621972653692,6.330242414891021],[121.98515272244138,6.334710440745122],[121.97219012152432,6.358343684376905],[121.94834282232225,6.344444649226856]]],[[[121.81069035119098,6.12904776734624],[121.8394605370791,6.117213342934193],[121.85043436423518,6.130599536395048],[121.84092751255298,6.148730255078748],[121.81069035119098,6.12904776734624]]],[[[121.79585937720279,6.157965071038076],[121.79987260587629,6.135442127500531],[121.82417469039717,6.146358013687977],[121.81968883979157,6.172100369771789],[121.79585937720279,6.157965071038076]]],[[[120.66281964956744,6.410064779540718],[120.69093880925465,6.395278431508223],[120.71151748591748,6.414711135650948],[120.70635392311934,6.433537479930055],[120.66622194387858,6.417903889861694],[120.66281964956744,6.410064779540718]]],[[[121.5557992310875,5.948257958452762],[121.57079966600418,5.932914228972652],[121.59618979242848,5.955575333196438],[121.58027529919484,5.968154468903132],[121.5557992310875,5.948257958452762]]],[[[121.37460365719383,6.033426836063819],[121.38524757439376,6.018528933847114],[121.41626950442917,6.016147813234113],[121.43019080659963,6.035076711550139],[121.42092035615939,6.052743666611759],[121.40342730823939,6.059789008886709],[121.37460365719383,6.033426836063819]]],[[[121.93966546068367,6.718059349384234],[121.96729850784614,6.708976175390167],[121.97988206762108,6.725349996001847],[121.98000241811094,6.753629618005094],[121.95336824556226,6.742941120442798],[121.93966546068367,6.718059349384234]]],[[[120.52802109420611,6.142509781409915],[120.52831089794704,6.116807544936236],[120.55436541629997,6.12664879568094],[120.54324442987999,6.143174175330413],[120.52802109420611,6.142509781409915]]],[[[121.52021113681532,5.994788686680327],[121.55155868520723,6.021387249947316],[121.53791827751242,6.039268217063635],[121.52021113681532,5.994788686680327]]],[[[120.45897637628337,6.172220798612264],[120.4419692791772,6.174187240280338],[120.41309222395604,6.160676206383494],[120.43206569110659,6.138478789366721],[120.45674676429202,6.161166647283089],[120.45897637628337,6.172220798612264]]],[[[120.62045376463757,6.26424771775959],[120.636613579665,6.250540419932014],[120.65714325008412,6.27572991654594],[120.64212055011456,6.290819527352427],[120.62045376463757,6.26424771775959]]],[[[121.65088508607293,6.000911058805186],[121.66609956097838,5.991087660184628],[121.68903270358139,6.000625650240496],[121.68406527675663,6.03050610671379],[121.65088508607293,6.000911058805186]]],[[[121.95748841589862,6.30055819743778],[121.98578594056582,6.282119775358318],[121.98734215962406,6.305052981139991],[121.95748841589862,6.30055819743778]]],[[[121.57982491333586,6.669575577001335],[121.59858878546359,6.639770894131248],[121.59706823043818,6.621604533361329],[121.61486896006944,6.599844133251086],[121.61955102519818,6.631824807573328],[121.6073286222658,6.639124357553778],[121.61229602284864,6.660528035703584],[121.59979274693201,6.679095733561842],[121.57982491333586,6.669575577001335]]],[[[121.75666834301099,6.081892758891286],[121.77446910630599,6.058049996649538],[121.79702768273673,6.047334750068479],[121.8065122156376,6.031964206774799],[121.84636761989857,6.003845160816395],[121.88999106710384,6.011849241925613],[121.8802568527981,6.030902961404641],[121.85986534984707,6.021842099690457],[121.81057894091187,6.047165301980049],[121.77548133409961,6.089103137855596],[121.75666834301099,6.081892758891286]]],[[[120.48021503402862,6.271012161734439],[120.47575589383314,6.251441188178248],[120.50700527445767,6.250246108699934],[120.53396057766776,6.239134057619236],[120.57089082225876,6.249702148715278],[120.5804690382161,6.300812364026536],[120.57605897760706,6.309757307776211],[120.59697655678893,6.388299927386814],[120.56276640047085,6.382347029531409],[120.54068935624608,6.345193766869958],[120.53610091645052,6.30445987013966],[120.51014897226553,6.261300260916548],[120.48021503402862,6.271012161734439]]],[[[122.1910160695178,6.927405217352197],[122.23310993394213,6.947729833514183],[122.23339084522942,6.964540595183214],[122.26711949846585,6.95498032083798],[122.28291368501728,6.977565659285982],[122.27086514122016,6.999125395901907],[122.22168128290885,6.988276383650748],[122.20984679366028,6.975313820762755],[122.1910160695178,6.927405217352197]]],[[[121.89412906645987,7.106331100453525],[121.89449474105348,7.076455142494053],[121.92828579618256,6.971104411659077],[121.95552646584075,6.944323047098227],[121.97228817892568,6.951288198240649],[122.00689079599876,6.925688484123837],[122.06262066763234,6.906144216858965],[122.10870547900927,6.885641263330732],[122.14060144074493,6.901167861012024],[122.18018937462776,6.953499858096344],[122.18874188818258,7.002492059480738],[122.20884801533369,7.035204010734801],[122.20182937597241,7.067585994786033],[122.25021950289008,7.105229729397728],[122.2566852121534,7.162707534396478],[122.2462241973432,7.190246944180079],[122.26374771613123,7.212151259667108],[122.00703607794377,7.264765407094879],[121.96214371937613,7.238293720900087],[121.921837966423,7.192396232816196],[121.90384104552544,7.149807329787149],[121.89412906645987,7.106331100453525]]],[[[121.79245712390065,6.62753516115787],[121.79511477376948,6.597654712417313],[121.8211514708054,6.583283037759143],[121.8498769896523,6.58432645996762],[121.87667166835122,6.555930926355839],[121.86477485027962,6.540703075261078],[121.86443148765994,6.513569401557488],[121.90577621881575,6.465687593436663],[121.9180521907929,6.444582699622065],[121.94708089731962,6.428146468674189],[121.95314085188551,6.406787310611465],[122.04300067727716,6.409453857746668],[122.08865294791221,6.431022537127901],[122.17820061041849,6.455061579006667],[122.19355770890397,6.466387705344858],[122.19815950862638,6.525729381602271],[122.21404285966952,6.580745822453537],[122.23329726592729,6.593235753855375],[122.30021051804309,6.589579246035141],[122.32515024489017,6.620944621147569],[122.30185148449922,6.644310254350002],[122.25747894477372,6.644831959591298],[122.23372083930236,6.664973748556995],[122.1865747892882,6.668469673807883],[122.1723324068554,6.664046235341983],[122.13781005386417,6.675176144796938],[122.13815342512041,6.704606250301566],[122.1155457758258,6.72153296962763],[122.09488672193744,6.715473040061891],[122.06233081371397,6.748907444813773],[122.02995326601003,6.740497552782675],[122.00877253875159,6.743632307378687],[121.98996857615427,6.733206919802976],[121.97946287897733,6.715004845144914],[121.94024061065045,6.692312507468847],[121.9380200256006,6.674369098201193],[121.91204126900573,6.67264785591267],[121.8854383158921,6.656216105704815],[121.84879341973448,6.680197136946544],[121.80816655949187,6.662088685462463],[121.79245712390065,6.62753516115787]]],[[[120.86872757588247,5.949609079267757],[120.8761064509874,5.922376056050506],[120.96307706572496,5.904509043948027],[121.00921599703787,5.92391576808147],[121.0307980836518,5.926100687193587],[121.06050393018076,5.884476517797258],[121.08078016581634,5.900599127397011],[121.10238002679561,5.898637079557117],[121.13424028596187,5.911225142755663],[121.19146843706933,5.949707161079661],[121.21219432928106,5.938077837767536],[121.22987912959793,5.940467946784453],[121.24215497708201,5.920058601441303],[121.23238956699971,5.897923645301637],[121.25171531755373,5.891350908337643],[121.27137545689803,5.864302032193287],[121.2900769893134,5.86217952533296],[121.30252681620621,5.880791746088909],[121.35241515350333,5.918992879316494],[121.38303586014152,5.906262163459522],[121.37875510749737,5.934996642381112],[121.40585309266706,5.937654272141447],[121.42936593629025,5.967213644681333],[121.41497641012907,5.997740600590762],[121.38390537285767,6.012540412801904],[121.36515035302793,5.994048496140915],[121.35475178344407,6.006418031196206],[121.3235157789004,6.004884078433736],[121.29518708040098,6.018546815938931],[121.24902198437695,6.016937065015237],[121.22133545177932,5.993335067489096],[121.20777979238888,5.996023898460952],[121.18466379674227,6.023969040726198],[121.18226480545452,6.042130961304474],[121.16381756116394,6.057675408913108],[121.15406099053497,6.078329933735903],[121.1163102631592,6.09308512488522],[121.06783090736678,6.09260352095448],[121.01571735701577,6.085428871045715],[121.00871213535738,6.064916998908148],[120.97823423042503,6.04911396043951],[120.92456001878692,6.033185998540429],[120.8916340005433,6.004942087548661],[120.86872757588247,5.949609079267757]]]]},"properties":{"id":"S1A_IW_GRDH_1SDV_20260108T214054_20260108T214119_062681_07DBE7_C2F2","acquisition_date":"2026-01-08","acquisition_datetime_utc":"2026-01-08T21:40:54","image_id":"S1A_IW_GRDH_1SDV_20260108T214054_20260108T214119_062681_07DBE7_C2F2","instrument_mode":"IW","orbit_number_start":62681,"orbit_number_stop":62681,"orbit_pass":"DESCENDING","pass_hour":"6 AM","platform_number":"A","polarisations":["VV","VH"],"product_type":null,"relative_orbit_start":134,"relative_orbit_stop":134,"resolution_meters":10,"satellite":"Sentinel-1A","slice_number":6,"system_index":"S1A_IW_GRDH_1SDV_20260108T214054_20260108T214119_062681_07DBE7_C2F2","total_slices":17,"TileNumber":"C6"}},
{"type":"Feature","geometry":{"type":"MultiPolygon","coordinates":[[[[120.9639068844264,5.904677731687728],[120.89970942774079,5.912513818425603],[120.9163596897597,5.891899416784584],[120.93657723454274,5.890628563855897],[120.9639068844264,5.904677731687728]]],[[[120.2252569986015,5.03443210521402],[120.21006040641788,5.043310205085603],[120.19270112668453,5.029852640246344],[120.21367668774964,5.01548541876385],[120.2252569986015,5.03443210521402]]],[[[120.32012887220593,5.129839016773416],[120.33537448975929,5.115431708186453],[120.34854668213346,5.136456354382417],[120.3394679266085,5.157570168020835],[120.32505169104806,5.15149688888017],[120.32012887220593,5.129839016773416]]],[[[120.87415874725419,5.710614678151106],[120.88643467750222,5.692046969062248],[120.90572479210651,5.693072513937816],[120.9235522039272,5.708122029365372],[120.93170345283308,5.729793250011924],[120.90696886938002,5.759566631252759],[120.89251691228662,5.756039544020947],[120.87415874725419,5.710614678151106]]],[[[120.26988819343616,5.09017088085821],[120.28279282582685,5.081970598506125],[120.31661063673413,5.10518909827253],[120.30570812454174,5.124225006592535],[120.26988819343616,5.09017088085821]]],[[[120.73724211608135,5.515894627720162],[120.75226032801915,5.498495223617401],[120.76995853948085,5.494682685167964],[120.80117665136761,5.536272737501779],[120.80287110164171,5.561823364798036],[120.78859758442727,5.568186530021857],[120.7596446367542,5.559295073855906],[120.73724211608135,5.515894627720162]]],[[[121.01349672398965,5.677318574818104],[121.04367145698188,5.660913523875799],[121.06656005372638,5.674607418776613],[121.0657707707583,5.694619869833129],[121.01349672398965,5.677318574818104]]],[[[120.57021305320822,5.415765491993429],[120.58936491268074,5.399538877187531],[120.60561386430511,5.407458190813673],[120.58410764858813,5.435403384543706],[120.57021305320822,5.415765491993429]]],[[[120.79216037619628,5.672431380041177],[120.83257319438974,5.662532134423556],[120.8518811472292,5.668618811151902],[120.874029444786,5.692439341872578],[120.85099820601637,5.705656132594239],[120.8037094212574,5.702405475651958],[120.79216037619628,5.672431380041177]]],[[[119.98943297897887,4.96586007451209],[120.00984226927935,4.962774381275027],[120.0227960105437,5.001844981136021],[120.00000103867656,4.999998961194002],[119.98943297897887,4.96586007451209]]],[[[120.81104465073271,5.537708524734395],[120.81733648918669,5.518877742222152],[120.84850110496814,5.488676297531003],[120.88677358009028,5.502000068347162],[120.90540372090135,5.538225815735693],[120.88649713235303,5.553538358905189],[120.86475452836068,5.582870317030893],[120.84795259287968,5.589451970632524],[120.8216394568757,5.573430374420594],[120.81104465073271,5.537708524734395]]],[[[120.32533262486771,5.218008813521305],[120.33052745992833,5.193876205364409],[120.34887665162402,5.195829247514443],[120.3646172734559,5.247933840471899],[120.34555906105496,5.250350675117333],[120.32533262486771,5.218008813521305]]],[[[121.13038766234743,5.809753855470351],[121.14524089068375,5.781764068221029],[121.16544953574646,5.781639237184163],[121.22297641830289,5.805624727824069],[121.19669445878834,5.824589283051824],[121.19754613154414,5.837935376085357],[121.1655744192453,5.848124427637647],[121.14122770050987,5.847540253171908],[121.13038766234743,5.809753855470351]]],[[[120.27039651639957,5.253382891214206],[120.26062660075786,5.252125414691336],[120.25403606824842,5.178746454162827],[120.2989258125104,5.182175488117114],[120.30838805813696,5.211230985310537],[120.29842191226217,5.227047430808205],[120.26735535142366,5.24066108094504],[120.26847905027965,5.244580588963491],[120.27039651639957,5.253382891214206]]],[[[120.01046658821868,5.229357256247085],[119.98835835397068,5.120871749092344],[119.99122558944981,5.144772568857888],[120.01656216744823,5.158979252777223],[120.03753777447257,5.180976011231273],[120.05108010519348,5.180605871821752],[120.05724252966566,5.150038757241114],[120.07298317212981,5.165329040524843],[120.09329433192764,5.147046712365428],[120.12148481692259,5.190496215700247],[120.15070533751387,5.177101015535281],[120.16808244389013,5.188030333637495],[120.18443389850614,5.179156693852035],[120.16768551281324,5.139698101116897],[120.21350285912227,5.116747145586425],[120.22557803326742,5.166987826347501],[120.23607480258484,5.17694941330574],[120.22952433608988,5.197853714522839],[120.24958139361155,5.219609679816604],[120.2552488806038,5.267968582552538],[120.21115729507098,5.308194128187912],[120.21907221817754,5.3278052550539],[120.20816971394899,5.346832300449495],[120.17307216983092,5.343621717564458],[120.11342722182317,5.300671635792095],[120.07569875612609,5.278567858029307],[120.0455953394508,5.249606034455148],[120.01046658821868,5.229357256247085]]]]},"properties":{"id":"S1A_IW_GRDH_1SDV_20260108T214119_20260108T214144_062681_07DBE7_1874","acquisition_date":"2026-01-08","acquisition_datetime_utc":"2026-01-08T21:41:19","image_id":"S1A_IW_GRDH_1SDV_20260108T214119_20260108T214144_062681_07DBE7_1874","instrument_mode":"IW","orbit_number_start":62681,"orbit_number_stop":62681,"orbit_pass":"DESCENDING","pass_hour":"6 AM","platform_number":"A","polarisations":["VV","VH"],"product_type":null,"relative_orbit_start":134,"relative_orbit_stop":134,"resolution_meters":10,"satellite":"Sentinel-1A","slice_number":7,"system_index":"S1A_IW_GRDH_1SDV_20260108T214119_20260108T214144_062681_07DBE7_1874","total_slices":17,"TileNumber":"C7"}},
{"type":"Feature","geometry":{"type":"MultiPolygon","coordinates":[[[[125.50000792768634,12.070715211808636],[125.48991695825717,12.034471666688738],[125.51920436352489,12.057957699658948],[125.50000792768634,12.070715211808636]]],[[[125.61766131020485,10.992968337641784],[125.64228000000362,10.975506457382192],[125.65619688386042,10.985856026668026],[125.6481927247364,11.00694763709605],[125.62019407870888,11.004437125273798],[125.61766131020485,10.992968337641784]]],[[[125.44835812653285,11.820211797622047],[125.43442793698361,11.779535916346134],[125.46278333688987,11.774992092632969],[125.47692315011308,11.782585921777434],[125.4647676463326,11.823774659839538],[125.44835812653285,11.820211797622047]]],[[[125.76190873448206,11.023374899515177],[125.80481865288432,10.974030551581086],[125.81472237552346,10.980991192719376],[125.78726321336403,11.021082968707416],[125.76190873448206,11.023374899515177]]],[[[125.66159239354302,10.787301173453988],[125.67278471485596,10.74842677938255],[125.72448794476234,10.72449922477159],[125.74999852728178,10.693428213341798],[125.80824330678347,10.698150396058567],[125.82087592282255,10.715188644193933],[125.81740670452982,10.731388534104532],[125.79045142647266,10.743820513282067],[125.7376334071106,10.74383832088483],[125.72190172325226,10.749180313871467],[125.71511050363414,10.773473540542868],[125.7265480626853,10.801820023302875],[125.69947690520793,10.824396465073397],[125.67550025820734,10.810542029056288],[125.66159239354302,10.787301173453988]]],[[[125.43247040216359,11.764441864739055],[125.43102657095258,11.76312139052967],[125.34673303483483,11.350539429922728],[125.30544803502082,11.133802109503174],[125.30782513853048,11.132587256169527],[125.31903079529833,11.12019988114754],[125.36540103382339,11.120373778297136],[125.37484093594223,11.099036927127816],[125.39547765392345,11.107678719685056],[125.40976908663188,11.083728888860193],[125.45716043219596,11.103438060898535],[125.48030757049955,11.108115689379323],[125.51247997878579,11.08155725685846],[125.51801376257754,11.119227742350423],[125.5428776665303,11.156336402595556],[125.56889207728979,11.137706250858722],[125.58759357514377,11.113899146025418],[125.6322336507027,11.135235941890736],[125.66127575647384,11.143485291741014],[125.6724948869308,11.11819328397833],[125.69695305682451,11.104873938272105],[125.6842267438188,11.083220492184287],[125.7114495754356,11.05465553893032],[125.71379062538993,11.042410855173005],[125.74149940537298,11.01521480734996],[125.7552735981186,11.016815608596628],[125.76004042768791,11.049193139279001],[125.73312526902095,11.09433708388637],[125.69947240421168,11.129006582276375],[125.68643845744609,11.169985719239493],[125.6584308868803,11.207544697546368],[125.6338255714665,11.213956932220308],[125.6140806224877,11.231102124974345],[125.60935841689708,11.214148636279456],[125.60579112896355,11.196477242798046],[125.57058660164829,11.182346368796225],[125.55087283656549,11.187746314929807],[125.53708533255109,11.21353329626367],[125.53537306748349,11.216288991323719],[125.54844711972821,11.264919951309858],[125.57190641421171,11.28731358375632],[125.60948775721812,11.302559218199537],[125.61398249635184,11.319294228529236],[125.63369176557937,11.340136077864264],[125.63107424738962,11.364357911572787],[125.5811233789441,11.402746320069886],[125.55885469159021,11.409573179147202],[125.52535791774747,11.456879778876187],[125.51029055497682,11.504106156710437],[125.47544716004556,11.541531425333874],[125.4698019760016,11.566493467259155],[125.47519749533595,11.596565599037943],[125.44490682344596,11.599370414801703],[125.46328717232691,11.651796060675364],[125.4540479381912,11.671750494892768],[125.49117892030047,11.672053725737925],[125.47535797625503,11.703173826133877],[125.46534728929392,11.760905780508557],[125.43247040216359,11.764441864739055]]]]},"properties":{"id":"S1A_IW_GRDH_1SDV_20260110T212307_20260110T212336_062710_07DCF8_B5F6","acquisition_date":"2026-01-10","acquisition_datetime_utc":"2026-01-10T21:23:07","image_id":"S1A_IW_GRDH_1SDV_20260110T212307_20260110T212336_062710_07DCF8_B5F6","instrument_mode":"IW","orbit_number_start":62710,"orbit_number_stop":62710,"orbit_pass":"DESCENDING","pass_hour":"6 AM","platform_number":"A","polarisations":["VV","VH"],"product_type":null,"relative_orbit_start":163,"relative_orbit_stop":163,"resolution_meters":10,"satellite":"Sentinel-1A","slice_number":1,"system_index":"S1A_IW_GRDH_1SDV_20260110T212307_20260110T212336_062710_07DCF8_B5F6","total_slices":16,"TileNumber":"E1"}},
{"type":"Feature","geometry":{"type":"MultiPolygon","coordinates":[[[[125.12996494361998,10.165269995987936],[125.14171021104372,10.174321976101611],[125.12988470187038,10.220536062616125],[125.12009253125144,10.18101953273956],[125.12996494361998,10.165269995987936]]],[[[125.61374619210517,9.887869300256973],[125.63076216165844,9.879062573792694],[125.6436445135813,9.900470700563316],[125.622236355186,9.909585150082988],[125.61374619210517,9.887869300256973]]],[[[125.18490236679948,9.031653608825213],[125.26101764328898,9.016532714294767],[125.24159852664337,9.033135417577705],[125.22030637447178,9.091201858793761],[125.20626907173283,9.095562834515526],[125.1850883832636,9.072210545518347],[125.18490236679948,9.031653608825213]]],[[[125.92516534909872,9.868284953771182],[125.94386232890965,9.850912288185164],[125.96634068112355,9.862920633073884],[125.95572800746612,9.891195771676474],[125.92516534909872,9.868284953771182]]],[[[125.46528041405476,10.45936551072113],[125.48451255395032,10.427968962121346],[125.49545069304786,10.456560780793914],[125.46528041405476,10.45936551072113]]],[[[125.62522842436607,9.773529016611626],[125.66763886260922,9.758983448028998],[125.64350179917494,9.797603729117185],[125.62522842436607,9.773529016611626]]],[[[125.69669440767024,9.789082344260112],[125.70274989595617,9.764811505642735],[125.72370317950153,9.769506925419341],[125.73995211215356,9.783718113221477],[125.69669440767024,9.789082344260112]]],[[[125.91575667224068,9.887097893560904],[125.92630692474047,9.880690117678103],[125.95562099695807,9.897643629717907],[125.98076586546983,9.940673995409734],[125.97013985953232,9.942711779837838],[125.9296244232275,9.909857164370257],[125.91575667224068,9.887097893560904]]],[[[125.56474515564493,9.898374925131732],[125.58139984658148,9.895329364735973],[125.58795031648508,9.871972588188102],[125.60939855414153,9.905206319372454],[125.57211153463979,9.908376695992281],[125.56474515564493,9.898374925131732]]],[[[125.96663500253801,9.716095823483903],[125.98635758487605,9.691566313103392],[126.00581266277526,9.702709589636433],[125.99983297868542,9.730436298003053],[125.96663500253801,9.716095823483903]]],[[[125.61899011416399,9.7073604202526],[125.64273926121139,9.70004747890404],[125.66055341566353,9.724822300410816],[125.63165837251891,9.729696054314575],[125.61899011416399,9.7073604202526]]],[[[126.00668222633846,9.687276623708915],[126.0275195489682,9.710816252536693],[126.06828914768946,9.709130673274679],[126.07189206831814,9.728162160908123],[126.0571903843641,9.73534578932972],[126.01834720915626,9.72893802071906],[126.00668222633846,9.687276623708915]]],[[[125.18694335386503,10.497941192940386],[125.17039478256498,10.443995750806913],[125.13775499265753,10.27887892921268],[125.21230226358442,10.248017541439221],[125.24770307281516,10.253671648409316],[125.2589890524154,10.262701310178107],[125.26944561104723,10.307417223752749],[125.26304685471347,10.371971618482643],[125.2388071162801,10.396755328588576],[125.22094844744365,10.384608669073415],[125.19991482847868,10.405660123013268],[125.18248867066455,10.436316470227984],[125.1942607524765,10.475494105756768],[125.18694335386503,10.497941192940386]]],[[[125.12996494361998,10.165269995987936],[125.12153720819036,10.161515454390976],[125.11799673992975,10.112541083078288],[125.137496413138,10.067129614650634],[125.18562344776306,10.042212196587679],[125.20530595768922,10.010142334607698],[125.22522919808925,9.96379889476954],[125.25003966293156,9.947527606936873],[125.25243418444367,9.92263247416752],[125.26680580702245,9.9079040766003],[125.28769677215303,9.908492639804148],[125.30137725860374,9.936807926063352],[125.27929576042393,9.963629436899822],[125.28325546425873,9.993483119955926],[125.25711172455061,10.027506036593389],[125.23619860781633,10.08491253917318],[125.21486624566684,10.131055262683901],[125.1661996340625,10.136419558318837],[125.12996494361998,10.165269995987936]]],[[[125.88973777493793,9.617411427901494],[125.91919904820885,9.606058566158051],[125.91607769992726,9.587477487095047],[125.93662972299228,9.583879022067249],[125.94066077215659,9.563554421106456],[125.96472201821165,9.57415368592434],[125.97448748537249,9.601586120287113],[125.96864155898172,9.623324188687011],[125.98783802348436,9.64620832842161],[125.99268508893104,9.669587393744946],[125.9853364761926,9.686754951013135],[125.96499848504568,9.689894133429698],[125.95706130628325,9.736982245388095],[125.91639872630464,9.757752729824517],[125.90930882581242,9.724746429766222],[125.92077758820366,9.692547304980682],[125.92706491848969,9.655617019771807],[125.91061980183143,9.656838842894865],[125.88973777493793,9.617411427901494]]],[[[125.95054655404618,9.83675016459032],[125.98298650531386,9.809683453614449],[126.01273320099212,9.76287179852911],[126.03800289571986,9.76331773035215],[126.07694868509105,9.75061815495351],[126.11264822418224,9.749940390612567],[126.13330725013125,9.775549010669572],[126.16198820433922,9.783976679924228],[126.16719198900066,9.813330945016459],[126.14855296270169,9.820826720433862],[126.1418553540436,9.84627034094463],[126.12272581404176,9.840879327904117],[126.11531035471357,9.865645128742381],[126.12181169827842,9.878179711919131],[126.11245652271633,9.898843165488532],[126.11168506877745,9.931305387405445],[126.08468076182595,10.012144475234699],[126.06916755592349,10.02670789690648],[126.07121876813693,10.061653859076007],[126.04408065627285,10.049966576148076],[126.02974915424593,10.028830418360211],[126.03485921812111,10.004109179541231],[126.0223381124762,9.979713395195423],[125.97604373394694,9.922810826206039],[125.96420480330278,9.897251263830759],[125.96782556832413,9.868418676956615],[125.99482542216919,9.860784695966357],[125.95054655404618,9.83675016459032]]],[[[125.48139116037049,10.116126225124729],[125.50173806899201,10.097371225003291],[125.50314264320967,10.070652352003139],[125.52715492738443,10.062420838170375],[125.55142138520566,10.084100975767722],[125.57389072586666,10.06783859335922],[125.5882579774976,10.080252748381083],[125.58735727695696,10.027100286693146],[125.57108150258067,10.011729784762476],[125.57230329714095,9.988002864580261],[125.59831323896869,9.989166670622968],[125.62716812476937,9.940571416463076],[125.64675247184198,9.931943059201208],[125.64866538027977,9.895779779673843],[125.63020472564305,9.873546655879863],[125.60246469442659,9.8795485959079],[125.59432231569801,9.851153048351534],[125.57697199328925,9.839711005333053],[125.62008703255633,9.825392871506605],[125.65863153380099,9.827716004270025],[125.68728569514658,9.848620295961176],[125.7073382587294,9.894754159720364],[125.69796080530122,9.915172343610957],[125.67299874993796,9.920902304213532],[125.68255011913882,9.975740368968921],[125.67336436756173,9.99431248672131],[125.6929085985944,10.037467657419372],[125.6918696099564,10.084439850510101],[125.67539770474045,10.111885590524967],[125.66364354103489,10.116005857008906],[125.66387094274046,10.156280432513006],[125.65001652424117,10.187824080710806],[125.66397801394729,10.202543629314688],[125.6477601845095,10.244949695149927],[125.65688357037081,10.26159104110041],[125.64755066939293,10.299966061969611],[125.6774043103991,10.374027244876462],[125.66869567621495,10.433569640065926],[125.65586688194925,10.444610339225077],[125.6473098764639,10.473995814696703],[125.63284454557751,10.470330453776254],[125.60917116512223,10.432298755178236],[125.6095278943981,10.399372779918343],[125.59990516319533,10.367079958956843],[125.57733320596431,10.364475832524175],[125.56189578734688,10.386147111612727],[125.54913380672897,10.373242435135602],[125.56109757549726,10.32607854937291],[125.51859344340157,10.326341650200241],[125.52739574519819,10.28361006973634],[125.51553451306604,10.241226280259335],[125.54377844557798,10.208523227585388],[125.50502887879063,10.196746791817102],[125.50057420082874,10.152632880070605],[125.48139116037049,10.116126225124729]]],[[[125.44176990668366,8.980557115861895],[125.79103688549046,8.910772522326107],[126.30186006564416,8.80805766776956],[126.31625524878798,8.812673054310434],[126.33698116217423,8.843998216856729],[126.3125988004554,8.885186918161354],[126.32737179897593,8.895933337967877],[126.32763043684392,8.920766110223125],[126.30222244732263,8.9217292800185],[126.31050751528169,8.954913853275983],[126.26460105637213,8.986729567952407],[126.26486412667175,8.996178417897065],[126.2073506404318,9.060438545586647],[126.20897825527986,9.073057737489895],[126.17022865253112,9.090367964074003],[126.16069064232144,9.111945596247539],[126.1817910754512,9.162373534786022],[126.17265441768612,9.180263468665043],[126.18731592412932,9.221844622100154],[126.18009213855943,9.242686441358396],[126.19870889913066,9.271773153730997],[126.19326877229948,9.289823627574501],[126.2103427454226,9.311115774335748],[126.18890337311636,9.31567301483628],[126.16887753841792,9.309390093621467],[126.13124267288211,9.266172506279483],[126.09828107665803,9.248857837533377],[126.0497972178953,9.236020105898701],[126.02014864057783,9.278631272385718],[125.98349927754754,9.31175347585052],[125.98623724506525,9.347818617532035],[125.9534093030166,9.375344714872194],[125.93244264111709,9.38079368712115],[125.9313947346186,9.399218748367067],[125.90132254036261,9.413577034007579],[125.8948523930933,9.427266438387251],[125.93121189598438,9.439484413384662],[125.92933461727098,9.463906902230452],[125.91529291709028,9.480962981528037],[125.92063936020152,9.495129524948847],[125.87536607747884,9.502166013951076],[125.87700703821503,9.515712746605304],[125.86193080661384,9.540603405472945],[125.79350147744071,9.561400667465493],[125.76822727100702,9.56046869629234],[125.74128538701038,9.570840577657611],[125.73890873655115,9.593434849904794],[125.70585781290046,9.58458354541403],[125.70217020594565,9.598915114204045],[125.63848085989878,9.614521938920898],[125.61035725256376,9.636866475827285],[125.59223993658216,9.701840065723678],[125.60978649084294,9.712122778352045],[125.60102888002372,9.727921339595396],[125.56738495012507,9.739314352659258],[125.55576897544476,9.766207205747532],[125.51708178685118,9.76778127969046],[125.49756430974809,9.793884862223319],[125.46130291039331,9.801630289186168],[125.44825110380067,9.826008169463817],[125.436416700103,9.825285799515717],[125.4391322509874,9.793483486564057],[125.40045845126731,9.768347539319603],[125.39409531888656,9.719899444547927],[125.3980862226768,9.694063363414177],[125.39169186441138,9.657119770347116],[125.4049621916194,9.604439917494423],[125.42365472520954,9.557195732584816],[125.43058858889854,9.514745144707751],[125.45561310388867,9.445303545312933],[125.45353518333525,9.417960288977339],[125.47119765688721,9.365904737576725],[125.49141073610886,9.342329482599999],[125.50734761427574,9.298808657991584],[125.51141426495516,9.265155835583288],[125.50581369027375,9.247765368489828],[125.53286703658662,9.192334284726462],[125.52483174631682,9.154057344027885],[125.52484953880234,9.128065271908428],[125.53659932723576,9.070359991423524],[125.51676073894923,9.0320607889383],[125.5227449029095,9.016547562259085],[125.44176990668366,8.980557115861895]]]]},"properties":{"id":"S1A_IW_GRDH_1SDV_20260110T212336_20260110T212401_062710_07DCF8_FFFD","acquisition_date":"2026-01-10","acquisition_datetime_utc":"2026-01-10T21:23:36","image_id":"S1A_IW_GRDH_1SDV_20260110T212336_20260110T212401_062710_07DCF8_FFFD","instrument_mode":"IW","orbit_number_start":62710,"orbit_number_stop":62710,"orbit_pass":"DESCENDING","pass_hour":"6 AM","platform_number":"A","polarisations":["VV","VH"],"product_type":null,"relative_orbit_start":163,"relative_orbit_stop":163,"resolution_meters":10,"satellite":"Sentinel-1A","slice_number":2,"system_index":"S1A_IW_GRDH_1SDV_20260110T212336_20260110T212401_062710_07DCF8_FFFD","total_slices":16,"TileNumber":"E2"}},
{"type":"Feature","geometry":{"type":"Polygon","coordinates":[[[124.89258027551297,8.995705758147565],[124.8820619168589,9.002750570537168],[124.85332627041757,8.884964894172281],[124.73625149828113,8.31851148012219],[124.61890700030028,7.748213634205768],[124.5927133630576,7.610696923337849],[124.59010072002226,7.581275989646786],[125.71396788268886,7.353874264465563],[125.7755188335325,7.341338891631569],[125.81630533496524,7.366992357522444],[125.85359232253988,7.356633860725088],[125.84621575432669,7.326929652631478],[126.2628661269585,7.241766829470033],[126.53305679587507,7.186372002965343],[126.53562071215454,7.21049569033519],[126.55977568441278,7.211610489205364],[126.56440869914881,7.234351923020446],[126.58399755659083,7.249258681798477],[126.5989934645312,7.274969869255867],[126.599252164514,7.295423748021285],[126.56864036387836,7.289033851803356],[126.55142381522488,7.314562210756856],[126.56664275769018,7.332692885577926],[126.55538351138513,7.348103547127672],[126.55776020172335,7.399566077397384],[126.54789666431884,7.417500562534205],[126.55644924342889,7.444139217191961],[126.58821139019626,7.448914923056919],[126.60044719854743,7.472788930515146],[126.59774938526587,7.512537365489867],[126.57552525266146,7.573671657547254],[126.55895078561663,7.58311605607464],[126.56497950148872,7.609750271956584],[126.55374251170397,7.63595193668644],[126.55631990221873,7.669939212968736],[126.55014852642499,7.696823107377647],[126.55986932679389,7.729878427488914],[126.53270897456693,7.739336214432264],[126.49542193176579,7.741681656955874],[126.46991142183822,7.768587911932789],[126.44278670463932,7.809959422477983],[126.41979111764371,7.825374567963955],[126.38136262663758,7.831394310007187],[126.37262719614733,7.850925174466933],[126.3756505339798,7.874112486898267],[126.36023535605085,7.882856842336547],[126.35957548127874,7.907885731766263],[126.37597602297612,7.948276305046135],[126.40522774146224,7.956507774975163],[126.42299723243002,7.981741852660046],[126.41013272827433,8.008768424534015],[126.42330046972118,8.021829180965275],[126.41855597210126,8.038470514666999],[126.43064014371907,8.077746263513443],[126.44438751805383,8.096768801143014],[126.43036814839776,8.109923143768045],[126.44393716370111,8.131478421938365],[126.43940672250316,8.158687902700489],[126.45108959729855,8.177527615272966],[126.44676869640928,8.214845800558786],[126.46009251906243,8.246750683409868],[126.41097106409698,8.223616867018134],[126.3827984115431,8.198445202104745],[126.34090966973785,8.190088869756975],[126.32245792662947,8.236882669613841],[126.35355567862076,8.25809458922068],[126.38189771313452,8.292001645161214],[126.36437787376538,8.315572455576179],[126.3340292128121,8.3207762077611],[126.33904129975491,8.340900161933675],[126.31788733747959,8.356261759297876],[126.35169175114343,8.373977741670043],[126.38227671668997,8.415202108745422],[126.35386778903168,8.436917970787349],[126.36416828627239,8.475306327807507],[126.39959583413359,8.497383333622361],[126.38823856525663,8.51806911067154],[126.36341918809275,8.52293848723347],[126.35999906136989,8.54875666454026],[126.34008023484843,8.533519926795288],[126.31829750427215,8.541082541574653],[126.29395087609427,8.53512517764439],[126.2636423606583,8.555494345500072],[126.23796687698955,8.553010673403433],[126.21202826358444,8.560412757366715],[126.22427295841945,8.525457865764164],[126.20194176665693,8.528423143664021],[126.16600140205865,8.544065682126494],[126.14180189350753,8.531874515349207],[126.11753993379381,8.568907317573819],[126.12664985645272,8.586895333437663],[126.09126238355631,8.608031534329674],[126.09848616499879,8.63617287423673],[126.14565452162772,8.675047354222114],[126.18047122972645,8.68449617049112],[126.189977972394,8.698564633062245],[126.21407495013014,8.690507066668351],[126.21602809555738,8.73231998170697],[126.23667812591262,8.736516004872769],[126.23917969719481,8.75854401768896],[126.25509425441562,8.768808814469875],[126.29235004245095,8.771756281198815],[126.30654783562817,8.788950626757103],[126.30194858288834,8.808330278626666],[125.9655265771882,8.8760621941687],[125.44218397511143,8.980762590891686],[125.42542052945664,8.976094581978957],[125.37510848191104,8.981525804740224],[125.35518073854863,8.992660191804834],[125.33244383583848,8.98718436609417],[125.2855608054273,8.991032627495843],[125.26090185168498,9.01684459801281],[125.18490369108684,9.031942373849054],[125.17347682856422,9.00960473382464],[125.18826323900873,8.948885211991598],[125.18579732830514,8.894881039433086],[125.16737235725124,8.85378145051773],[125.12198764680332,8.83443342494891],[125.08400948455085,8.827940978536935],[125.06038071028702,8.86969599934346],[125.03085250861211,8.90395081329243],[125.02876120829671,8.918928908453985],[124.98626150434586,8.935895811486663],[124.9772050758383,8.948911954617948],[124.93151707537659,8.970752628256527],[124.89258027551297,8.995705758147565]]]},"properties":{"id":"S1A_IW_GRDH_1SDV_20260110T212401_20260110T212426_062710_07DCF8_D7C3","acquisition_date":"2026-01-10","acquisition_datetime_utc":"2026-01-10T21:24:01","image_id":"S1A_IW_GRDH_1SDV_20260110T212401_20260110T212426_062710_07DCF8_D7C3","instrument_mode":"IW","orbit_number_start":62710,"orbit_number_stop":62710,"orbit_pass":"DESCENDING","pass_hour":"6 AM","platform_number":"A","polarisations":["VV","VH"],"product_type":null,"relative_orbit_start":163,"relative_orbit_stop":163,"resolution_meters":10,"satellite":"Sentinel-1A","slice_number":3,"system_index":"S1A_IW_GRDH_1SDV_20260110T212401_20260110T212426_062710_07DCF8_D7C3","total_slices":16,"TileNumber":"E3"}},
{"type":"Feature","geometry":{"type":"MultiPolygon","coordinates":[[[[125.66750511307391,6.949963801889917],[125.69094214448683,6.904445348465577],[125.71186868767111,6.900525767763643],[125.72039004853026,6.934312372352616],[125.70176887963048,6.962823896471765],[125.68016004919038,6.963751392328894],[125.66750511307391,6.949963801889917]]],[[[125.66113307341442,7.102808435569348],[125.67283824452491,7.070627084163879],[125.70894802388567,7.072223464113572],[125.7252593703277,7.009470518688242],[125.72363185197284,6.960973361264827],[125.74752817239796,6.923958353865178],[125.7500520052532,6.905568976627123],[125.76544925214102,6.894523845588484],[125.7735157905451,6.918888323207121],[125.78939022937747,6.940024487258045],[125.78298244915895,6.995883621573957],[125.77449234399212,7.025309246505413],[125.7827996000321,7.082760332498104],[125.79662284003099,7.116997277240707],[125.78788749476205,7.13561405208504],[125.76145390509376,7.164125517437958],[125.72763609412745,7.175629975765405],[125.71867326598532,7.194478659446564],[125.6926722765456,7.186215926033029],[125.68253227808282,7.138423256348964],[125.66113307341442,7.102808435569348]]],[[[126.53305679587507,7.186372002965343],[126.19833428720713,7.255366299132517],[125.84638195992534,7.327286794174507],[125.83833331333803,7.249566333871411],[125.86914124434517,7.209336355591375],[125.87256577835882,7.188650600259892],[125.88865869954954,7.167041793605525],[125.88218851105148,7.124301321008762],[125.90380182314871,7.095330532074513],[125.92886196614845,7.086118027706159],[125.95276721881476,7.064268447062376],[125.94448662059973,7.05416412913231],[125.97805029877115,7.027935630005358],[125.98446692459007,7.013452477888022],[125.97062588523485,6.952554579990126],[125.9752142812242,6.928644866180046],[125.99796464886118,6.896218258556258],[126.03035557993023,6.870449145823948],[126.05909894992698,6.866288819633912],[126.07264566649238,6.854552421983857],[126.08228177179308,6.816614424574509],[126.07739464375925,6.754548155601696],[126.08864048457968,6.731320711916039],[126.08309333247485,6.698680079288777],[126.08860034093696,6.685570308377171],[126.06926570008888,6.666730643787669],[126.06993005733948,6.636845764674375],[126.08689247515153,6.580959814414307],[126.08202313896236,6.531066938673206],[126.08912651960078,6.505997900893514],[126.12124544848221,6.445951655776719],[126.14674256861835,6.417645252986351],[126.1409546426895,6.376947005690315],[126.16232263853321,6.371408822104192],[126.1870884566816,6.322858139276462],[126.1817777379315,6.298257301392041],[126.20084480663753,6.295938558686575],[126.19423646225827,6.345621840220478],[126.19428102391046,6.391844903600107],[126.21893093445112,6.439650917820132],[126.21135493852982,6.463110246399095],[126.20749780128266,6.505886429234488],[126.21901116939463,6.520819921348073],[126.22570879496052,6.548403910415372],[126.21885517072799,6.59669599551533],[126.21798558001393,6.637394246587685],[126.22583811994478,6.66980297480346],[126.24495868704767,6.707259413573648],[126.24313937935521,6.723811576373649],[126.25559364425033,6.752537148043765],[126.2261947974565,6.796936416719294],[126.20783220401728,6.814197585216074],[126.18395371137413,6.848010933486099],[126.15203994880504,6.904819865162096],[126.17664974654186,6.906175456781154],[126.19026341419482,6.945009727658428],[126.21855194948579,6.948425398786529],[126.24635887652241,6.930927897018001],[126.26246071137624,6.928613653055871],[126.2729886573039,6.894813645967355],[126.29709454071057,6.86329230022972],[126.2846670314266,6.844229629076625],[126.28533144144312,6.823539405204469],[126.29727287967293,6.808583551212422],[126.32830819950837,6.79843017635188],[126.3487799655787,6.806683972883726],[126.34240788755402,6.860251196014508],[126.32380452461635,6.881191076928928],[126.29025423329172,6.903067464887828],[126.27947217409154,6.92813653785592],[126.30432719248172,6.939600866629812],[126.32048698039313,6.990835965636865],[126.34787026812145,7.001836533660798],[126.36786490854855,6.993770021829504],[126.39798614546595,6.992811289685449],[126.41043147422894,7.002220036541418],[126.45551302121925,7.002389488388562],[126.44312115277336,7.018955016805463],[126.45052329849634,7.055488426563701],[126.4837257670377,7.11864713242644],[126.51112244067188,7.125505227645983],[126.52678727239325,7.150529726505924],[126.519911365415,7.163180172000263],[126.53305679587507,7.186372002965343]]],[[[124.45159743283209,6.064939258444678],[124.52162705321275,6.024768793750366],[125.08651132866704,5.908931138912999],[125.09375700932137,5.936588537451148],[125.13186453540098,6.015041947845017],[125.1415184466966,6.024013627704053],[125.15390585330887,6.093941281888989],[125.17848891539145,6.109128940669021],[125.20812851689405,6.090967052452767],[125.24925038596184,6.09856087670741],[125.27176885034687,6.082004271489541],[125.27591132064707,6.027951028261413],[125.28578826137101,6.0143819949682],[125.28785728577405,5.9830969302471],[125.26374247950987,5.943067566617663],[125.26419725959586,5.930417115892546],[125.23526216357897,5.910400237806194],[125.21459938160564,5.882578330926952],[125.56386197220644,5.810576480188432],[125.5997713843515,5.858157371678047],[125.6204527243197,5.874945905264428],[125.62780575455896,5.894494594717246],[125.65859142113587,5.922091955256084],[125.6645754920056,5.9490026559844],[125.68733029513135,5.984876119208566],[125.69999860230155,6.043526663689598],[125.69793846659748,6.064689581584145],[125.71173942899179,6.113217973801473],[125.70324931782612,6.124258701867769],[125.70947415961687,6.172787067413968],[125.69983806765806,6.217181899086935],[125.68308076368403,6.250308550638592],[125.66631453225254,6.264113946661925],[125.65413670567062,6.297236119667147],[125.64588737354039,6.338402591827631],[125.63485555234364,6.368300829034145],[125.61947612419617,6.386935419003967],[125.6135098871648,6.412000043241651],[125.58226046290287,6.438455908673073],[125.58019146233329,6.455239926054613],[125.59307823627061,6.493637269830174],[125.57261544244109,6.495024054404562],[125.56273857694897,6.528828487720511],[125.51883871422439,6.52239846022145],[125.516319306451,6.549300195809033],[125.47930879959368,6.571609072233647],[125.47723975857069,6.583336534437414],[125.44850971395906,6.605186143905078],[125.44091586565176,6.577133904401074],[125.40345051521402,6.59969694343254],[125.38413816902288,6.601739208165067],[125.38643457418674,6.632087918374493],[125.3717284844809,6.727958577936161],[125.38806220145777,6.75416914482838],[125.38300107151471,6.772099209717582],[125.39035858022888,6.80290268464633],[125.42025691031188,6.836234460837227],[125.41911538005628,6.847038828591731],[125.45015516771208,6.869793655656983],[125.45683488371776,6.893930785237186],[125.48787467923081,6.91920941867657],[125.48605540479765,6.978510987492762],[125.52031909501041,7.023556794795277],[125.55690599893933,7.049058393339804],[125.58013795443333,7.041469013528873],[125.61073183360516,7.056170721218244],[125.62683808700599,7.081444896104556],[125.64524972039723,7.096837689240467],[125.66021892846925,7.12762780700615],[125.66045526287179,7.160491327104308],[125.64942344156545,7.186461197584427],[125.6452854190981,7.222080489816888],[125.65104654772541,7.243448445565241],[125.67521494246431,7.253552783869489],[125.69479481531307,7.291687060978347],[125.7484199946708,7.328657408273732],[125.77618555955465,7.341595844134249],[125.32596430599504,7.433088414919147],[124.59000332826973,7.581577230791804],[124.58758083175559,7.576786671737457],[124.52378277125811,7.258650457590749],[124.46119227643834,6.945853531514133],[124.33637816630073,6.320171489642592],[124.30531775217231,6.133341974134079],[124.31804738157108,6.120441709468977],[124.35413483566322,6.119567717072516],[124.39183207448843,6.094543258218629],[124.41549654496764,6.093651404818364],[124.45159743283209,6.064939258444678]]]]},"properties":{"id":"S1A_IW_GRDH_1SDV_20260110T212426_20260110T212451_062710_07DCF8_B016","acquisition_date":"2026-01-10","acquisition_datetime_utc":"2026-01-10T21:24:26","image_id":"S1A_IW_GRDH_1SDV_20260110T212426_20260110T212451_062710_07DCF8_B016","instrument_mode":"IW","orbit_number_start":62710,"orbit_number_stop":62710,"orbit_pass":"DESCENDING","pass_hour":"6 AM","platform_number":"A","polarisations":["VV","VH"],"product_type":null,"relative_orbit_start":163,"relative_orbit_stop":163,"resolution_meters":10,"satellite":"Sentinel-1A","slice_number":4,"system_index":"S1A_IW_GRDH_1SDV_20260110T212426_20260110T212451_062710_07DCF8_B016","total_slices":16,"TileNumber":"E4"}},
{"type":"Feature","geometry":{"type":"MultiPolygon","coordinates":[[[[125.32897910132975,5.389987444469526],[125.35124784898878,5.384698951931278],[125.37351214761904,5.367669661086101],[125.38865527495291,5.378482949720364],[125.42056905516817,5.368356325110352],[125.42700347321167,5.377332551964106],[125.42265141222803,5.425423913290639],[125.37834130879789,5.434400084655988],[125.36180695029509,5.422663731643875],[125.34528156461963,5.396662738583896],[125.32897910132975,5.389987444469526]]],[[[125.08685747727708,5.909222717374319],[124.87249766021655,5.953236392094947],[124.58055397099186,6.013026628781997],[124.6005403489312,5.990334035157246],[124.62489148709997,5.991274907392826],[124.66810019026778,5.96026190470315],[124.69130535993139,5.954068161332977],[124.73243610143803,5.931331255524608],[124.79930029590649,5.909066974041846],[124.82962665848868,5.889072310821466],[124.86730162131627,5.881964524345192],[124.92382073729301,5.858991259217682],[124.95735317884308,5.855098412078816],[124.9828413679729,5.861323378819093],[125.0414116634079,5.856289022496266],[125.07242023216767,5.861818279360713],[125.08367053663991,5.87378650785455],[125.07837761492137,5.902079550932405],[125.08685747727708,5.909222717374319]]],[[[125.45134124501759,5.43646466784506],[125.46396496693018,5.424037153389905],[125.46259156595396,5.400109618808361],[125.47888070340372,5.399413955560026],[125.49059478164202,5.424723849305465],[125.49680181303229,5.474424977166118],[125.47132253727035,5.493987057627248],[125.45593414265198,5.463848026851153],[125.45134124501759,5.43646466784506]]],[[[125.56376152390655,5.810981387772294],[125.21437479108472,5.882997752741366],[125.21665875562746,5.859325665903536],[125.20173860668409,5.82941850318883],[125.17417689632475,5.833092814064997],[125.1714167747549,5.800884695580876],[125.21621738152436,5.766157240773276],[125.22648668631707,5.73417206092784],[125.24035442810457,5.717223020342844],[125.27317787831105,5.711180946919197],[125.28466010724311,5.693928703815425],[125.3044138941635,5.646073616704006],[125.30464129809783,5.629739918477063],[125.28926185040818,5.59085658923501],[125.2924724214154,5.58303527893026],[125.33564100171445,5.562099821281094],[125.35285759158776,5.569229927780759],[125.37420775986307,5.560258232863307],[125.41140553473187,5.57268125576766],[125.42932225852272,5.610873444172565],[125.45894407031578,5.64584174933831],[125.4839953108477,5.697834866627342],[125.51590903272177,5.752124445516363],[125.56376152390655,5.810981387772294]]]]},"properties":{"id":"S1A_IW_GRDH_1SDV_20260110T212451_20260110T212516_062710_07DCF8_3849","acquisition_date":"2026-01-10","acquisition_datetime_utc":"2026-01-10T21:24:51","image_id":"S1A_IW_GRDH_1SDV_20260110T212451_20260110T212516_062710_07DCF8_3849","instrument_mode":"IW","orbit_number_start":62710,"orbit_number_stop":62710,"orbit_pass":"DESCENDING","pass_hour":"6 AM","platform_number":"A","polarisations":["VV","VH"],"product_type":null,"relative_orbit_start":163,"relative_orbit_stop":163,"resolution_meters":10,"satellite":"Sentinel-1A","slice_number":5,"system_index":"S1A_IW_GRDH_1SDV_20260110T212451_20260110T212516_062710_07DCF8_3849","total_slices":16,"TileNumber":"E5"}},
{"type":"Feature","geometry":{"type":"MultiPolygon","coordinates":[[[[121.89333536346118,19.545452771062102],[121.90197712732204,19.521213105222383],[121.92904834306394,19.496750481166305],[121.96827504302651,19.476738021288877],[121.99524811511962,19.517101814890545],[121.994102119713,19.55780900098304],[121.96987134213626,19.576956364990007],[121.89333536346118,19.545452771062102]]],[[[121.27660152359971,18.859852609890826],[121.29528074935996,18.843144401981935],[121.35105067259542,18.84474072011684],[121.37838942222234,18.85139815862467],[121.44602063708514,18.856075787342977],[121.47271727467373,18.870081833434664],[121.46851235928077,18.883222771167215],[121.41562740660136,18.907154768976653],[121.32462163848211,18.882437936342225],[121.2828665602414,18.884168117299104],[121.27660152359971,18.859852609890826]]],[[[121.19563317930299,19.100260619005383],[121.19801433926797,19.067138374267945],[121.21759877441608,19.040321358708585],[121.2542436290581,19.0310597766649],[121.24812125282554,19.103292788056553],[121.23860105871044,19.11992074746957],[121.23333933028994,19.153529035112566],[121.21031253872698,19.14773221813745],[121.19563317930299,19.100260619005383]]],[[[122.11106879640668,18.554239247816497],[122.12486078943394,18.541419333942656],[122.12344284749798,18.509946985085687],[122.15109814824729,18.523605189703822],[122.15627075081517,18.58008414042826],[122.12725980115115,18.574024269890238],[122.11106879640668,18.554239247816497]]],[[[121.34799174472998,19.358785886723897],[121.38984489191509,19.330145072362953],[121.39199864709929,19.302998077065723],[121.44055820983951,19.27014792893299],[121.50787283124164,19.24929269845017],[121.51378558987041,19.260957720304518],[121.54002292508164,19.26944334562454],[121.54020577322297,19.2864548149875],[121.52245411657624,19.32340738947313],[121.53317379301856,19.35250303976724],[121.51737075610106,19.39265278032137],[121.49243991432257,19.371048454191904],[121.43398103624033,19.38515260883349],[121.41155183813929,19.39501160794362],[121.39311345180487,19.39103860492038],[121.38709358866639,19.370633736846525],[121.34799174472998,19.358785886723897]]],[[[121.8265291160565,18.86251469575923],[121.83616526679081,18.822636939875956],[121.86165788127065,18.815676323337367],[121.87849997060778,18.83065444989366],[121.89301432026711,18.869564538416398],[121.92286803673369,18.88208567014892],[121.9550939052048,18.908135754597307],[121.95018894414041,18.921526446586107],[121.98695423487642,18.942689302787084],[121.9912260165827,18.956432301485506],[121.97231499283694,18.968387169116383],[121.94377225713497,19.002066763282574],[121.90049672002866,18.999819348556198],[121.86704450861916,18.971936557978328],[121.87084810153226,18.948673500435486],[121.85238741186036,18.921299044365608],[121.87159723524327,18.895101854021824],[121.8641951375125,18.88277237047354],[121.8265291160565,18.86251469575923]]],[[[120.59307043536808,18.32101039357086],[120.59108553916676,18.316664650697778],[120.91152599892699,18.25965366718586],[121.76401482329149,18.10521243695976],[122.17607864745315,18.02910513073386],[122.18280237571481,18.05981852650349],[122.16870267541546,18.08114644285753],[122.18286031658295,18.11290418256966],[122.19827095736753,18.11430434932118],[122.20774211831578,18.137620968719943],[122.23592360154545,18.15815066648502],[122.26197820913396,18.16445584834112],[122.26796672119752,18.179081645112536],[122.30294836057793,18.217893660541833],[122.33370281570882,18.27813165818496],[122.33800141390218,18.30821274716674],[122.32576114099763,18.339386344547925],[122.32173900478091,18.37461327036538],[122.29505136128203,18.40739651801229],[122.26503715386251,18.4282740525908],[122.24072163288194,18.47550044992526],[122.2475128488145,18.494487279644545],[122.23959347259793,18.512756241189297],[122.16211661531383,18.51886069556805],[122.12483409974969,18.422347958799367],[122.13226293602023,18.386166788441546],[122.064466766633,18.340612574802726],[122.05092445262615,18.318718432045678],[121.99677314057526,18.281244128886627],[121.94029416732337,18.26630612744906],[121.89894934365432,18.268406358721222],[121.83618307791654,18.287749927752543],[121.74569006537334,18.32369921118209],[121.62848710142525,18.363554670277914],[121.520955810265,18.412198992417256],[121.43081512313599,18.472575209855524],[121.39871400383772,18.488726076715007],[121.3485357907341,18.504796736759694],[121.26468683549527,18.555840063601323],[121.223823621904,18.593862825707667],[121.19217738058983,18.612501819759263],[121.13761140443424,18.630382787209168],[121.09541491283991,18.62816668313698],[121.08444995141984,18.613991214916027],[121.05043146578694,18.608716101865422],[121.03170771953674,18.618726730663358],[121.01809851140543,18.604341686392285],[120.99130828092908,18.59900416102594],[120.95561763065504,18.561311357976336],[120.92740486824107,18.558502127322814],[120.9069955812137,18.567589806505932],[120.87088575851377,18.609411687442],[120.85209064440754,18.64767969892472],[120.82791787287799,18.637472793435034],[120.79100095917178,18.631016013126544],[120.77781101583732,18.60166176975322],[120.78872688885869,18.57471097321467],[120.77171540369254,18.5479117530127],[120.72702627675459,18.527230444233677],[120.66706916856971,18.531430919861457],[120.63078107524754,18.547229481180448],[120.59546492343517,18.51957866647619],[120.58092566591192,18.51509515999764],[120.57183616265345,18.461989335201228],[120.5940023524695,18.414776369923228],[120.59879142362387,18.358676433000475],[120.59307043536808,18.32101039357086]]]]},"properties":{"id":"S1A_IW_GRDH_1SDV_20260113T214540_20260113T214609_062754_07DEA7_DE83","acquisition_date":"2026-01-13","acquisition_datetime_utc":"2026-01-13T21:45:40","image_id":"S1A_IW_GRDH_1SDV_20260113T214540_20260113T214609_062754_07DEA7_DE83","instrument_mode":"IW","orbit_number_start":62754,"orbit_number_stop":62754,"orbit_pass":"DESCENDING","pass_hour":"6 AM","platform_number":"A","polarisations":["VV","VH"],"product_type":null,"relative_orbit_start":32,"relative_orbit_stop":32,"resolution_meters":10,"satellite":"Sentinel-1A","slice_number":1,"system_index":"S1A_IW_GRDH_1SDV_20260113T214540_20260113T214609_062754_07DEA7_DE83","total_slices":19,"TileNumber":"B1"}},
{"type":"Feature","geometry":{"type":"MultiPolygon","coordinates":[[[[120.39175983506979,17.51983478688945],[120.38912004807001,17.516624207690274],[120.38967302009932,17.511973361922344],[120.39175983506979,17.51983478688945]]],[[[120.32811958229082,16.80953121046712],[120.32676126853102,16.80346482221102],[120.82815396453253,16.712196242528677],[121.42067688718093,16.602672721880687],[122.22302874965104,16.451464247756693],[122.23301626782641,16.463839436438043],[122.24916717820655,16.509527383938757],[122.2800910467224,16.524933520051405],[122.30168200795909,16.551719389030943],[122.32656828305068,16.60692299852469],[122.36953616002704,16.690103089806104],[122.39115832713294,16.716880044611152],[122.42436082679563,16.78205870803559],[122.43868339479526,16.798147137127966],[122.43232920629575,16.817762671206875],[122.4610146074292,16.86670137340091],[122.460564215256,16.89702320057204],[122.47947530226358,16.94588156268771],[122.4683899999856,16.967641970731254],[122.4890132860176,17.01716479717346],[122.51183494256104,17.040468033285144],[122.52189468468698,17.100260111178443],[122.51510791887932,17.136427928944293],[122.4559000285546,17.108848347589653],[122.41866210268502,17.13857721616222],[122.4147425435163,17.177456121227635],[122.42742864418778,17.1940350614955],[122.42073105519614,17.222845254276],[122.4217076191104,17.269005930698608],[122.43433576552586,17.295461729162266],[122.42227837896537,17.303916236938417],[122.41245050670047,17.332084309296185],[122.37214468981442,17.354732107394064],[122.35829917133495,17.340231132676305],[122.331290442453,17.341310225154885],[122.31511730990619,17.331892562461988],[122.24915376225488,17.365210983807323],[122.23803724452652,17.42119053719792],[122.19592998989422,17.50240861282394],[122.19177850703481,17.545425551391205],[122.1636416352473,17.61863951902419],[122.16023935149947,17.68210147919606],[122.16674072446126,17.70016530037785],[122.14618867614374,17.73789372114226],[122.13858595177838,17.792223427620893],[122.158598375555,17.816315980396425],[122.15315377379044,17.837755344568578],[122.1688543461599,17.84536257426572],[122.1626606180882,17.86451887548299],[122.1738886367049,17.894243197205824],[122.19072621367027,17.914005931301933],[122.17923059428384,17.930937175365575],[122.18121492234154,17.98376855642822],[122.19051213379645,18.012828542232977],[122.17595179413524,18.02944310005231],[121.70891666064578,18.115653568943184],[120.59120576876998,18.316927888858686],[120.58091932608428,18.29440294446558],[120.56469715365962,18.27401592877566],[120.54815838207517,18.23180159294974],[120.52230895354002,18.202714889866545],[120.51827350139084,18.158605473933104],[120.50610461332076,18.122803385477543],[120.48493272531326,18.01338595833403],[120.49813167127286,17.997823711746967],[120.47715162727347,17.97584478122841],[120.47251863369664,17.957018415375792],[120.47152870268107,17.94897867923237],[120.45070024024736,17.840827657908317],[120.45438342301127,17.825189610916862],[120.44869366420629,17.81716768640707],[120.4317338763924,17.747708631163597],[120.43450029777372,17.743003897358097],[120.42820850275041,17.726482945988927],[120.38897421040761,17.527211514256134],[120.39324468061844,17.529899014349674],[120.4200126824859,17.518131455973815],[120.40006270387602,17.497521431126682],[120.42611717709856,17.48893769310502],[120.43006348408959,17.454923698161842],[120.45717481201139,17.416004614119107],[120.45467330557591,17.385923552420934],[120.44600484895697,17.371253106792533],[120.44133170225653,17.337042898483677],[120.42672810300058,17.33433617638134],[120.41472418468521,17.255592905511396],[120.41919669415735,17.23582569616097],[120.40618950813138,17.2057803280695],[120.41831827664913,17.190811125747423],[120.4293679131714,17.143691750512854],[120.43578896620704,17.073162165186965],[120.44822541760644,17.019840260359043],[120.440390758483,16.96475253752516],[120.40344265139072,16.90563374128847],[120.39499718976785,16.87787581288623],[120.36891138265929,16.850175893660776],[120.33598540349699,16.836495426797807],[120.32811958229082,16.80953121046712]]]]},"properties":{"id":"S1A_IW_GRDH_1SDV_20260113T214609_20260113T214634_062754_07DEA7_E15C","acquisition_date":"2026-01-13","acquisition_datetime_utc":"2026-01-13T21:46:09","image_id":"S1A_IW_GRDH_1SDV_20260113T214609_20260113T214634_062754_07DEA7_E15C","instrument_mode":"IW","orbit_number_start":62754,"orbit_number_stop":62754,"orbit_pass":"DESCENDING","pass_hour":"6 AM","platform_number":"A","polarisations":["VV","VH"],"product_type":null,"relative_orbit_start":32,"relative_orbit_stop":32,"resolution_meters":10,"satellite":"Sentinel-1A","slice_number":2,"system_index":"S1A_IW_GRDH_1SDV_20260113T214609_20260113T214634_062754_07DEA7_E15C","total_slices":19,"TileNumber":"B2"}},
{"type":"Feature","geometry":{"type":"MultiPolygon","coordinates":[[[[121.81076169890088,14.960292981411085],[122.02044647844987,14.920633675979957],[122.01135437376102,14.948025931956087],[121.98753390899152,14.958469199944632],[121.9984988107548,14.984630699565047],[122.0285398074444,14.99070846721911],[122.05652065326423,14.955878460382298],[122.04704506165781,15.006029920651942],[121.9923631057912,15.044645799572212],[121.96633532826458,15.052725653181676],[121.90891104588712,15.044516455753143],[121.88474268588608,15.02783048384432],[121.85732365111082,15.0281649659365],[121.83914837331808,15.037422006023261],[121.81295564038957,14.981201664073085],[121.81076169890088,14.960292981411085]]],[[[120.10131629933241,16.06924461903356],[120.07317313962015,15.9372507857741],[120.01391365180505,15.644268686092781],[119.96375795149737,15.344021133052989],[119.96499261888344,15.335932098365987],[119.98632948322104,15.305289167172639],[119.98783821608329,15.30344537408525],[121.01468282255861,15.111990479078385],[121.5405326815621,15.011998281602215],[121.51600621567586,15.040926906681639],[121.49999803265365,15.072452745281877],[121.49228827628595,15.112691669733568],[121.49400499890274,15.13934813097725],[121.48178711743859,15.18074200719011],[121.43572016328892,15.210725011166224],[121.41278252945389,15.209391693198052],[121.41139128568008,15.226403199318316],[121.3861616442849,15.275167908120592],[121.37156707006649,15.319085608083695],[121.38868548311669,15.369830176070266],[121.40363243873385,15.383818392868296],[121.43057873775986,15.365839245666798],[121.45742260957765,15.411964219697317],[121.47328801772287,15.417212553207452],[121.49482104101213,15.522380468880113],[121.5581982903839,15.587006211015566],[121.56036980322234,15.60193083793462],[121.59526232727436,15.628939627057806],[121.61878854006254,15.657361882437677],[121.59420990811869,15.680397651780266],[121.633392038327,15.7110628474938],[121.6410349990124,15.736305841589246],[121.63231742868307,15.753098789177342],[121.60032785617521,15.76007728092737],[121.57282855180507,15.755328396481177],[121.54900356820592,15.805685045240052],[121.54435719238059,15.844274063204645],[121.55230777120299,15.897988411019604],[121.58418144232508,15.933955528606504],[121.59983732495402,15.937353334585296],[121.65212025725909,15.974172145733382],[121.6536007391889,15.99529040200456],[121.72057197378118,16.042391945467152],[121.74558302491438,16.071487600013267],[121.7610783930475,16.077279897982013],[121.77940975860324,16.063309554053482],[121.81434684073031,16.087696368096655],[121.83550972849382,16.091348389543725],[121.86242045405248,16.118116363002436],[121.88744936543293,16.127226330513825],[121.92561484379323,16.12355646887836],[121.96874321796558,16.13634071148992],[121.98610697329364,16.15700864998631],[122.0193852312633,16.178162614613495],[122.05310051732631,16.178421248803232],[122.06955906962837,16.201158192424238],[122.06684786894033,16.228501398576938],[122.09557347612167,16.26163698463885],[122.14349542362811,16.25664280585402],[122.13477338442974,16.228073370261004],[122.0966169042208,16.200578494289932],[122.08719032200365,16.15456953187524],[122.04673738917144,16.112413192587773],[122.03166115258415,16.103655478109914],[122.01396746207865,16.07611163160608],[121.99149358846246,16.027061545799274],[122.00885729101594,16.03120406783229],[122.05106267456793,16.064856856711227],[122.07180645984175,16.08937302824218],[122.07319768221335,16.121019259848957],[122.17548494635632,16.218807358975372],[122.20400984808343,16.23723683527635],[122.2045538984446,16.258341751645553],[122.22049517432276,16.276253973184343],[122.21578186446048,16.294910821992517],[122.19431129527085,16.289006962267635],[122.19521209335659,16.333522155971878],[122.22427197538003,16.35423915350453],[122.23487130909541,16.380030602589635],[122.20542335151646,16.41395102149139],[122.20555713288364,16.439430273360472],[122.22315387708524,16.45174065265559],[121.40517081866868,16.605907579407035],[120.8403324907418,16.71030426592552],[120.32682321565294,16.80374149394673],[120.32659897516288,16.802739974486933],[120.32650087370676,16.7793520012337],[120.3408726102921,16.72719389561661],[120.33355519209917,16.673952224953105],[120.31181262621243,16.64646184483779],[120.31579012677497,16.624411619391967],[120.29786899259042,16.601045945347323],[120.30280972180621,16.583356720188597],[120.3196695756181,16.570224649194593],[120.31742216660828,16.53580038597834],[120.30713059490336,16.51539995654615],[120.32794115404386,16.475629256686968],[120.33702880657057,16.41546704478199],[120.32507395109401,16.3946118831966],[120.3399451002431,16.358997026382372],[120.3419784350398,16.329611569627218],[120.34171090900674,16.325419979499898],[120.3430619934276,16.29335009869511],[120.36630279487281,16.283178888406887],[120.39753880910607,16.251644161048876],[120.41615108932677,16.20774873869997],[120.42575153449604,16.17283846122598],[120.41284242953753,16.147408192312163],[120.36424274926318,16.092958129439783],[120.32288452981527,16.06623475022806],[120.2891470204982,16.051644564182237],[120.23240498602446,16.03342915072084],[120.17240324296037,16.029197418174945],[120.11292331959815,16.05362886061673],[120.10131629933241,16.06924461903356]]]]},"properties":{"id":"S1A_IW_GRDH_1SDV_20260113T214634_20260113T214659_062754_07DEA7_10F3","acquisition_date":"2026-01-13","acquisition_datetime_utc":"2026-01-13T21:46:34","image_id":"S1A_IW_GRDH_1SDV_20260113T214634_20260113T214659_062754_07DEA7_10F3","instrument_mode":"IW","orbit_number_start":62754,"orbit_number_stop":62754,"orbit_pass":"DESCENDING","pass_hour":"6 AM","platform_number":"A","polarisations":["VV","VH"],"product_type":null,"relative_orbit_start":32,"relative_orbit_stop":32,"resolution_meters":10,"satellite":"Sentinel-1A","slice_number":3,"system_index":"S1A_IW_GRDH_1SDV_20260113T214634_20260113T214659_062754_07DEA7_10F3","total_slices":19,"TileNumber":"B3"}},
{"type":"Feature","geometry":{"type":"MultiPolygon","coordinates":[[[[120.01312416681542,13.893323710053247],[120.04427551675046,13.87017654424365],[120.0576616528053,13.878724624880796],[120.03450557046234,13.902817172575638],[120.01312416681542,13.893323710053247]]],[[[121.03996149645734,13.567902999756013],[121.07093378251518,13.532592854292107],[121.09731452158452,13.535868773562262],[121.08863259879288,13.568553998683061],[121.03996149645734,13.567902999756013]]],[[[120.83609589802501,13.67130503110798],[120.83915933008862,13.658650166257761],[120.88268461270408,13.630571207903085],[120.93253283779917,13.631248989193594],[120.94476420976412,13.645736567166582],[120.9292375928718,13.660933164647027],[120.88548935419065,13.658413777449645],[120.84974076833001,13.67245547922942],[120.83609589802501,13.67130503110798]]],[[[122.01316924674116,14.871931416147957],[122.0239335590492,14.847285981213137],[122.06198304001424,14.850340400735066],[122.0646361844417,14.865733260129112],[122.0349207374854,14.875516556282838],[122.01316924674116,14.871931416147957]]],[[[121.82084820585527,14.304711483346507],[121.80525918764118,14.296025141861582],[121.80918769349265,14.271861251075888],[121.83368593022372,14.269934925854178],[121.85146883569813,14.297929179692094],[121.82084820585527,14.304711483346507]]],[[[120.25482976307418,13.81062965541296],[120.27369621075964,13.79064846871876],[120.29373095317162,13.781021221459953],[120.32830240940308,13.788450137079654],[120.32280877398503,13.822718315903044],[120.28605682817194,13.83898959279957],[120.27835153635726,13.816426526462536],[120.25482976307418,13.81062965541296]]],[[[122.08306117739598,14.10954549931933],[122.04340193118476,14.136616762367556],[121.92902151858776,14.232545370137753],[121.91027994336403,14.198116662979324],[121.92392926386634,14.195762271070752],[121.96469879742058,14.133722743769791],[121.99262173857818,14.10692799974796],[122.04060162154404,14.086937883990425],[122.05346618210427,14.067331213146199],[122.07697895652582,14.056187940354201],[122.09262929009354,14.104133909449452],[122.08306117739598,14.10954549931933]]],[[[121.74069140165561,13.917607978143042],[121.74366567037825,13.890911340147854],[121.79926170053906,13.900846201184185],[121.78736928221927,13.937928095343317],[121.7602980851535,13.94009074625012],[121.74069140165561,13.917607978143042]]],[[[122.23339976166189,14.790615232269532],[122.18792590779346,14.811140456876629],[122.21428806235436,14.840204868138931],[122.15145932366447,14.838670966710078],[122.13960262519679,14.829989067816344],[122.0961397438397,14.82949856442414],[122.10759517260348,14.804616852040537],[122.14299152512274,14.795489003122098],[122.18466183760306,14.76701765248576],[122.21578186446048,14.756284634366162],[122.2261351467544,14.752022602440322],[122.23339976166189,14.790615232269532]]],[[[121.97244871518981,13.525140203472288],[121.94261739075289,13.531244716802327],[121.90242743672836,13.532319392471013],[121.86636222624284,13.570886116596473],[121.856231206568,13.565860704184663],[121.86319188154872,13.537759473233411],[121.8437590635781,13.49365003793362],[121.8130893819984,13.457629444877629],[121.82584241372217,13.405114545120673],[121.8247264843048,13.385567117412299],[121.93833442747552,13.363245987598987],[121.97244871518981,13.525140203472288]]],[[[120.07657717048026,13.848407215508802],[120.0926121367148,13.839934890998016],[120.0901328479083,13.807717927289131],[120.10148577978423,13.784740111841648],[120.14790502321235,13.764607284739855],[120.15805838206447,13.748523330320868],[120.20797800133104,13.728390457643236],[120.21273137074863,13.715512629108288],[120.25955195460465,13.710322237512187],[120.24845321950376,13.727784029651449],[120.27498488929322,13.744403125402242],[120.26320842688264,13.755426009251615],[120.24852012670452,13.79312774146422],[120.21737775670142,13.824127366416766],[120.20658228635025,13.815356364907062],[120.18064814362187,13.831868349037729],[120.16535340868238,13.831600820847386],[120.14859169374392,13.851118293458116],[120.12384808979867,13.862332990535451],[120.08946844113697,13.867072993698978],[120.07657717048026,13.848407215508802]]],[[[121.81076169890088,14.960292981411085],[121.80098741909391,14.933663209576025],[121.8336012168424,14.934238427827308],[121.85057257810375,14.92291227502143],[121.85310539710375,14.904973353823635],[121.87238206136594,14.87524451601255],[121.87814318871067,14.834305518834817],[121.91529199829284,14.788412448135809],[121.93720398274647,14.712456091949173],[121.91499324532958,14.710012561531128],[121.9023962641927,14.687070418055972],[121.91005697555636,14.6500197589071],[121.93781933569524,14.627380899043857],[121.97516434570913,14.641944330075171],[122.01236660159078,14.675820180101795],[122.0272064717192,14.725655044376891],[122.02366597989165,14.783605569853592],[122.01790033526154,14.816277371148617],[121.98185746491555,14.841257267521703],[121.96661181261045,14.869594860112029],[121.96434654697396,14.892590394906946],[121.98993734168106,14.91386478534462],[122.01689258254227,14.91674094550325],[122.01987860612894,14.920011674873622],[121.81076169890088,14.960292981411085]]],[[[121.79142262502238,14.110111798922263],[121.74212724138441,14.156388408654179],[121.73278099692752,14.181493133323624],[121.75289154042144,14.207650173222405],[121.76027130680275,14.23108728066349],[121.75514339539431,14.250421902848233],[121.7278581157476,14.27052354321964],[121.7331243304192,14.29419687677911],[121.72870535335174,14.318360757366293],[121.65492064228617,14.405522790121289],[121.64869572006585,14.459816791620042],[121.62667220968083,14.513691648388933],[121.62627980624698,14.544044775423659],[121.60732418217023,14.602048765347888],[121.60415817576231,14.662300170329797],[121.6278315676186,14.685456228793559],[121.65898285699706,14.682147580942475],[121.66893553624529,14.69545353525879],[121.72634199497229,14.707461902359109],[121.65004683638145,14.78126446459458],[121.6271671513838,14.790989830315272],[121.59916847865524,14.834978846024907],[121.60868867631177,14.862308641142416],[121.58676328787523,14.880528568753997],[121.57784953407231,14.905147230787836],[121.56475755803842,14.965412004472864],[121.54031445453782,15.01236867707714],[121.09947388649601,15.096312701872947],[120.53501704832496,15.202392513920465],[119.9875658169911,15.303778270868325],[119.98968269157486,15.3011912186053],[120.01056465868179,15.27226952909292],[120.0097754187406,15.228837842068167],[120.02143151935384,15.20887443776736],[120.03436289965329,15.164328021573763],[120.0621564328091,15.048801664421802],[120.06480964374643,15.018118584386434],[120.0582815189021,15.000001248736394],[120.05166420619173,14.93108581309165],[120.05812988075212,14.906043549546041],[120.04943023763319,14.893379647981739],[120.07859719317659,14.858513941579893],[120.08038527047928,14.818288417077932],[120.09435119881928,14.808665708189467],[120.0868063739947,14.801749591058071],[120.08827791257326,14.782441722388503],[120.12844991480799,14.777255756036528],[120.13371163029863,14.754737335710416],[120.16371692967893,14.748833480679677],[120.17177007599788,14.741493780202632],[120.19647350298084,14.772127793927691],[120.19782458522104,14.798338378894586],[120.20863345126857,14.818364255629605],[120.21021196005626,14.847334999033132],[120.19172007811609,14.870054164986692],[120.21933532753576,14.880229794067025],[120.234228681293,14.876350414196729],[120.24209010132535,14.852231122606876],[120.26571441342428,14.850206654411796],[120.26743122736579,14.823081951499224],[120.29250467933063,14.812094720940069],[120.29441765798713,14.797388578258486],[120.25789762672628,14.76398102687571],[120.24600967480757,14.702106574353396],[120.25338057975902,14.680970378688567],[120.28766662046742,14.658732901293579],[120.2990283347649,14.642430433798946],[120.32006191355109,14.631893557358593],[120.36020726615902,14.62460293495026],[120.37439163867067,14.61381630975077],[120.39098394483378,14.580270492995965],[120.38368438679719,14.567615568632975],[120.38587832518829,14.532205891952207],[120.37386991215205,14.522065861112875],[120.38787154322138,14.481158119223265],[120.38744344144413,14.460690786951503],[120.44761450573925,14.43846664159174],[120.46510310545273,14.42652966080141],[120.50187736937431,14.435545927328214],[120.54012306790203,14.417419684518169],[120.57994727129498,14.435394369099505],[120.6018504131298,14.462777679873618],[120.6100462473261,14.507168053473732],[120.59890740353744,14.559584764556934],[120.58400508964168,14.588778482912346],[120.57919368222704,14.657756298412139],[120.54776146798243,14.684399448555002],[120.53518684527793,14.728299335328018],[120.55239893529304,14.748088814653512],[120.54080978112994,14.760266593972432],[120.54763217859255,14.778664844613512],[120.53697044625987,14.803711597465243],[120.5527556970802,14.825338246520436],[120.580870328379,14.823523438325134],[120.57163102482521,14.848806539411324],[120.59944243743193,14.902618981652816],[120.61412179901178,14.872288122124257],[120.6120305328906,14.845618270675512],[120.59882267938698,14.824919132532388],[120.65486015684914,14.765871730035245],[120.69500551117207,14.770032010820222],[120.75901137748595,14.753038376660163],[120.81403227754373,14.75810390627449],[120.84496946796483,14.752356175000344],[120.86811668985918,14.724076540357714],[120.90281742920159,14.706133108024193],[120.96112906783225,14.63483204753699],[120.9608927071797,14.589536567261364],[120.98519036407482,14.562389546658677],[120.9953214918368,14.527202795197166],[120.98777219380224,14.493170911543727],[120.97548737776333,14.477309908731009],[120.91203884599572,14.44836136704988],[120.8839732478006,14.45342696129706],[120.90425771928756,14.478491511025805],[120.88915918602984,14.486772095060456],[120.87359694631286,14.440094217699063],[120.83894525422862,14.398009236459385],[120.79273113920144,14.363972932580184],[120.76682377534193,14.327631252231722],[120.6956476053061,14.28137696443702],[120.6510922076219,14.285952014485067],[120.62448035065148,14.266612904079619],[120.626638560488,14.229584536731194],[120.58635505602854,14.216675392921593],[120.58426816019727,14.190910766575337],[120.60077571027671,14.174362987437153],[120.60365186538561,14.145842621317557],[120.5961293875995,14.123752205580441],[120.61805026931314,14.118017804054334],[120.61689538143149,14.09110710286355],[120.62729847183417,14.055684019781319],[120.61578955497167,14.030833477604371],[120.61557553425244,14.011048438791939],[120.63020132096986,13.989894483090106],[120.61728777763261,13.955376551491254],[120.62394524723783,13.897176389493351],[120.61712730792415,13.887509021844199],[120.6162488467754,13.831832697639033],[120.64878241253422,13.77778396274908],[120.66314073559866,13.771122023184597],[120.6765269843641,13.792293864193308],[120.6510610525693,13.849570993937775],[120.68376855009598,13.856259624567627],[120.70754895459758,13.843158823020827],[120.72189387879281,13.862029750434415],[120.69975442076053,13.890318283119518],[120.70066852919862,13.911485641338496],[120.7199630791089,13.932657416267167],[120.74278921299134,13.93703626380246],[120.78259113528243,13.924162841207242],[120.79694493853751,13.926695650504273],[120.84356037742116,13.910357500658794],[120.87605385377208,13.90552382120967],[120.90100252569134,13.892173284593815],[120.9120655567216,13.876985535338623],[120.918419828697,13.844545599559646],[120.91348358136695,13.801983474499545],[120.92994659510524,13.775286819248029],[120.92665128031264,13.758493861764785],[120.9052431849827,13.755969997447252],[120.87583984214592,13.70880609268132],[120.89772061922912,13.689935168269901],[120.91560165497346,13.699593576885592],[120.93559184658137,13.733179542577181],[120.94970488189948,13.743065390271743],[120.96311780566987,13.772972568330227],[120.98877107469698,13.786300855347907],[121.00734763798611,13.782840592207421],[121.04781397128255,13.762792484095565],[121.04640049009966,13.748987102032576],[121.06237742471711,13.71860279017026],[121.04801910750632,13.69123279021755],[121.052710114546,13.672130024627272],[121.03576105835518,13.633487408129382],[121.10207233041902,13.62353472465213],[121.11148106389416,13.63042845736687],[121.1785147498809,13.644849245689086],[121.20012793469684,13.627333852713889],[121.23445861573715,13.625443216803884],[121.26310835901278,13.597787875065974],[121.28756647170081,13.596597328681145],[121.33489094479886,13.64161637199391],[121.36456180256756,13.66020187159631],[121.39396509573044,13.670498009864234],[121.42286896157056,13.654561133016635],[121.46951119420818,13.686671160743982],[121.4490795986224,13.70627333296112],[121.44957897052065,13.723298188229888],[121.43435561429465,13.761757966303751],[121.44032193156401,13.798558855112823],[121.45350743858157,13.805662273464504],[121.47570039567776,13.839890284487387],[121.5020983222061,13.858007641073392],[121.51975188861587,13.860263939123566],[121.59351429785889,13.895504210984805],[121.6118456766676,13.89199936434856],[121.62532107573237,13.910366383013862],[121.70115703137552,13.925099233456741],[121.69136039455707,13.953191630426913],[121.71967118571081,13.972428158799785],[121.75135315113175,13.968464038661809],[121.78079207635706,13.943011477747499],[121.78952752544595,13.951492697996214],[121.81562661845668,13.940590213441014],[121.81178289600946,13.916216737023483],[121.81973341764875,13.899624430578278],[121.84515926111018,13.90298656482671],[121.85357805732602,13.887540244849443],[121.8724355641394,13.895522045351456],[121.90265484835847,13.857445823970993],[121.9546524902467,13.848960097925879],[121.97344308024844,13.840371866916794],[121.97824999085522,13.8056087344484],[122.01423497827989,13.802469529291677],[122.02596236882898,13.7911433895183],[122.05902204447786,13.941087738391984],[122.05623520527105,13.942400607786256],[122.00499574800456,13.963786421229548],[121.98834992460114,13.979959602287076],[121.97257358620784,13.978184846889734],[121.92179777047936,14.002308626645403],[121.90254344363603,14.016417198186877],[121.84504779849281,14.076673007320075],[121.79142262502238,14.110111798922263]]]]},"properties":{"id":"S1A_IW_GRDH_1SDV_20260113T214659_20260113T214724_062754_07DEA7_1633","acquisition_date":"2026-01-13","acquisition_datetime_utc":"2026-01-13T21:46:59","image_id":"S1A_IW_GRDH_1SDV_20260113T214659_20260113T214724_062754_07DEA7_1633","instrument_mode":"IW","orbit_number_start":62754,"orbit_number_stop":62754,"orbit_pass":"DESCENDING","pass_hour":"6 AM","platform_number":"A","polarisations":["VV","VH"],"product_type":null,"relative_orbit_start":32,"relative_orbit_stop":32,"resolution_meters":10,"satellite":"Sentinel-1A","slice_number":4,"system_index":"S1A_IW_GRDH_1SDV_20260113T214659_20260113T214724_062754_07DEA7_1633","total_slices":19,"TileNumber":"B4"}},
{"type":"Feature","geometry":{"type":"MultiPolygon","coordinates":[[[[121.91794071480597,13.263288404906696],[121.93841072751887,13.363463667823416],[121.82474279358219,13.385852825427055],[121.82415244580719,13.375510604796684],[121.822328634972,13.340230168084112],[121.84224746983145,13.32658092135907],[121.86840011435645,13.28275684223108],[121.91794071480597,13.263288404906696]]],[[[121.53984016376035,11.950029595864054],[121.54869146965034,11.937111648869042],[121.540442107715,11.90697255848168],[121.55560308154837,11.891967712098317],[121.58248252990781,11.899035364178632],[121.58836408979826,11.916974334387792],[121.58258058161576,11.938632209744366],[121.56044122240414,11.966318721298325],[121.53984016376035,11.950029595864054]]],[[[120.30563675862452,13.679697100578691],[120.41026514896542,13.626825494834474],[120.41963365870284,13.641567365156655],[120.4073711863832,13.656505315721613],[120.38268999201996,13.653705028796772],[120.37114092813789,13.664273107555259],[120.30563675862452,13.679697100578691]]],[[[121.68234854608356,12.93399719904991],[121.70149150168837,12.901713284303305],[121.72120070339791,12.903951757746166],[121.73535832048539,12.932909114421497],[121.70329292691544,12.953960590416232],[121.68234854608356,12.93399719904991]]],[[[121.0309675527403,12.257756668394725],[121.03587251668677,12.225981111634404],[121.08217583970477,12.20200006689596],[121.08847213068275,12.173675811037121],[121.11769258390922,12.150626774032775],[121.13313893713416,12.166492250844255],[121.11562351194561,12.197362561664452],[121.10369098462293,12.201059194183317],[121.10299541717688,12.226150579309257],[121.07473806361133,12.294325767601045],[121.05507785512452,12.299177234051761],[121.04197702139057,12.28974623230859],[121.0309675527403,12.257756668394725]]],[[[121.39006784040004,12.101398293273228],[121.35735142555347,12.117348500087868],[121.34678785396343,12.091583789705572],[121.38212621447843,12.067888104670944],[121.38017308664226,12.059745819332182],[121.3661269598462,12.04619012380687],[121.37001969571878,12.02044776947305],[121.38918494095832,11.989742400073464],[121.4233461233508,12.017758914227375],[121.39402754704663,12.095632695951668],[121.39006784040004,12.101398293273228]]],[[[120.21325822604554,12.129447635782558],[120.28211025052305,12.11607996365905],[120.27203299490259,12.14172194956804],[120.25523558788183,12.123961293271437],[120.23393443351402,12.134738968341631],[120.2460498198771,12.151340228228461],[120.23681498712698,12.195980256824116],[120.21906332457895,12.18996051502863],[120.20699257471638,12.151482873714015],[120.21325822604554,12.129447635782558]]],[[[119.8630320547533,12.197160139751903],[119.88450589508905,12.204461511334172],[119.89740880661819,12.190534815506636],[120.1271943402417,12.146131217608064],[120.0918139462816,12.188734209721598],[120.06537596562039,12.191427546256428],[120.03926793782537,12.235559283792655],[120.01889871277379,12.240334981385958],[120.00995824342067,12.255732198624159],[119.98467071044875,12.25911219045857],[119.96965244838881,12.272418194156964],[119.94370491032967,12.266121905068628],[119.92262223891137,12.27595428219357],[119.92410271010012,12.316710437114295],[119.89174746826562,12.331336321764038],[119.87584634870885,12.328522549703296],[119.86139884631963,12.310516771102387],[119.88562953487329,12.279057798814089],[119.88099659124093,12.266380520335415],[119.85835327730203,12.256401061727093],[119.85630208243144,12.24004953607139],[119.87344281856068,12.226065870390677],[119.8630320547533,12.197160139751903]]],[[[121.5170139609734,12.72866894949514],[121.4978353966571,12.742527814831261],[121.47633361799761,12.778485986888816],[121.49170856397129,12.844743779528585],[121.48290184123846,12.89586743327848],[121.4984908930768,12.943709076330235],[121.48478804436286,13.01394440328659],[121.5048272818474,13.056247866635998],[121.53819468893956,13.072965061782602],[121.55748922135784,13.095470124843647],[121.55779249893241,13.125390666215052],[121.50832323910258,13.151293609713965],[121.47120114845167,13.135735813693287],[121.45150085217065,13.142683133302153],[121.4374458369553,13.160666621508778],[121.44922676011849,13.188027722795399],[121.4401614189988,13.224873257607069],[121.39650681972569,13.245220113369182],[121.38053876631014,13.24134069506376],[121.3535612248593,13.288040847585092],[121.31749153636076,13.320855370929605],[121.29921809526128,13.351498329375787],[121.24992279637775,13.377811527267722],[121.20345446464495,13.424596408769792],[121.15455593932928,13.416373806158926],[121.14256987430248,13.404882681366319],[121.11438839897872,13.418951189862495],[121.0577488988957,13.405654124852575],[121.02863092311306,13.424088031349998],[121.01875852028158,13.439743912835068],[120.97740927085107,13.470146093325804],[120.95555967594068,13.49846142852315],[120.92076978960046,13.514585480362866],[120.85708044454675,13.486524412636324],[120.79762279720967,13.475479188726053],[120.78163686198354,13.466503014920542],[120.74614688787219,13.466957885827206],[120.70665709008136,13.48420117637067],[120.66786742361954,13.492695795860236],[120.61499579788136,13.48737163809165],[120.56726114148981,13.505511254309681],[120.53201196496912,13.503638430946],[120.50402220002641,13.511432951609688],[120.46289144160508,13.509537811561868],[120.42336151278083,13.530428661695659],[120.38905312492734,13.524622966217187],[120.34983092818258,13.509832079497164],[120.3118348885152,13.473869430380894],[120.30436589319253,13.446008995651528],[120.30702350317908,13.421622160273996],[120.34541197423468,13.38118258350145],[120.38205687156893,13.375033442175189],[120.39045780014175,13.40864175088597],[120.4244985479452,13.423651069790816],[120.45999743020896,13.415183203156465],[120.46990115301493,13.393333641011127],[120.46454571069079,13.363640518997245],[120.48412119108461,13.316944762846108],[120.47852502399378,13.29438620931194],[120.5027602240193,13.264264916044194],[120.51825557942911,13.267506750585117],[120.52673238635703,13.249104033043867],[120.5213680768991,13.22493121429717],[120.544145180145,13.229787204993176],[120.57161767680437,13.219919166414668],[120.58828580137921,13.22338387707983],[120.60500300357806,13.19624137654083],[120.64044840292185,13.193271623832198],[120.67592497868634,13.152096258070422],[120.71589639958319,13.078458652969317],[120.73680063190402,13.057523158629836],[120.7621684348664,13.008040506534982],[120.7657090136903,12.97236771874927],[120.78334025878357,12.902622942841067],[120.77937164988816,12.867868682165609],[120.76555732677103,12.835410916385946],[120.77961695196538,12.833109968611934],[120.78855296340909,12.803876129775475],[120.79421155170125,12.725150733373617],[120.82772612475765,12.729756987321897],[120.85867231904119,12.718016162617738],[120.86405890329242,12.689932706788426],[120.89943738846155,12.658616493924262],[120.92991086926693,12.604969057325027],[120.93599759553014,12.581255520509297],[120.9167877461423,12.529235615522714],[120.92944266717838,12.49907431200986],[120.94114788052515,12.49101224319209],[120.97718633386364,12.422395567739118],[121.00224199036293,12.41501134673662],[121.02329343537302,12.377242703950495],[121.08202419574341,12.33046227764477],[121.09652526596454,12.33597378280133],[121.09931212128933,12.302820346703172],[121.09320764228384,12.269444002065304],[121.11775946576141,12.242252388985518],[121.18653664518939,12.243322542001524],[121.20723579348086,12.239242439994616],[121.24920040071775,12.211694139064377],[121.25978630286616,12.261404227334845],[121.27525938391605,12.285554704405534],[121.30592910424382,12.295400408403603],[121.3290852042509,12.294900963209175],[121.34248473954119,12.322962112092545],[121.39343443263292,12.288560125141863],[121.3799680019551,12.35350693952929],[121.3884179591462,12.368453807686434],[121.41182829133676,12.368868518951956],[121.44036203787363,12.358447637805302],[121.44201641101772,12.369492786740592],[121.4156407491566,12.404082045588588],[121.40939356193627,12.445301975111022],[121.43357079514992,12.479324945645535],[121.43575137770374,12.518453530297766],[121.45168366682668,12.518417838100287],[121.48988931851206,12.536976681680105],[121.50749823067062,12.556039286231965],[121.51857025920108,12.583868535185667],[121.55847029788399,12.617838019839134],[121.54869146965034,12.645488882983177],[121.54736266763193,12.678637805231865],[121.5170139609734,12.72866894949514]]]]},"properties":{"id":"S1A_IW_GRDH_1SDV_20260113T214724_20260113T214749_062754_07DEA7_089B","acquisition_date":"2026-01-13","acquisition_datetime_utc":"2026-01-13T21:47:24","image_id":"S1A_IW_GRDH_1SDV_20260113T214724_20260113T214749_062754_07DEA7_089B","instrument_mode":"IW","orbit_number_start":62754,"orbit_number_stop":62754,"orbit_pass":"DESCENDING","pass_hour":"6 AM","platform_number":"A","polarisations":["VV","VH"],"product_type":null,"relative_orbit_start":32,"relative_orbit_stop":32,"resolution_meters":10,"satellite":"Sentinel-1A","slice_number":5,"system_index":"S1A_IW_GRDH_1SDV_20260113T214724_20260113T214749_062754_07DEA7_089B","total_slices":19,"TileNumber":"B5"}},
{"type":"Feature","geometry":{"type":"MultiPolygon","coordinates":[[[[120.94009992697848,10.988139149026678],[120.95011067138958,10.969718590309274],[120.96710875189277,10.979608817684099],[120.95593865725107,10.995960410228921],[120.94009992697848,10.988139149026678]]],[[[120.67153273293214,11.31249409842829],[120.68856649084555,11.294546249712173],[120.69786819566278,11.322406700183834],[120.67153273293214,11.31249409842829]]],[[[120.93660849294291,11.152969803651814],[120.95385630276706,11.131552680595036],[120.96736733470496,11.132239432724008],[120.98718360903031,11.160082019469419],[120.94290921718127,11.162177828090849],[120.93660849294291,11.152969803651814]]],[[[120.11654858854251,11.811690518260736],[120.0993899534067,11.849632970578378],[120.08614195074814,11.828648417212891],[120.11654858854251,11.811690518260736]]],[[[121.41555162434678,11.84165121584455],[121.43937655206756,11.844821644752734],[121.48465879485356,11.829063150996364],[121.51667955710867,11.830828975384655],[121.53353942377456,11.84943229182897],[121.51207778908027,11.866755905998886],[121.42986085918145,11.871549435789216],[121.41555162434678,11.84165121584455]]],[[[119.97799095694035,11.96072258861401],[119.9827131472762,11.948303999945193],[120.00701970145491,11.945842534387445],[120.01164819146244,11.958979026578529],[119.99196571906167,11.973885855076446],[119.97799095694035,11.96072258861401]]],[[[119.65828674186542,11.30411995964504],[119.66825284085532,11.2682464545688],[119.69510555020901,11.309564462879425],[119.68086320904658,11.315263199770094],[119.65828674186542,11.30411995964504]]],[[[119.34007196958676,11.220422578465165],[119.36628697621205,11.199839359030618],[119.35391295394881,11.244666757266637],[119.34007196958676,11.220422578465165]]],[[[119.55684663920125,11.15183269148951],[119.56703130738235,11.137046318357108],[119.62143675949703,11.16145988914994],[119.62573977992723,11.18795141946908],[119.59748692690297,11.198880657802638],[119.5870972530406,11.178114664335164],[119.55983876484026,11.176611947250025],[119.55684663920125,11.15183269148951]]],[[[120.13349760592897,11.767759416791588],[120.15902153173813,11.746641082640224],[120.18446516636054,11.748772593153147],[120.19843103092525,11.763768549704741],[120.18109850094326,11.784677258860544],[120.17018265290388,11.761628158627362],[120.15474082294664,11.772414717467015],[120.13349760592897,11.767759416791588]]],[[[121.00386067480012,10.832489758287947],[121.02292778905374,10.804392948449339],[121.04270837242298,10.798622827706907],[121.0622792860035,10.832908855153644],[121.08603744894454,10.85958772074004],[121.0716167120849,10.889757952876556],[121.01294825337602,10.860336783795672],[121.00386067480012,10.832489758287947]]],[[[119.26133762700364,10.981949886639683],[119.27545956766122,10.95923967131646],[119.30085863693675,10.995750788362503],[119.29324242273887,11.023566705315456],[119.27210183977068,11.012860349555206],[119.26133762700364,10.981949886639683]]],[[[120.19329861244157,11.939416972071436],[120.23013530292194,11.884935673294907],[120.23840240350353,11.845811526283315],[120.25195365295282,11.84538348194817],[120.25932457708511,11.89005915981525],[120.24944317849727,11.915364588111194],[120.27159148571482,11.934057143705756],[120.27057484707171,11.968820326556642],[120.25277861203027,11.980066099047908],[120.21311037895423,11.957650251211234],[120.19329861244157,11.939416972071436]]],[[[119.55669949547143,11.061428907411383],[119.56704909076596,11.040127790538037],[119.58756097070311,11.037224905467182],[119.60050128722412,11.010809200476746],[119.61567110024123,11.003968943258005],[119.6259627321734,11.043837720696727],[119.61720064876884,11.074650156651954],[119.58100164062361,11.092905715496876],[119.55669949547143,11.061428907411383]]],[[[119.70910710093044,11.464562882323955],[119.72885200047182,11.431257846367771],[119.75734122627509,11.422847991380806],[119.78344931554406,11.427552317923253],[119.809356696951,11.42142992852136],[119.8121034969217,11.377467641746666],[119.85323423896239,11.41583380575945],[119.86753904564772,11.455247756149781],[119.86280793448239,11.47158147934869],[119.86802505508678,11.507972198631276],[119.83748461994186,11.501881061083655],[119.84085127552129,11.479558767012618],[119.8212892485944,11.470511302068209],[119.75533907774934,11.45484645306471],[119.73309262398584,11.475937980035347],[119.70910710093044,11.464562882323955]]],[[[120.12707078877166,12.146521144213821],[119.8973378056761,12.190903618693028],[119.90033566603176,12.161694223465933],[119.92735340714627,12.132313229534233],[119.92725527669089,12.094326130189046],[119.93621803832454,12.072021730106234],[119.96501943850251,12.061061247246531],[119.97994400108841,12.005161983567705],[120.01315097692635,12.002499911422623],[120.02182835463637,11.991931826502684],[120.07766079002843,12.000145442231547],[120.08920093230752,11.973698543872326],[120.10323371620656,11.972351868622663],[120.13258352680327,12.003280254994989],[120.13040298136328,12.030440610089197],[120.15614536448322,12.019912642715932],[120.17601068672843,12.022258150168291],[120.18049655615694,12.005924485069208],[120.20458014188861,12.000684995314845],[120.22589017401378,11.985537466618814],[120.23660984540179,11.999142175541255],[120.26814914188338,12.00450198137608],[120.29226838224106,11.985666761785648],[120.3417643966627,12.008091588646478],[120.33117851537843,12.04237319021681],[120.33674789794769,12.064485832976281],[120.30933339149726,12.092756502708365],[120.30284891179039,12.112419697005967],[120.19300876525055,12.132344474480284],[120.18768465896315,12.115529161542462],[120.16381955706959,12.117776562213267],[120.14246932928066,12.142127682666],[120.12707078877166,12.146521144213821]]],[[[119.84481096009691,11.95269175252823],[119.86781105223173,11.929285879712554],[119.86627258792694,11.903267048641974],[119.89164940058114,11.864905356759136],[119.90038474091206,11.841909822224162],[119.90592294019265,11.796114810950336],[119.92514166019636,11.77844790640832],[119.92682719058033,11.762796476388766],[119.96019914468125,11.77096104679398],[119.9589594819005,11.790527561810613],[119.98182574227707,11.79566000389258],[119.97054425557491,11.752112453006943],[119.93628492502965,11.731979579888325],[119.93875088615187,11.6956111732964],[119.95591837395833,11.662279373678876],[119.9778349062671,11.669712700577728],[120.02535105446675,11.702776969824699],[120.05814328133968,11.745232007373902],[120.04685281366052,11.769605500028531],[120.06641938803492,11.791771713068375],[120.03077773906688,11.825504811308614],[120.07153394494335,11.867059106218306],[120.02847243882772,11.889729222182172],[119.98636070906029,11.905724005206471],[120.03095171740259,11.917594156322018],[120.01476962753416,11.933896567236994],[119.99491323129362,11.934757209091995],[119.95339007984056,11.912528574830391],[119.94622879580194,11.955558894654088],[119.92331791057643,11.956178721718775],[119.89961331000718,11.983267787224687],[119.87930211113913,11.977671612301343],[119.8691309077759,11.949093243520668],[119.84481096009691,11.95269175252823]]],[[[119.34124024036798,10.738603353883569],[119.34233986108548,10.730694489014896],[119.58071891589569,10.68411183754606],[119.59538219720412,10.72350041718232],[119.58899678742243,10.742576392413538],[119.59702315308436,10.769081287300056],[119.58972366909903,10.786775010158339],[119.59866409005707,10.814666707108126],[119.59041029774687,10.835811727693732],[119.57083937826584,10.840096975696596],[119.53745404041798,10.816236338674356],[119.51175625740572,10.831767361277219],[119.50834500515424,10.860528537116297],[119.49619400315044,10.873821162165571],[119.49020987111778,10.905824082124537],[119.49725524404754,10.935749140269246],[119.48803832455532,10.95987729099472],[119.49228781876252,10.993280492047624],[119.50988791621158,11.013390999515995],[119.56421761203185,11.00166804152765],[119.56738352413501,11.020561239843078],[119.55439861858194,11.054802680131045],[119.55872392509191,11.076924296250596],[119.53076090656998,11.076794998557808],[119.50042564253859,11.131213815803354],[119.52986912002926,11.1594399252592],[119.5440891674255,11.204164732244037],[119.55589245853048,11.221947621960027],[119.5537030570334,11.239431724741888],[119.5664917000789,11.29382383631276],[119.5441114665839,11.33953407720076],[119.53369950624369,11.322451282541639],[119.50823357008201,11.333380548861664],[119.50993243663284,11.364469435725685],[119.50243227746935,11.416926250271683],[119.4816306068146,11.424653880943419],[119.46729451957367,11.401792098988297],[119.47342585584846,11.387549690976515],[119.46381200607212,11.356652567053885],[119.42542356076211,11.339427113488219],[119.41532817896325,11.309448529881342],[119.42085300937957,11.23787554170503],[119.41310759529485,11.205377556842798],[119.39890974531616,11.202314176337302],[119.39040179973924,11.181084391974139],[119.39845498739587,11.159720850424511],[119.39813389237452,11.132324149390657],[119.4190426565681,11.121287855765893],[119.41478862417327,11.111455524110566],[119.41704939144701,11.101890786171404],[119.41280433491251,11.05066906893301],[119.4065170311739,11.047413913722638],[119.39658208554815,11.036315221121074],[119.3709022033201,11.044702781917485],[119.33968402082105,11.085976237115771],[119.3221196288386,11.102457049566773],[119.32904010852813,11.034812544468874],[119.30937105870169,11.011915036976221],[119.30687836321331,10.962405671194933],[119.32489760814497,10.946388551153667],[119.35868867400977,10.941501371347949],[119.3382125000573,10.89949661861128],[119.35270012669503,10.890364388413728],[119.34767920952717,10.872385322507398],[119.36883758202833,10.864648774379472],[119.39981943406235,10.873344049571406],[119.41410638386323,10.856613455468299],[119.45055955708814,10.830322572735893],[119.43666051280935,10.818283039346355],[119.43560821452235,10.798252752657467],[119.45996825302103,10.725399966143879],[119.42903992288994,10.72271555129909],[119.41976942191388,10.758120822278777],[119.401785919062,10.769308762805746],[119.38559938580102,10.793392366431284],[119.3714506023881,10.785495251897656],[119.35410921340839,10.80565932343397],[119.34445081052833,10.826786517393472],[119.32023786509158,10.827120971491336],[119.28962617042593,10.846977368304245],[119.29321122101803,10.871399818374062],[119.26341997707695,10.871698601755954],[119.27794773907888,10.892495827675887],[119.28291518060537,10.919687418691192],[119.26529723228691,10.945831150375794],[119.22762232346035,10.93894182165515],[119.22313644808366,10.909449366890241],[119.24761246677453,10.906136263650403],[119.23494865007972,10.844368778235117],[119.26204655313761,10.829560090138708],[119.26087384420806,10.792950913911191],[119.27500026156662,10.765179610204417],[119.30565663990107,10.77570755623987],[119.32116532335525,10.749086670395862],[119.34124024036798,10.738603353883569]]]]},"properties":{"id":"S1A_IW_GRDH_1SDV_20260113T214749_20260113T214814_062754_07DEA7_8FE7","acquisition_date":"2026-01-13","acquisition_datetime_utc":"2026-01-13T21:47:49","image_id":"S1A_IW_GRDH_1SDV_20260113T214749_20260113T214814_062754_07DEA7_8FE7","instrument_mode":"IW","orbit_number_start":62754,"orbit_number_stop":62754,"orbit_pass":"DESCENDING","pass_hour":"6 AM","platform_number":"A","polarisations":["VV","VH"],"product_type":null,"relative_orbit_start":32,"relative_orbit_stop":32,"resolution_meters":10,"satellite":"Sentinel-1A","slice_number":6,"system_index":"S1A_IW_GRDH_1SDV_20260113T214749_20260113T214814_062754_07DEA7_8FE7","total_slices":19,"TileNumber":"B6"}},
{"type":"Feature","geometry":{"type":"MultiPolygon","coordinates":[[[[119.11823166278329,10.57988162569964],[119.13246061710508,10.573063729522392],[119.16056636995903,10.577607512255717],[119.15371720535731,10.593450663160107],[119.12281118520407,10.591189937270556],[119.11823166278329,10.57988162569964]]],[[[119.7395405363978,10.52775033431778],[119.76415476608634,10.534751087777977],[119.76786025125864,10.482517168469442],[119.77517763476169,10.454692407701488],[119.81542996665326,10.445863363849048],[119.8604490280136,10.463285091283558],[119.85827743519737,10.483301955364462],[119.89547081075588,10.483658705853786],[119.91340087975048,10.475431666118013],[119.9053210016246,10.52328227981247],[119.96157695605662,10.522310214018725],[119.97707238135064,10.547218766274657],[120.00512904906036,10.56594693156792],[119.9882869942644,10.59696891001618],[119.94383426456558,10.608803381449693],[119.90384500529808,10.604531537384153],[119.87981690786685,10.625770740894747],[119.83435944004779,10.634713863833607],[119.82409842603917,10.59988075762937],[119.80531226620725,10.589455361545411],[119.78288297378491,10.55945003294038],[119.75982496382882,10.567877757441936],[119.74291159662566,10.553773599483348],[119.7395405363978,10.52775033431778]]],[[[118.96575714929803,10.288568603276405],[118.924140951527,10.089259758036087],[118.9059294033219,9.982406706406348],[118.9040966762339,9.97963315449824],[118.90344126867375,9.974567604470204],[118.97438102833429,9.982643058434638],[119.00649101614482,10.002414707833172],[119.06165903525988,10.010820109709169],[119.0882798770057,10.020656848403585],[119.15389997681616,10.027960875020824],[119.20244180511963,10.054657538476208],[119.2030705648133,10.069443910705843],[119.20303482075136,10.074504980853227],[119.21508780237059,10.077104620975101],[119.23088643496335,10.149689865305342],[119.23024874697875,10.177532509354632],[119.25869783155305,10.234542149672029],[119.28410127837336,10.258157546153294],[119.29184675978787,10.283057110997346],[119.33206786021705,10.316647504956727],[119.3497392550432,10.313517229825065],[119.36698707049598,10.343990751503998],[119.42478148878841,10.353720486559613],[119.45649016760414,10.37643515784479],[119.49581054176156,10.366268380086373],[119.52834412301007,10.365960705950517],[119.57195854712843,10.378588952128656],[119.57830835943801,10.41130089598835],[119.65128149399276,10.461104581433847],[119.67182011247282,10.491109893695542],[119.70433144244359,10.498610113655564],[119.71633979608198,10.517530024462417],[119.70250770281937,10.541876710677197],[119.67854445135524,10.549140597918147],[119.6595932851474,10.572082709747022],[119.65315877212383,10.60589160336788],[119.64103900927613,10.610444348184798],[119.64945326588101,10.653064440177975],[119.64722605101208,10.67145528616212],[119.61678142639754,10.676171481941244],[119.59264433907951,10.666169729908184],[119.58128919911779,10.684365849404552],[119.34229327735555,10.731029544309132],[119.32974020298713,10.67501212359558],[119.32646275744504,10.656252694056194],[119.31914094873348,10.625123698130055],[119.31730824625686,10.614408480924736],[119.31207323349533,10.586213564747528],[119.29435725945577,10.562723009960832],[119.26032982186456,10.538594855216],[119.26719689395512,10.51676754455299],[119.25183081027625,10.483074550724227],[119.22155797037435,10.491881273085568],[119.21196640227012,10.464662910997998],[119.1881102649698,10.45163347917205],[119.1831427710252,10.429739239008544],[119.12647211220444,10.388198307706425],[119.1111595056872,10.41918007929013],[119.11991718523018,10.449105106150519],[119.10002073756152,10.487011934898334],[119.08277739576215,10.457671042164531],[119.09736754466212,10.432214078464922],[119.09279692891695,10.420442071075907],[119.05722220555964,10.388461387476445],[119.0348197354834,10.402587818372874],[118.99478143051823,10.41268321372574],[118.99304239073055,10.394949352581666],[118.9872054506279,10.390753330161283],[118.98219337696926,10.352757313461293],[119.01989957020913,10.372609272929664],[119.01453973465605,10.344454511824793],[118.9951693811488,10.324763088135693],[118.9955350379342,10.304741738950417],[118.98695568573245,10.300964915308928],[118.98232270451494,10.301437571896876],[118.97413577293725,10.309437192032144],[118.97158965958667,10.308496321353319],[118.97630290755943,10.300015099340184],[118.96575714929803,10.288568603276405]]]]},"properties":{"id":"S1A_IW_GRDH_1SDV_20260113T214814_20260113T214839_062754_07DEA7_EF04","acquisition_date":"2026-01-13","acquisition_datetime_utc":"2026-01-13T21:48:14","image_id":"S1A_IW_GRDH_1SDV_20260113T214814_20260113T214839_062754_07DEA7_EF04","instrument_mode":"IW","orbit_number_start":62754,"orbit_number_stop":62754,"orbit_pass":"DESCENDING","pass_hour":"6 AM","platform_number":"A","polarisations":["VV","VH"],"product_type":null,"relative_orbit_start":32,"relative_orbit_stop":32,"resolution_meters":10,"satellite":"Sentinel-1A","slice_number":7,"system_index":"S1A_IW_GRDH_1SDV_20260113T214814_20260113T214839_062754_07DEA7_EF04","total_slices":19,"TileNumber":"B7"}},
{"type":"Feature","geometry":{"type":"MultiPolygon","coordinates":[[[[120.45897637628337,6.172220798612264],[120.4419692791772,6.174187240280338],[120.41309222395604,6.160676206383494],[120.43206569110659,6.138478789366721],[120.45674676429202,6.161166647283089],[120.45897637628337,6.172220798612264]]],[[[120.08804151555023,5.976622297050796],[120.11052883276953,5.925512071406844],[120.12217153533403,5.92973042436275],[120.12288495033836,5.954674599685012],[120.08804151555023,5.976622297050796]]],[[[118.42075243114549,7.0156285467234],[118.4273296014836,6.988276419710427],[118.46591869456597,6.977596854004862],[118.48358119651868,6.9653700485138],[118.51393874112549,6.970560414600606],[118.51286410148049,6.999647131800169],[118.52258495650393,7.013256313995707],[118.52265185604729,7.036457004660468],[118.49968750381271,7.046168893156987],[118.47733398047893,7.026945748881148],[118.44930406087799,7.031164087667165],[118.42075243114549,7.0156285467234]]]]},"properties":{"id":"S1A_IW_GRDH_1SDV_20260113T214904_20260113T214929_062754_07DEA7_FDBF","acquisition_date":"2026-01-13","acquisition_datetime_utc":"2026-01-13T21:49:04","image_id":"S1A_IW_GRDH_1SDV_20260113T214904_20260113T214929_062754_07DEA7_FDBF","instrument_mode":"IW","orbit_number_start":62754,"orbit_number_stop":62754,"orbit_pass":"DESCENDING","pass_hour":"6 AM","platform_number":"A","polarisations":["VV","VH"],"product_type":null,"relative_orbit_start":32,"relative_orbit_stop":32,"resolution_meters":10,"satellite":"Sentinel-1A","slice_number":9,"system_index":"S1A_IW_GRDH_1SDV_20260113T214904_20260113T214929_062754_07DEA7_FDBF","total_slices":19,"TileNumber":"B8"}},
{"type":"Feature","geometry":{"type":"MultiPolygon","coordinates":[[[[120.2252569986015,5.03443210521402],[120.21006040641788,5.043310205085603],[120.19270112668453,5.029852640246344],[120.21367668774964,5.01548541876385],[120.2252569986015,5.03443210521402]]],[[[119.80798327656844,4.80618857323383],[119.83151837569712,4.79113020680944],[119.86618792156862,4.802237780287103],[119.8341849070893,4.818946060657857],[119.80798327656844,4.80618857323383]]],[[[119.73703001622316,5.031444530667696],[119.74450798165834,5.011400882432532],[119.77021914357513,5.017723845892606],[119.75816169243897,5.037785374987537],[119.73703001622316,5.031444530667696]]],[[[120.27039651639957,5.253382891214206],[120.26062660075786,5.252125414691336],[120.25403606824842,5.178746454162827],[120.26735535142366,5.24066108094504],[120.26847905027965,5.244580588963491],[120.27039651639957,5.253382891214206]]],[[[119.98943297897887,4.96586007451209],[120.00984226927935,4.962774381275027],[120.0227960105437,5.001844981136021],[120.00000103867656,4.999998961194002],[119.98943297897887,4.96586007451209]]],[[[119.78780585624666,4.905180608527813],[119.79794135000596,4.866493443275756],[119.81049375508701,4.85401689706165],[119.85112063118339,4.86371544804222],[119.84874836854507,4.895464255138204],[119.83074249689491,4.916939283212556],[119.80785397120961,4.924403817092685],[119.78780585624666,4.905180608527813]]],[[[119.73915702443901,5.045232023726394],[119.74967158715266,5.03828476600675],[119.79329495447611,5.050043437595892],[119.81468976691907,5.061900180689106],[119.81508658370998,5.099387855409],[119.79891341473576,5.12176807837334],[119.76946995663297,5.103048768557231],[119.7482090400226,5.069797242580169],[119.73915702443901,5.045232023726394]]],[[[119.44453980013974,4.901631131544774],[119.44695214258822,4.874939002001362],[119.46185441671622,4.820141100961687],[119.46605492294239,4.785623192256143],[119.46420883303652,4.730660305630332],[119.45482688688378,4.682403914256131],[119.48232173653035,4.676303898463307],[119.50437196850784,4.740153742231485],[119.50610212538892,4.76935190666196],[119.49288090559826,4.840019753080394],[119.47406788966462,4.890006288817348],[119.45445234725692,4.914468892260813],[119.44453980013974,4.901631131544774]]],[[[120.01046658821868,5.229357256247085],[119.98021604891332,5.239804898033324],[119.95765743122885,5.222664122492845],[119.94214426740007,5.193073511315609],[119.90791170171764,5.179669466768713],[119.88947335686302,5.160901113535159],[119.8570690767841,5.149325282950856],[119.83599085329999,5.154020739567917],[119.8159159827756,5.127899291812366],[119.82617191198413,5.114513133329465],[119.81665176007343,5.089029349779218],[119.822225647407,5.056807879912157],[119.86003883303157,5.049963137396639],[119.92192223944538,5.088993660627401],[119.94159128357222,5.092547581170326],[119.95397866059396,5.07895178208796],[119.97167239343509,5.086915709333529],[119.98835835397068,5.120871749092344],[119.99122558944981,5.144772568857888],[120.01656216744823,5.158979252777223],[120.03753777447257,5.180976011231273],[120.05108010519348,5.180605871821752],[120.05724252966566,5.150038757241114],[120.07298317212981,5.165329040524843],[120.09329433192764,5.147046712365428],[120.12148481692259,5.190496215700247],[120.15070533751387,5.177101015535281],[120.16808244389013,5.188030333637495],[120.18443389850614,5.179156693852035],[120.16768551281324,5.139698101116897],[120.21350285912227,5.116747145586425],[120.22557803326742,5.166987826347501],[120.23607480258484,5.17694941330574],[120.22952433608988,5.197853714522839],[120.24958139361155,5.219609679816604],[120.2552488806038,5.267968582552538],[120.21115729507098,5.308194128187912],[120.21907221817754,5.3278052550539],[120.20816971394899,5.346832300449495],[120.17307216983092,5.343621717564458],[120.11342722182317,5.300671635792095],[120.07569875612609,5.278567858029307],[120.0455953394508,5.249606034455148],[120.01046658821868,5.229357256247085]]]]},"properties":{"id":"S1A_IW_GRDH_1SDV_20260113T214929_20260113T214954_062754_07DEA7_40B8","acquisition_date":"2026-01-13","acquisition_datetime_utc":"2026-01-13T21:49:29","image_id":"S1A_IW_GRDH_1SDV_20260113T214929_20260113T214954_062754_07DEA7_40B8","instrument_mode":"IW","orbit_number_start":62754,"orbit_number_stop":62754,"orbit_pass":"DESCENDING","pass_hour":"6 AM","platform_number":"A","polarisations":["VV","VH"],"product_type":null,"relative_orbit_start":32,"relative_orbit_stop":32,"resolution_meters":10,"satellite":"Sentinel-1A","slice_number":10,"system_index":"S1A_IW_GRDH_1SDV_20260113T214929_20260113T214954_062754_07DEA7_40B8","total_slices":19,"TileNumber":"B9"}},
{"type":"Feature","geometry":{"type":"MultiPolygon","coordinates":[[[[124.11184613412514,13.063978096431148],[124.19516239915947,13.048069480833183],[124.19042347259152,13.06612031660218],[124.14176130297247,13.07913201279454],[124.11184613412514,13.063978096431148]]],[[[123.79242193132276,13.876218576754333],[123.78621484475345,13.875915394128317],[123.78576893920548,13.87521527116468],[123.78424396357308,13.868169878228535],[123.79242193132276,13.876218576754333]]],[[[123.85722157195875,13.113654352815612],[124.0008909983733,13.085119546683819],[123.96911829613656,13.107358066261598],[123.9447001810909,13.113061266302505],[123.93435068449863,13.125466493569895],[123.91042309905791,13.126652628517498],[123.9030834246553,13.142616223943032],[123.86522569207241,13.13704234817359],[123.85722157195875,13.113654352815612]]],[[[124.30771562617723,13.979241643420302],[124.32402256136699,13.946137282719732],[124.35173589842391,13.959599328351715],[124.33380135736239,13.97477809324403],[124.30771562617723,13.979241643420302]]],[[[123.8069630243496,13.944723792480715],[123.81507858560371,13.911507892174336],[123.84161473016005,13.90431984163342],[123.83670082412814,13.929910602738536],[123.83856020052256,13.970845204981092],[123.81643862182298,13.972000113746562],[123.8069630243496,13.944723792480715]]],[[[123.76333070538949,13.40281370236544],[123.80798414376571,13.358842491730112],[123.83937177607645,13.350682325722389],[123.8209512296016,13.385173479249755],[123.79479418971803,13.400637607543594],[123.76333070538949,13.40281370236544]]],[[[124.06273706634158,13.205730319064529],[124.10875055847585,13.184710126310954],[124.14305884893986,13.187300849274694],[124.18628097666678,13.16998168186241],[124.21092194475597,13.169223702850632],[124.221151062701,13.179689173002199],[124.21228644307482,13.20442383250894],[124.13543825870082,13.23733645995313],[124.06273706634158,13.205730319064529]]],[[[123.83922015985715,13.337104388649864],[123.8555047924178,13.323579922661319],[123.85117501784207,13.269312664275525],[123.86694237619173,13.251650153981677],[123.87372024186168,13.226946713948083],[123.88849766929405,13.225867633862165],[123.90869301027271,13.246820978137329],[123.88758802613526,13.270530016758856],[123.90415804361496,13.304178340232841],[123.92140138711164,13.312276064084719],[123.88513105086317,13.346504189306854],[123.85257514808478,13.355605161660623],[123.83922015985715,13.337104388649864]]],[[[123.9765381696133,13.280540638071205],[123.94793751471803,13.291037357096815],[123.91806158797988,13.286765562623927],[123.91272850012615,13.272554402067472],[123.94920388165734,13.236243975561004],[123.96778943084952,13.230955496657291],[123.99694747881917,13.222130896852857],[124.04363430638476,13.218376321513361],[124.0904681933205,13.267783212666938],[124.07190499603091,13.266846732786279],[124.05254361436151,13.278119392932966],[124.03614746781662,13.26173663041583],[124.00334181477274,13.288344103176307],[123.99131122874405,13.263622809998639],[123.9765381696133,13.280540638071205]]],[[[123.70069372851275,13.443850812973963],[123.66184679167287,13.260457655125128],[123.64857294858894,13.151912047779142],[123.76385693576638,13.130317972069454],[123.75459090826797,13.152720548691637],[123.75530432221336,13.175729516453364],[123.76593932288603,13.204392632365185],[123.76653237017474,13.206929864896292],[123.78624160583644,13.236627476120642],[123.85302558693914,13.22464139958142],[123.86493582817329,13.239240493979128],[123.84361241519791,13.265250380362227],[123.81630042948947,13.259096813747451],[123.81590357267939,13.286952813260193],[123.77973127675708,13.309426712135808],[123.74162386357823,13.325706927993352],[123.73110036155514,13.376219632497929],[123.70069372851275,13.443850812973963]]],[[[123.78853800193322,13.845878896746703],[123.78061619173668,13.85153793861737],[123.75141126582767,13.706472297076864],[123.75688731779297,13.706415998209987],[123.80561639742659,13.687723442660412],[123.83534968849959,13.696383054712523],[123.86945288411634,13.73789284232029],[123.90203109454674,13.727877689157621],[123.93386907441663,13.734891833006074],[123.97656938323543,13.72429258489683],[123.9672944718729,13.756380253162737],[123.94013406271989,13.769106539033888],[123.94669342085797,13.786983034584733],[123.89833001116895,13.797635901289276],[123.812318408211,13.830316605619634],[123.78853800193322,13.845878896746703]]],[[[124.06448506081269,13.697752005058689],[124.02452702650153,13.660010203475741],[124.0474914167809,13.632823037891116],[124.04788379009621,13.609595600499869],[124.04608677952936,13.603700641314992],[124.08827880846303,13.601515654435765],[124.14124844287203,13.567069144209189],[124.16031560769511,13.537612271337759],[124.18678925302606,13.522344325692627],[124.21526951960087,13.525452314367339],[124.20707816409065,13.547877190610492],[124.21576897969976,13.56687291981249],[124.23951811649913,13.586145145535735],[124.26479235473421,13.595041046468841],[124.30075943961769,13.59368102188466],[124.31645097824398,13.570471390627866],[124.3435356239194,13.573815721776464],[124.34940380908941,13.609872054393838],[124.3425277952509,13.642869351074077],[124.3617956027665,13.659426024809726],[124.39187668982474,13.658355847931036],[124.4101010609771,13.666636396073807],[124.411309480993,13.687562975184933],[124.39044983450862,13.692891544113541],[124.39679507520736,13.711909679179128],[124.38955793242485,13.733629943316851],[124.39856534933182,13.775166479927528],[124.41445314076272,13.784401243501053],[124.40959270199848,13.827030288096692],[124.41789113131414,13.850164095640087],[124.39851184883514,13.879629813104136],[124.35768874147185,13.909594962785043],[124.3525786337296,13.933130096652382],[124.33808213314555,13.940902296962545],[124.31133197437643,13.929727788067817],[124.28846127257094,13.945655678605844],[124.27970800415538,13.999142667119733],[124.26341449743099,14.03292921774516],[124.2141056853525,14.083450897346058],[124.20889301575203,14.100538152837881],[124.18656184425872,14.085849833877393],[124.1837392123691,14.06655982248773],[124.1532211536166,14.055880234247818],[124.13921955639968,14.06685855238248],[124.12278778560568,14.051867069228937],[124.13311063326454,14.023605238627201],[124.12814316205412,14.006482287383983],[124.12609648959668,13.993622281487697],[124.14674211731581,13.928265235727187],[124.1450520788882,13.904819267333524],[124.12738959052466,13.884088926233588],[124.13659759161871,13.867184443256095],[124.13112630964159,13.823070595960035],[124.13464450398706,13.802090520342787],[124.12792019044527,13.771108680522614],[124.09134668463571,13.703192105615788],[124.06448506081269,13.697752005058689]]]]},"properties":{"id":"S1A_IW_GRDH_1SDV_20260115T213038_20260115T213107_062783_07DFD6_5085","acquisition_date":"2026-01-15","acquisition_datetime_utc":"2026-01-15T21:30:38","image_id":"S1A_IW_GRDH_1SDV_20260115T213038_20260115T213107_062783_07DFD6_5085","instrument_mode":"IW","orbit_number_start":62783,"orbit_number_stop":62783,"orbit_pass":"DESCENDING","pass_hour":"6 AM","platform_number":"A","polarisations":["VV","VH"],"product_type":null,"relative_orbit_start":61,"relative_orbit_stop":61,"resolution_meters":10,"satellite":"Sentinel-1A","slice_number":1,"system_index":"S1A_IW_GRDH_1SDV_20260115T213038_20260115T213107_062783_07DFD6_5085","total_slices":17,"TileNumber":"D1"}},
{"type":"Feature","geometry":{"type":"MultiPolygon","coordinates":[[[[124.35709572795315,12.58985263615892],[124.36570174220851,12.566723319424472],[124.38445228670031,12.5858216696185],[124.35709572795315,12.58985263615892]]],[[[124.13639696993087,12.450960573735149],[124.15138845627261,12.412331420290906],[124.171949371689,12.389295710911883],[124.19111457711158,12.38722663237702],[124.19651010075343,12.407190022459666],[124.1694567669504,12.455169962571198],[124.14958254661414,12.476587046040871],[124.13639696993087,12.450960573735149]]],[[[124.46820289768333,11.42657718142792],[124.53775514581613,11.412915901122712],[124.52723719863147,11.435297758095217],[124.4900660856773,11.446842360051962],[124.46478298874531,11.439342151736618],[124.46820289768333,11.42657718142792]]],[[[124.47575241386684,12.58119306150416],[124.49918499372062,12.546354124657018],[124.51988862134156,12.553216706723648],[124.50195407435524,12.578780703463824],[124.47575241386684,12.58119306150416]]],[[[124.29329046398848,11.794027963853706],[124.31746766026207,11.765868732828565],[124.3405925762905,11.766501945465151],[124.35320293027239,11.784070817839156],[124.35001466081242,11.809206801054208],[124.31461382074099,11.818401447099545],[124.29329046398848,11.794027963853706]]],[[[124.4185555068556,12.56098443935205],[124.44380737790405,12.538787060885836],[124.45044701008969,12.563102537660932],[124.4185555068556,12.56098443935205]]],[[[124.24220254944974,12.447848142049525],[124.25273046549385,12.390851893384294],[124.26553256699056,12.365827426208375],[124.28513921887371,12.380323979516762],[124.27546740071622,12.431322682287377],[124.25523203609302,12.460578856495479],[124.24220254944974,12.447848142049525]]],[[[124.35561529415837,12.694851123213397],[124.36567506671783,12.657198501495234],[124.39481524167915,12.64508756452696],[124.3938074879547,12.67640831828394],[124.35561529415837,12.694851123213397]]],[[[124.39733914706461,11.984284430131593],[124.40366213901919,11.966934112320958],[124.43182580492004,11.957824110780672],[124.43908520748917,11.977528903136799],[124.41262046724427,11.991686524332644],[124.39733914706461,11.984284430131593]]],[[[124.41239304142911,11.901202487292636],[124.45070564078041,11.882286990962994],[124.46835917490654,11.892422521960473],[124.45555264717045,11.931729510422477],[124.4234069894066,11.921553851407694],[124.41239304142911,11.901202487292636]]],[[[124.35540576165906,12.623255791872952],[124.35746134386876,12.60066596773664],[124.40144146129586,12.595043036959485],[124.37925744185323,12.61996052270571],[124.35540576165906,12.623255791872952]]],[[[124.30802331425765,11.45815063898087],[124.4407555082688,11.431964556380578],[124.40817468154941,11.481748260031692],[124.31495724209651,11.565588262936283],[124.28988815642084,11.539194833641206],[124.28936639506534,11.497065251139373],[124.3068639068101,11.458279969821612],[124.30802331425765,11.45815063898087]]],[[[124.74756581798786,11.741740596100191],[124.74977305957509,11.71523122726261],[124.76965178341979,11.700444790390454],[124.78199010611237,11.73135533905413],[124.74756581798786,11.741740596100191]]],[[[124.27587319379462,11.915814940226644],[124.28315935370419,11.90029724956071],[124.31125613569743,11.905246856597593],[124.34018682381934,11.938957690276283],[124.33183494215831,11.960709191867902],[124.30489299815768,11.956209961239395],[124.27587319379462,11.915814940226644]]],[[[124.14774536104382,12.046992774157573],[124.176613590736,12.036290918276803],[124.22696580933396,12.063540525025035],[124.22277868691147,12.08477471842952],[124.16726734252235,12.076690404616393],[124.14774536104382,12.046992774157573]]],[[[125.02744132448268,12.672921247482341],[125.0306340194897,12.651923367556464],[125.04727983602784,12.652596677087647],[125.05969396951092,12.636980920628954],[125.03648437408809,12.6202949121719],[125.05481572217981,12.60942811580912],[125.09108601066745,12.606346925166351],[125.0917148047392,12.631661169073658],[125.0746319798689,12.633302116648332],[125.07466314029203,12.665532535756975],[125.06703369839298,12.687520327600529],[125.04241943663408,12.687431196757691],[125.02744132448268,12.672921247482341]]],[[[124.98877642734949,12.658536240345528],[125.00534645963532,12.575868941110791],[125.03412549177463,12.558166267433934],[125.05874419985922,12.56010150974418],[125.06244526703607,12.58744028404244],[125.03204309628946,12.590200449551553],[125.01493795767294,12.605883126508063],[125.01389900850239,12.645729652269495],[125.00527954814663,12.66473435741349],[124.98877642734949,12.658536240345528]]],[[[124.78482213201593,11.364252604676762],[124.965413721905,11.328541765946976],[124.96838499679565,11.357027185563037],[124.97952376134523,11.374511301522093],[124.96031396024824,11.395139096188768],[124.95028550610427,11.427061797629058],[124.93325617230936,11.426852195697494],[124.91809964923864,11.411187407235087],[124.89423456934767,11.421898161694656],[124.88382706605128,11.444385436799323],[124.86586580343821,11.428756285835087],[124.81577226794025,11.432011405292055],[124.80927974049303,11.38651524167219],[124.78482213201593,11.364252604676762]]],[[[124.82246976647832,11.687950467410236],[124.84332055327349,11.64390339887041],[124.86469300021524,11.62080084488927],[124.88561066015312,11.630628715535716],[124.88803193790224,11.668584556518415],[124.82733917336756,11.701929730992077],[124.82246976647832,11.687950467410236]]],[[[124.33570097547553,11.67492537864763],[124.36134523182218,11.65318730560059],[124.37763436607541,11.611998595013079],[124.39512736871717,11.592895791597845],[124.39214421205239,11.560237314479503],[124.40239571452828,11.54145558105523],[124.41888997784754,11.535030026104273],[124.42449057063624,11.516997379553898],[124.44716063365635,11.483781574129834],[124.4786240630566,11.463109160977057],[124.52361193138405,11.477944595373618],[124.56434580607069,11.470952752595437],[124.58468825951728,11.474591347488932],[124.60730922148274,11.490635242122128],[124.61921503728318,11.525928971018349],[124.61279391224171,11.550882150282302],[124.58339513217398,11.569012833591074],[124.5764924404941,11.59327924991318],[124.53537061677596,11.677868362490418],[124.47913236216662,11.697720343889221],[124.46711507990084,11.708471224751293],[124.41316892753797,11.707557125450366],[124.3733223894518,11.695633440233996],[124.33570097547553,11.67492537864763]]],[[[123.61695184842098,12.69561359571162],[123.59941860612503,12.679181873265547],[123.60975484793691,12.658821603735765],[123.58116754806024,12.634470437798404],[123.60990196971863,12.601499874824365],[123.63641131062951,12.541979749155733],[123.68251843557404,12.486347980543375],[123.68231332352228,12.466090350139051],[123.71687135653357,12.433966978212606],[123.72689100401627,12.407154345167294],[123.74569050829291,12.3915341769883],[123.78668307736818,12.340370430423329],[123.79741607113058,12.347478208292415],[123.79303279130438,12.377599489505844],[123.7929391343217,12.409687139681012],[123.77438483995415,12.448102342053552],[123.76881987598506,12.498806717040955],[123.74051794158774,12.568859206371755],[123.72485311565201,12.616906043006162],[123.6888191842115,12.644672828766705],[123.65938018176698,12.65279730566261],[123.61695184842098,12.69561359571162]]],[[[124.707670241175,11.710754255343527],[124.71977227552783,11.70782461006935],[124.72798145703426,11.676856202053933],[124.75299255105945,11.645651429882056],[124.79194721268523,11.610562743444717],[124.76648576970013,11.609314175948285],[124.77229154218087,11.573770661332809],[124.79266519816184,11.562890462416325],[124.80151202139126,11.544576934828148],[124.8410018513873,11.54838505673196],[124.83867862260489,11.564995187394205],[124.84586228552577,11.60979130582171],[124.81823807257871,11.605354540319144],[124.79324489120175,11.61906624424868],[124.80197132981922,11.642654913515058],[124.76579462431555,11.6917495575026],[124.72712082721554,11.715320361964501],[124.707670241175,11.710754255343527]]],[[[123.51513713980195,12.46751725476642],[123.51151709212019,12.47055874285657],[123.46122762814538,12.21275263031073],[123.47946884007071,12.211613857149173],[123.53537705783077,12.211306235911268],[123.59414796405176,12.145119760704317],[123.61440124096251,12.089198180378782],[123.60304839582226,12.076190960921581],[123.64615447163939,12.06125743802095],[123.65164812700972,12.04922679170973],[123.70580384162902,12.017130221133582],[123.72886633858153,11.98765106214545],[123.71481124455558,11.962243106220942],[123.72525897418025,11.933120686543585],[123.7559954793947,11.923364206895407],[123.76917218183696,11.930360532947686],[123.85166106302344,11.908988068648696],[123.88182245912834,11.888859701682929],[123.8991148439404,11.867946502660626],[123.92945005641351,11.864392633355619],[123.94767887934745,11.843466017486456],[123.97322955036053,11.830516773654367],[124.01155995620702,11.791401567665385],[124.03327135322574,11.749709006501226],[124.05428262717895,11.728283024477394],[124.07299751370496,11.731520326993326],[124.07437089486984,11.749231889198654],[124.0582200120539,11.786260200389497],[124.05974503900208,11.81707264312069],[124.07003666604413,11.858876715276264],[124.03996443939432,11.905273608024842],[124.02601640598807,11.952401875721911],[124.01132811135662,11.955335963261673],[124.01621084181954,11.994419985719249],[124.04020080096346,11.966055614825393],[124.04810228444478,11.981849779614553],[124.00998591619157,12.022119912627977],[123.98052908932131,12.084159425478683],[123.9562225640066,12.106535168025673],[123.95034993504939,12.124554385487757],[123.92578913574403,12.145784202204892],[123.90133098150858,12.196934487443038],[123.90215145386908,12.207515936062839],[123.87490188966953,12.219096262089868],[123.85710115401578,12.195115179086097],[123.82782719447842,12.235951630544493],[123.80291865401199,12.247728125123352],[123.77909808361142,12.229561789102922],[123.76275553977526,12.234110042898912],[123.7124613446313,12.30093858488007],[123.69965923489667,12.33146113107662],[123.67130384801398,12.34948039786485],[123.6429885499854,12.351375446795362],[123.63899316211105,12.372368922318294],[123.61701870136302,12.375579509790922],[123.59200317488738,12.354648463653156],[123.59636862443327,12.394664462519442],[123.56786159152199,12.423033264073897],[123.55747190319012,12.46250072883117],[123.52578554234964,12.455441979154244],[123.51513713980195,12.46751725476642]]],[[[123.76385693576638,13.130317972069454],[123.64860239498717,13.152188283075457],[123.59794585371964,12.902432656867424],[123.60021236233983,12.900857147750205],[123.63482832734289,12.89176501414014],[123.65291000502344,12.8694739580356],[123.66156064673704,12.89080634528297],[123.65368590010299,12.901936232352876],[123.67974938504086,12.926764468234284],[123.71301873794172,12.878311945235998],[123.72471043792353,12.874735724773661],[123.73055185958295,12.84935448675756],[123.76397730426048,12.862589118061052],[123.76370084862782,12.880318510037597],[123.79567704945767,12.866169780972534],[123.83973744271188,12.906903684508876],[123.88250909830217,12.93659686815872],[123.8836684980181,12.977790023816617],[123.91130153627506,12.97842767874241],[123.92450491547753,12.979413130288227],[123.94254200866847,12.95619457370264],[123.96694224045848,12.956381823924351],[123.99780365977566,12.967311096338141],[124.02903070775355,12.969950940687092],[124.04122188269035,12.928606151864239],[124.01627324195606,12.880091060742073],[123.99041042713829,12.874164952929009],[123.9698852577442,12.885219071842787],[123.94754956138874,12.87924834713937],[123.9352023453334,12.844168594344845],[123.9108110389383,12.844208692521299],[123.89045075393352,12.86929114120535],[123.87714926065748,12.875422431126692],[123.855085620509,12.852181584400599],[123.83197857794418,12.839767438016008],[123.84496351541371,12.80441121872848],[123.85061768516164,12.720785273521539],[123.873046905304,12.67196703981782],[123.9186947668401,12.624045044778162],[123.9372624146326,12.629360300420704],[123.94994412608025,12.591003131374816],[123.97508897830983,12.556650236724801],[123.99648379935996,12.54282701022783],[124.04254177576048,12.535166228251528],[124.0817016716046,12.538626483095602],[124.10434943296949,12.572894718984733],[124.0886310809459,12.591034324754908],[124.1096289574648,12.603452965398432],[124.09654602029013,12.626390511643786],[124.10001519266007,12.64155150017146],[124.13658867699542,12.663913848652532],[124.13317753794414,12.692501175761247],[124.14383478678043,12.702962195994752],[124.13252198881484,12.735785651237418],[124.1408605485686,12.767226813606472],[124.15033610276379,12.776091506686685],[124.15740829015792,12.837243564512143],[124.14449466827617,12.894944392036214],[124.12075890921021,12.910417427381095],[124.12967711709463,12.93080003039489],[124.14600185925113,12.94234903412782],[124.15715856815822,12.992857311940146],[124.19167195391677,13.014314472547929],[124.19507522629522,13.048401551727146],[124.11212434612983,13.064235973823397],[124.09356733885357,13.012249948242266],[124.07520918666737,13.007402923540461],[124.06638460291202,13.034665809264984],[124.02158406826781,13.056354864572159],[124.00055529462402,13.08548745145382],[123.85282645638223,13.113547082163729],[123.8440761847209,13.113333294062219],[123.83863157993403,13.08714943717316],[123.80564315292263,13.052515594989696],[123.78751240750762,13.046955129396089],[123.75554516639151,13.064323349672552],[123.7736223045902,13.08738130375867],[123.78685693816841,13.117854808640516],[123.78086392231747,13.12557798705668],[123.77121890500494,13.126995951912216],[123.76385693576638,13.130317972069454]]],[[[125.52094336801927,12.187793399263231],[125.51188697041904,12.206138078063505],[125.4842672629556,12.21926124407422],[125.49093807851843,12.240103097262038],[125.46763037699687,12.24555654180931],[125.44141975272208,12.273390268261847],[125.41708203158896,12.287605855054977],[125.39055478814393,12.282513617661872],[125.38426301532577,12.269952298558636],[125.34351126866967,12.29639925168648],[125.29857697838797,12.31116779858375],[125.2883833929477,12.331131208359524],[125.28897199231471,12.353685284335418],[125.30423557218619,12.38590672235013],[125.3093858144551,12.414832947448243],[125.29425604588647,12.43464473234971],[125.2939840481611,12.460899896383866],[125.27664261403359,12.47475878005788],[125.2206586013286,12.533204246664617],[125.20314773661417,12.536700203615359],[125.18340281111846,12.561412528750612],[125.15759356552657,12.573786547938436],[125.11226674976486,12.566883862124211],[125.10222045889799,12.583614358770083],[125.07292855378132,12.583137305030453],[125.08009881907414,12.5471122054395],[125.05290278784435,12.54499410729775],[125.02393201022285,12.534377010320261],[125.01780073803376,12.563017775046074],[124.99355215334134,12.55439836292309],[124.96624017395858,12.561020141656302],[124.96145550249089,12.586646595056054],[124.91092056519942,12.558612182543591],[124.88686364884644,12.579681478768624],[124.87706703303675,12.550585832747803],[124.85504355729238,12.534096034334008],[124.82784298804148,12.531951254001811],[124.80152988483607,12.542688731784406],[124.75778160188926,12.529949108862434],[124.74381129462273,12.51932749205175],[124.71222740750666,12.522069885836698],[124.68141954875914,12.512826125071612],[124.61354750554473,12.516281984122053],[124.56436363410074,12.533288966554254],[124.55113347415451,12.525177869684528],[124.51132267432965,12.52524473158512],[124.49817724955898,12.541074590030048],[124.44631338450863,12.53345843291042],[124.4278349139787,12.53507709866709],[124.40617258718909,12.562754734580524],[124.3908377477306,12.554429597126004],[124.36345885585843,12.556159675448258],[124.35388964292774,12.540856045822443],[124.32623424963928,12.557778378395337],[124.30008613030589,12.565470314492849],[124.28231214650417,12.585950935235868],[124.26425281235407,12.565684340766692],[124.26534969757593,12.540343247634452],[124.28169235361241,12.517584044600348],[124.28391297568182,12.469207232778796],[124.32064260913077,12.42984226308608],[124.32755860987102,12.38416773539886],[124.33650362477997,12.369323367744988],[124.33889814507062,12.31795006116442],[124.38591936982128,12.20684263508024],[124.39990310518236,12.184560528255798],[124.44329015986077,12.157065702158597],[124.46839038701752,12.127269969266017],[124.48484008012073,12.09735384938158],[124.49996975441861,12.091860244041523],[124.53463037810386,12.061007753255998],[124.57655487213438,12.065284025535902],[124.6447835315048,12.04571303329],[124.68891083382495,12.008033642355178],[124.6972448581898,11.984204211131908],[124.72209990760497,11.973729780463662],[124.71938877275515,11.9475191385787],[124.74043124870538,11.93087781078298],[124.74859588235385,11.897144686050847],[124.77832027579444,11.883834278058334],[124.80490095350768,11.847537176116292],[124.8341883052454,11.83721882491565],[124.84023483240132,11.818709125621007],[124.85720617967617,11.813398309371912],[124.8791895295875,11.78268847393122],[124.8860922443529,11.75887245776771],[124.91269525982571,11.742137404934796],[124.94357450630729,11.760794320482933],[125.01283331793562,11.784864527819012],[125.0429678504206,11.754707609618992],[125.01795235904737,11.721928786204986],[125.00993489752474,11.701323258629959],[124.97717387930926,11.680401171229294],[124.97624193024602,11.66521795482318],[124.99060018729986,11.64220896963609],[124.99053780412814,11.622637993518284],[124.96127266164723,11.601198598524313],[124.95204238610081,11.576468467711027],[124.92304924761429,11.573440739087552],[124.88439780676299,11.579763699457182],[124.87774481999263,11.539796785612838],[124.86018485337132,11.550873196856642],[124.82269275186577,11.518843519148662],[124.84517557049719,11.46658724571079],[124.86759142575481,11.467184786627454],[124.88793833395212,11.486229625615179],[124.94135393244053,11.45344185137449],[124.96143321510469,11.454989169267481],[124.96859010776619,11.433928838700732],[124.98544997335085,11.423084315713979],[124.98760818128184,11.380227852481818],[124.9977481357882,11.35613087366812],[124.97569116753294,11.326505897341498],[125.53624542561872,11.214885038328621],[125.53537306748349,11.216288991323719],[125.54844711972821,11.264919951309858],[125.57190641421171,11.28731358375632],[125.60948775721812,11.302559218199537],[125.61398249635184,11.319294228529236],[125.63369176557937,11.340136077864264],[125.63107424738962,11.364357911572787],[125.5811233789441,11.402746320069886],[125.55885469159021,11.409573179147202],[125.52535791774747,11.456879778876187],[125.51029055497682,11.504106156710437],[125.47544716004556,11.541531425333874],[125.4698019760016,11.566493467259155],[125.47519749533595,11.596565599037943],[125.44490682344596,11.599370414801703],[125.46328717232691,11.651796060675364],[125.4540479381912,11.671750494892768],[125.49117892030047,11.672053725737925],[125.47535797625503,11.703173826133877],[125.46534728929392,11.760905780508557],[125.43247040216359,11.764441864739055],[125.43442793698361,11.779535916346134],[125.46278333688987,11.774992092632969],[125.47692315011308,11.782585921777434],[125.4647676463326,11.823774659839538],[125.44835812653285,11.820211797622047],[125.4387131418719,11.830655027469211],[125.43824042902588,11.858292577518196],[125.42553644744464,11.895570661327698],[125.42550081898968,11.935176336033303],[125.44825110380067,11.968191546199774],[125.45039153173884,11.984043684743213],[125.48851683518696,12.027390587619024],[125.48784793655096,12.029700424797202],[125.48991695825717,12.034471666688738],[125.51920436352489,12.057957699658948],[125.50000792768634,12.070715211808636],[125.48165869159709,12.091976176761518],[125.48401754175484,12.10690078384492],[125.44933470247109,12.102410502136442],[125.44020242446756,12.130422570760244],[125.47728882106983,12.152374698893475],[125.46423255547555,12.168476534469308],[125.48403985623068,12.177818319778371],[125.51503952291256,12.171316998443544],[125.52094336801927,12.187793399263231]]]]},"properties":{"id":"S1A_IW_GRDH_1SDV_20260115T213107_20260115T213132_062783_07DFD6_623B","acquisition_date":"2026-01-15","acquisition_datetime_utc":"2026-01-15T21:31:07","image_id":"S1A_IW_GRDH_1SDV_20260115T213107_20260115T213132_062783_07DFD6_623B","instrument_mode":"IW","orbit_number_start":62783,"orbit_number_stop":62783,"orbit_pass":"DESCENDING","pass_hour":"6 AM","platform_number":"A","polarisations":["VV","VH"],"product_type":null,"relative_orbit_start":61,"relative_orbit_stop":61,"resolution_meters":10,"satellite":"Sentinel-1A","slice_number":2,"system_index":"S1A_IW_GRDH_1SDV_20260115T213107_20260115T213132_062783_07DFD6_623B","total_slices":17,"TileNumber":"D2"}},
{"type":"Feature","geometry":{"type":"MultiPolygon","coordinates":[[[[123.35196531590366,11.637901444072952],[123.34729217326195,11.610085618290379],[123.35832395403119,11.642449786626978],[123.35317817263491,11.640603718276493],[123.35196531590366,11.637901444072952]]],[[[123.87753274293318,11.301796717533481],[123.89727771187877,11.295594117028315],[123.90249482606431,11.347110102024137],[123.88662039774157,11.344523829869976],[123.87753274293318,11.301796717533481]]],[[[124.49542149467389,10.753777708539033],[124.50792037690869,10.731285986743734],[124.53719878843317,10.746090156833507],[124.56717737544035,10.795184909766649],[124.54572459559331,10.809284590937128],[124.49542149467389,10.753777708539033]]],[[[124.38799287017396,10.649510494273665],[124.40933412001036,10.627366607266477],[124.45400982000587,10.629092315251663],[124.4962374912566,10.63866601256421],[124.51991085431324,10.669661228488353],[124.48867041737236,10.700460233030578],[124.46071627273598,10.715331345705215],[124.42888721472573,10.71919732297313],[124.4134275829391,10.710876656355227],[124.39916291043258,10.68689117123643],[124.38799287017396,10.649510494273665]]],[[[124.27407173649614,10.597771581151617],[124.29534163431055,10.587836688854237],[124.3146673718513,10.589669400459194],[124.32623424963928,10.603104642630669],[124.38371213200648,10.624245274086794],[124.37890520924881,10.686458640012486],[124.34895337524577,10.708709573825066],[124.3219892507646,10.710430776842392],[124.31048028959077,10.701829156745092],[124.3128569536367,10.66864897318659],[124.3056020320162,10.646411421660009],[124.27468259658819,10.609271576802225],[124.27407173649614,10.597771581151617]]],[[[124.19406204219432,10.190187433727127],[124.21246475521788,10.174772318538084],[124.24105203957885,10.17810770853305],[124.22944503037573,10.197580611297152],[124.19406204219432,10.190187433727127]]],[[[123.68786049096775,11.222081371344467],[123.7081003417202,11.195393631854534],[123.72020680969494,11.148992246378496],[123.73058307106889,11.137371826117167],[123.75076499646269,11.151667735783716],[123.78076138901427,11.146053677744783],[123.80760071406023,11.14991528183705],[123.80732864842203,11.168103989628317],[123.76998819992691,11.207870230985113],[123.75189313456201,11.282426414414592],[123.72453211177738,11.296985350095774],[123.70565226364684,11.252287316814343],[123.68786049096775,11.222081371344467]]],[[[123.92591848434888,10.279851009607004],[123.9450524979627,10.245114657774785],[123.97605218830337,10.25512084419317],[124.01409720327013,10.29289392583301],[124.02475892281235,10.310721370564735],[123.9806227260722,10.331482989101644],[123.93853777781301,10.307787319431704],[123.92591848434888,10.279851009607004]]],[[[125.12996494361998,10.165269995987936],[125.12153720819036,10.161515454390976],[125.11799673992975,10.112541083078288],[125.137496413138,10.067129614650634],[125.18562344776306,10.042212196587679],[125.20530595768922,10.010142334607698],[125.22522919808925,9.96379889476954],[125.25003966293156,9.947527606936873],[125.25243418444367,9.92263247416752],[125.26680580702245,9.9079040766003],[125.28769677215303,9.908492639804148],[125.30137725860374,9.936807926063352],[125.27929576042393,9.963629436899822],[125.28325546425873,9.993483119955926],[125.25711172455061,10.027506036593389],[125.23619860781633,10.08491253917318],[125.21486624566684,10.131055262683901],[125.1661996340625,10.136419558318837],[125.12996494361998,10.165269995987936]]],[[[124.52542682383933,10.10242788875001],[124.52631413786104,10.081010808910518],[124.5416802251706,10.050425845249839],[124.56791759181743,10.068948920874535],[124.5562971347403,10.084751964163923],[124.6087406605846,10.100613022349423],[124.59809230076932,10.120090384748842],[124.61435015460576,10.155085364647114],[124.57451699244744,10.128464566979973],[124.54878358894136,10.130422067327515],[124.52605995632221,10.115537627004665],[124.52542682383933,10.10242788875001]]],[[[123.963266863277,9.955733190963008],[124.17363517189543,9.913915042008096],[124.5223628145862,9.84430091515435],[124.52471329748433,9.854813963021657],[124.5657504070953,9.871290354740431],[124.57814673713386,9.913696446981955],[124.55423706462258,9.929668882845712],[124.55412999947526,9.956593004863212],[124.56841253039059,9.966759705414802],[124.57505658491095,9.994745033467584],[124.57124405224977,10.021722595662272],[124.53439405487008,10.043161944285332],[124.51159465289335,10.07430428444045],[124.49164016046912,10.057306228287734],[124.46459130958756,10.065716119216958],[124.44465465115412,10.085768639256868],[124.38976306646713,10.112255701759892],[124.39502925241682,10.126226108641148],[124.37587747516451,10.153399872315607],[124.36402066250731,10.133530099458202],[124.34436056442496,10.139300187844414],[124.31913538677185,10.164708151368743],[124.3019812139598,10.166531921476505],[124.27697010590182,10.15326605172259],[124.24852555294414,10.162594488312813],[124.20762661913297,10.159874438181026],[124.19984995181007,10.15053264481504],[124.14853467120987,10.15046127074778],[124.13739132917102,10.11031599192815],[124.09707663118017,10.078116845640249],[124.06186755997255,10.063339380060281],[124.05177216321665,9.992346031260901],[124.02058962954129,9.964400864227592],[123.97857604809018,9.962808915967072],[123.963266863277,9.955733190963008]]],[[[123.2180808071246,10.997449696851275],[123.09720553757164,10.415584354046286],[123.05139035979288,10.157283405124344],[123.04942889211344,10.135768965096366],[123.26564405853479,10.093389949304187],[123.26680533894965,10.102075617442067],[123.28424047182278,10.131608213750749],[123.2854755966136,10.167499544199007],[123.30848908585006,10.224143491753495],[123.33014687573825,10.25755111719407],[123.33341097278169,10.28375720738786],[123.32742237162319,10.34181473884375],[123.34153545478588,10.38863970300753],[123.35642436869595,10.415666349369898],[123.35917117004229,10.437047765867474],[123.40016372178772,10.47234595120318],[123.41977485957297,10.482289777667212],[123.43624672000901,10.503773753456114],[123.46410273258674,10.523536450449454],[123.45726694221554,10.539254811291354],[123.48618419929765,10.597214204822789],[123.50163950268669,10.658531303599961],[123.50256247386127,10.682458827265823],[123.51763871128452,10.726050978397495],[123.54488386839671,10.752261591667065],[123.56188191683856,10.778338436388239],[123.56701878581109,10.803608103743018],[123.56047734719266,10.825774305322229],[123.54337223841415,10.836761536846769],[123.52182135461197,10.871502372555433],[123.51480721600872,10.91806882385834],[123.49775116298326,10.935731328304882],[123.49666759716258,10.92892673553703],[123.4613559377741,10.929399348897963],[123.3910403789252,10.959297676003198],[123.35027528773557,10.951842056473447],[123.31815194016912,10.953282315231903],[123.25885036372655,10.988567160313293],[123.2180808071246,10.997449696851275]]],[[[125.53708533255109,11.21353329626367],[125.53604235363458,11.215211859125025],[125.30262127586951,11.26184591831991],[124.97577027678818,11.326807897799366],[124.97812810108158,11.292182881699098],[124.9989164095932,11.278520248078959],[125.02870322325899,11.275077774582074],[125.08686772836217,11.297221732421425],[125.1216442358482,11.284022730426518],[125.14305682913472,11.282310503554534],[125.17115813188249,11.245268707644481],[125.19390849744016,11.179982998330756],[125.19410911525347,11.16294030838617],[125.21103583950914,11.098666829702399],[125.23486531793355,11.087242595530403],[125.2451078365714,11.116779691466212],[125.27182675034021,11.14098820816297],[125.29679327986905,11.142432956222521],[125.30782513853048,11.132587256169527],[125.31903079529833,11.12019988114754],[125.36540103382339,11.120373778297136],[125.37484093594223,11.099036927127816],[125.39547765392345,11.107678719685056],[125.40976908663188,11.083728888860193],[125.45716043219596,11.103438060898535],[125.48030757049955,11.108115689379323],[125.51247997878579,11.08155725685846],[125.51801376257754,11.119227742350423],[125.5428776665303,11.156336402595556],[125.56889207728979,11.137706250858722],[125.58759357514377,11.113899146025418],[125.59224723622265,11.116100762279524],[125.60579112896355,11.196477242798046],[125.57058660164829,11.182346368796225],[125.55087283656549,11.187746314929807],[125.53708533255109,11.21353329626367]]],[[[123.4309263356699,10.06091834820287],[123.62395541171581,10.022883477763973],[123.63049410864178,10.048700190248644],[123.65177743081091,10.089220013809449],[123.68405241036513,10.090267929390736],[123.68978230400502,10.128874821246026],[123.723907839662,10.173626341413287],[123.76040556731799,10.201553717746073],[123.76994361874092,10.2244690275472],[123.79959212453431,10.238653417664311],[123.83763277424077,10.234559922027776],[123.86424914343881,10.247620689829777],[123.86895790655878,10.274727564721116],[123.90376122340483,10.292296357270365],[123.91208634359826,10.31015511018956],[123.93898813700167,10.327349399386172],[123.9554287759495,10.322560292894568],[123.97367097867424,10.354117400662012],[124.00420244212545,10.36182718924132],[124.02028639923053,10.387190543855723],[124.00036764799081,10.413887171848456],[124.03572827029144,10.498418330888224],[124.03128254992475,10.51619679036566],[124.03790438763059,10.545354803403878],[124.02665852921773,10.559062078755716],[124.02530737904178,10.583939439558376],[124.03775717858288,10.594614552691075],[124.0289014197915,10.613365034442577],[124.03217436332145,10.634041908182809],[124.01460109057591,10.706065268189498],[124.01822632765065,10.718457162653916],[124.00541531604445,10.757737372244147],[124.03352549668548,10.793789165934838],[124.03405613574404,10.840516144461082],[124.05529037940588,10.885392503533506],[124.04741561043531,10.909881896802379],[124.03563018527163,10.916927244493584],[124.03128705491334,10.94483230703155],[124.0472015336542,10.971123160717424],[124.04110595555932,11.009872775982009],[124.04300556107414,11.052671226120271],[124.02887022404931,11.05882028428362],[124.00109889097574,11.054535129728183],[123.99226542418138,11.076505147108849],[123.99413381901734,11.097667977936236],[124.02497738763886,11.1265496082194],[124.03665131824995,11.148751444879837],[124.0463810854634,11.224841585670292],[124.06404806534717,11.240756074829024],[124.0633480015388,11.281052981926779],[123.9996096149268,11.273267411413276],[123.99002699062657,11.229635090584782],[123.95378783916723,11.198729061968958],[123.94449062805738,11.179724353472395],[123.94689854479144,11.145161862952538],[123.96436481115379,11.12332570939566],[123.9509429914271,11.08894602991998],[123.90419821922514,11.033983151233217],[123.90592388132464,11.021069576920574],[123.93541634419178,10.99288808005999],[123.9237959528488,10.952033751453886],[123.896158407039,10.916887134610127],[123.87167348104185,10.847632845923727],[123.86640727827441,10.81361878998246],[123.85157632254572,10.797436762179975],[123.83345012644655,10.75642639488209],[123.83464958090215,10.737765060808565],[123.80261990350613,10.723379982420605],[123.7918466898071,10.694948752812202],[123.74210988528951,10.632169056517496],[123.74780416586731,10.61921986764229],[123.73300883679269,10.583694224056467],[123.71215812468785,10.569179784571508],[123.70565669924689,10.524361398146755],[123.71565400761328,10.501240925911201],[123.68036473666594,10.460400034171707],[123.66882451568712,10.421159920996015],[123.64795593773621,10.403880938097982],[123.63633550832623,10.381210836383943],[123.58808804484727,10.34118597266598],[123.58048082596667,10.323536866429638],[123.58370923057959,10.27379113924844],[123.57724795497867,10.254291468982602],[123.55686993152263,10.236080523658504],[123.52319478865613,10.187387110926316],[123.51727306953609,10.150162541116023],[123.4811989189796,10.117365849196712],[123.46285869291918,10.09176615103919],[123.4309263356699,10.06091834820287]]],[[[125.12996494361998,10.165269995987936],[125.14171021104372,10.174321976101611],[125.12988470187038,10.220536062616125],[125.12563513635638,10.260654638888523],[125.13775499265753,10.27887892921268],[125.21230226358442,10.248017541439221],[125.24770307281516,10.253671648409316],[125.2589890524154,10.262701310178107],[125.26944561104723,10.307417223752749],[125.26304685471347,10.371971618482643],[125.2388071162801,10.396755328588576],[125.22094844744365,10.384608669073415],[125.19991482847868,10.405660123013268],[125.18248867066455,10.436316470227984],[125.1942607524765,10.475494105756768],[125.18694335386503,10.497941192940386],[125.16655183868454,10.53209794391411],[125.19497867716446,10.580456893687899],[125.11050985467655,10.667868655856914],[125.1073082766267,10.701757821028382],[125.09007386734407,10.715607784580612],[125.04060452866376,10.72119502162269],[125.01657002588051,10.748029864519024],[125.00414246501674,10.818893957283723],[125.01452770834227,10.89126070284845],[125.03783991160077,10.939254021848468],[125.04313732274836,11.01192842798475],[125.0396726086092,11.075064833286996],[125.02337456389245,11.09165712529448],[125.03034863822747,11.121484082750323],[125.01518321538421,11.150954285565168],[125.01545520013977,11.169829678999122],[125.02854271374324,11.202327535427418],[125.03118251014546,11.238432873880773],[125.00644788571569,11.22107809407011],[124.99873356576497,11.250891619164426],[124.97712922873146,11.25605083578085],[124.96597257187102,11.273485911670871],[124.96547658500752,11.328847480357545],[124.78520697505728,11.364503427732073],[124.75303715061595,11.335275660856313],[124.72424918780938,11.32693265992613],[124.70131598917817,11.304686258464843],[124.67826244232448,11.306389649882798],[124.6389688354488,11.297489274360261],[124.60978850973876,11.312623443617914],[124.58548644436254,11.308347157279467],[124.55122271226513,11.34426520625579],[124.55033979179596,11.365459346143359],[124.53784344753673,11.413236002898298],[124.46810732873372,11.426933282279812],[124.48209320945189,11.407111795665147],[124.4624865333028,11.388718005775804],[124.44028522839838,11.432393016207387],[124.3068639068101,11.458279969821612],[124.30802331425765,11.45815063898087],[124.32472263167826,11.395085589006134],[124.33659274170155,11.374448874864996],[124.34195704303117,11.318661063207191],[124.37805349486177,11.278600519777312],[124.38974080059944,11.24414947572613],[124.38745771514448,11.174877358007848],[124.40518265399092,11.121234350797044],[124.38931275301998,11.10071806309659],[124.37510600369482,11.064982839909845],[124.38433189133418,11.039079872777446],[124.40289962853878,11.033777997230814],[124.40142808660981,10.973709432782549],[124.38153159455429,10.928610112692436],[124.40724723832815,10.919303945028124],[124.42635447863252,10.937934084151689],[124.43768509159621,10.913154845183971],[124.43134422674072,10.891822501654614],[124.45298869838136,10.891082343975276],[124.48825122206803,10.863685569497134],[124.51407835217853,10.86311483744148],[124.53539284581481,10.890458059737943],[124.55251133084091,10.93466112740753],[124.55397840108634,10.956974446213955],[124.53936144164379,10.978578801213391],[124.58542841169675,11.010425667331281],[124.61324434631702,10.999456285799138],[124.62570754072296,10.974654820031006],[124.65377756122817,10.949862217176367],[124.68639583921322,10.933301092169089],[124.70525339280096,10.900343908038941],[124.70868694892727,10.879345953168661],[124.73811254440956,10.852462017708302],[124.76714125260933,10.814524020484296],[124.791528132232,10.762838581701509],[124.79776187941177,10.69345943301808],[124.80666226893145,10.665242208009806],[124.79538522989084,10.641693691376396],[124.77133281937301,10.617636847247454],[124.76666860744994,10.56774843326041],[124.7703161771338,10.545595631696848],[124.75404489208303,10.512910425653077],[124.72506523228463,10.485464622744754],[124.73314067026419,10.447597942853829],[124.72712082721554,10.39934600156062],[124.74073893736872,10.376136382193014],[124.77023146342809,10.358456061134795],[124.79170198387325,10.332597778356932],[124.79424364954349,10.298726456089337],[124.77071302390775,10.244744520499575],[124.7710028186725,10.215278804024525],[124.75576164221162,10.172221714983452],[124.78266788911506,10.137547773444972],[124.80879822812157,10.130038594202734],[124.84365052795846,10.13206751117296],[124.88746568293658,10.1275192565871],[124.90688951684947,10.090410573341737],[124.92751283543177,10.087342710209864],[124.95345143016091,10.068315780894482],[124.98223050965267,10.036816678245248],[125.02440465593044,10.032500217313986],[125.03196729850791,10.041592316499301],[125.02600099214439,10.092087203242775],[125.01571835884323,10.10374775409572],[125.00797286172246,10.159794228166595],[124.98168203667596,10.202998417587855],[124.98149024266347,10.23706597652225],[124.98863820606009,10.248927149983295],[124.9835280633025,10.295498013100735],[124.97366457465304,10.33546942052537],[124.97786053663509,10.383052502077332],[125.00877551825403,10.383047984805627],[125.02232227198188,10.37271626640272],[125.03917761378155,10.335170682700891],[125.0404663083723,10.313057982260105],[125.06101830311519,10.289264230947907],[125.06643613460474,10.263633275806862],[125.0861988400276,10.218676612093518],[125.12009253125144,10.18101953273956],[125.12996494361998,10.165269995987936]]]]},"properties":{"id":"S1A_IW_GRDH_1SDV_20260115T213132_20260115T213157_062783_07DFD6_4244","acquisition_date":"2026-01-15","acquisition_datetime_utc":"2026-01-15T21:31:32","image_id":"S1A_IW_GRDH_1SDV_20260115T213132_20260115T213157_062783_07DFD6_4244","instrument_mode":"IW","orbit_number_start":62783,"orbit_number_stop":62783,"orbit_pass":"DESCENDING","pass_hour":"6 AM","platform_number":"A","polarisations":["VV","VH"],"product_type":null,"relative_orbit_start":61,"relative_orbit_stop":61,"resolution_meters":10,"satellite":"Sentinel-1A","slice_number":3,"system_index":"S1A_IW_GRDH_1SDV_20260115T213132_20260115T213157_062783_07DFD6_4244","total_slices":17,"TileNumber":"D3"}},
{"type":"Feature","geometry":{"type":"MultiPolygon","coordinates":[[[[123.76203314651157,9.888324112189444],[123.77731891480782,9.864231602442484],[123.79197597032157,9.890303949541195],[123.76203314651157,9.888324112189444]]],[[[123.72187892649836,9.591236516873867],[123.75601338274441,9.576151351471495],[123.75594202508722,9.547162774282443],[123.80650375552979,9.552607350875252],[123.83721803587808,9.587245636256814],[123.87214622057665,9.603427729001753],[123.87055429119854,9.627604940492775],[123.84570374609484,9.644210654808473],[123.77335925997863,9.618303296095316],[123.72187892649836,9.591236516873867]]],[[[124.63292681150746,9.183161877071589],[124.64543014753892,9.149406489193561],[124.69486374221987,9.110081668359829],[124.74701735026305,9.102220312132074],[124.77028490472081,9.07888578480001],[124.78350613459689,9.081458691410079],[124.80258222053567,9.105796510146499],[124.80066030150016,9.132965766053733],[124.78426422306816,9.200133265730932],[124.74553693367652,9.24461720149455],[124.71681140767949,9.258592061056046],[124.67884214684062,9.257512962899407],[124.64639330947814,9.236109232815398],[124.63597683334149,9.2194634602054],[124.63292681150746,9.183161877071589]]],[[[123.45519347107316,9.191330992408401],[123.50218352419606,9.144421200774822],[123.53006174678217,9.132649208771793],[123.56259987019577,9.100820145361737],[123.5967476251345,9.093351153076876],[123.62732817274286,9.098791262863271],[123.63237586288224,9.118059038372465],[123.64911535830117,9.126170149626795],[123.66890925182156,9.116997733290004],[123.68934088599205,9.123918298991281],[123.70461330384934,9.146989697509596],[123.70082748590332,9.161749274541084],[123.67677956560377,9.163376871555927],[123.65979929580999,9.200119878258366],[123.68744576800033,9.212257531961788],[123.68345482953109,9.228858740749603],[123.66593951617145,9.235248685859373],[123.64904844277956,9.282113788156433],[123.63049410864178,9.30116753403262],[123.60642836581742,9.301640231579446],[123.59678776256906,9.286095794491468],[123.5955526319603,9.254592255261667],[123.56012058438424,9.227574570495094],[123.53790091248284,9.227561132283975],[123.50676740607138,9.214754606644796],[123.47447021166538,9.224265911475017],[123.45519347107316,9.191330992408401]]],[[[123.29953071663499,9.488347194922587],[123.30449818238274,9.420898863663666],[123.32872888257705,9.411481263792497],[123.34868788948138,9.41613207444004],[123.37396200594911,9.446957871933321],[123.40383354202089,9.497287718527629],[123.44439802037651,9.52566546105207],[123.46002266323586,9.561868915642044],[123.47122843233593,9.571192871326309],[123.47738644493737,9.611627972895745],[123.5019917834686,9.664080395481655],[123.50965247832703,9.689773744824599],[123.51544928426527,9.739185058585072],[123.53856085501934,9.755527606457472],[123.5392386521622,9.80245971163173],[123.5616054640481,9.814900604007818],[123.57170981921307,9.850925652931405],[123.59136999417164,9.869595868321925],[123.60904135100593,9.874023818302597],[123.61110591764505,9.89540072084856],[123.62619110754676,9.942885661258044],[123.62677078286086,9.97785841563479],[123.61814238721021,9.997273325421615],[123.62400443852096,10.023184137320872],[123.43151933685665,10.06110340289007],[123.41042414787017,10.043242217437625],[123.40818117982901,10.001148335456866],[123.4009083938567,9.967156567110772],[123.37277149528597,9.985599422007986],[123.36689884738797,9.951135000824367],[123.37580809013107,9.936094519793151],[123.39894195760886,9.92897777143857],[123.40426610691084,9.902232071730676],[123.3895510473356,9.865324117868013],[123.37003355598102,9.860900691599658],[123.37194203244012,9.815319706571575],[123.34549066688618,9.787263052851186],[123.34922738520329,9.764218436867624],[123.34137935621678,9.71665767474744],[123.32610248304178,9.666180631638202],[123.32816263864889,9.635560009649605],[123.30676334928283,9.54648941361384],[123.29953071663499,9.488347194922587]]],[[[123.78497965046257,9.754158738955104],[123.79499036255872,9.735876405225861],[123.84422327881143,9.743166991499457],[123.86451669903526,9.712800564024077],[123.84623879351123,9.67296741625533],[123.85887146933389,9.640389187240926],[123.87982032123541,9.627734235257432],[123.92239579729333,9.6210500633138],[123.98821208700913,9.601438965078376],[124.0361875855646,9.602959504870437],[124.04490070762009,9.594344501685919],[124.09606883307146,9.59167795282749],[124.11261662221978,9.599762347727841],[124.16551046853812,9.605340660415198],[124.18530438219348,9.612925584895152],[124.21469880160151,9.610959138517995],[124.24491810795931,9.599771256177243],[124.27741157955312,9.604203620215868],[124.3138290221353,9.625834706406069],[124.35492859485672,9.633138699295673],[124.37468686096229,9.65612532941713],[124.40117836899864,9.661766161042344],[124.40187850767673,9.697880407550679],[124.41345432867688,9.714989950478891],[124.44204604892944,9.721058762693813],[124.48613762526227,9.760058078980263],[124.50169542534525,9.76169461160311],[124.5074075943746,9.737918620380727],[124.52086509151808,9.72232070687733],[124.54091772776664,9.730570080338351],[124.57968070552381,9.733727086122792],[124.59619715930374,9.755594507056152],[124.59591623768358,9.785969899708363],[124.60421022289621,9.799436407137149],[124.56713276455058,9.818574875411604],[124.54802521873336,9.839479364603251],[124.239115974645,9.90120260424087],[123.96356334976147,9.95599727365043],[123.93441756513364,9.934310810853907],[123.86971148392868,9.914779964885737],[123.86411085214571,9.890674100225686],[123.84076748540683,9.876204294508543],[123.80407802864721,9.829196442454654],[123.78745897129058,9.791869301246514],[123.78497965046257,9.754158738955104]]],[[[123.29069568977945,8.519214608790689],[123.84090368791563,8.40865360728619],[123.84289005440294,8.427005360628057],[123.81971607126587,8.46173282673268],[123.8094422698683,8.493334502836825],[123.78192964831418,8.510872117658536],[123.79126701320016,8.520882794756902],[123.77615954735894,8.555757463288241],[123.74735381331386,8.582498676591824],[123.75166123304392,8.596705395743765],[123.73027095574035,8.6049770131773],[123.6948077024058,8.636382454002888],[123.65783735490152,8.634692437557899],[123.61920364800521,8.649108730658652],[123.59649791866934,8.641751248530221],[123.5831295471194,8.61981688755835],[123.57720789466774,8.581254625308926],[123.5621048896081,8.593820350010661],[123.56620723866365,8.613088138238936],[123.5407190735022,8.627593535215372],[123.5060718539769,8.626090836960014],[123.49041148417886,8.654749515424662],[123.51126225799395,8.686275362405407],[123.49799189672314,8.698586902623227],[123.4770564759653,8.683385834024737],[123.4602723863732,8.69044462159159],[123.4318991560663,8.719910359781712],[123.391312362172,8.726955738777914],[123.38442310969725,8.705409354492755],[123.424608489851,8.654687092449398],[123.41282758147734,8.62973841917782],[123.39388084570703,8.626929144215428],[123.36998895735748,8.64117154666221],[123.35492611158674,8.634411567114393],[123.32926403656363,8.551659549749553],[123.31223468586154,8.530897961708527],[123.29069568977945,8.519214608790689]]],[[[124.89258027551297,8.995705758147565],[124.87634908314968,9.008592572936706],[124.8196873283221,9.007803253197121],[124.80391099812039,9.003433331593932],[124.79554575945737,8.984464352831404],[124.77445861749084,8.964295810074319],[124.791688584753,8.874823954495731],[124.78611917282203,8.856969737565382],[124.7882773871138,8.814166795237517],[124.76592393526664,8.768041900454607],[124.78177603277518,8.728957854236766],[124.76035900486416,8.717538109327558],[124.74320032274746,8.695938226770675],[124.74405649161038,8.657759398131835],[124.76312364368931,8.63450073696388],[124.77200166747616,8.592531676848202],[124.74784228486637,8.565286581787175],[124.74144790722302,8.53710057407942],[124.75443287740733,8.524044355869268],[124.75109295943297,8.5004155711396],[124.70688541186341,8.474374440041718],[124.66673125321623,8.490797303061484],[124.65553893151566,8.516927578315627],[124.61454192794503,8.523009848925652],[124.57346466348493,8.522880482147189],[124.57067773833441,8.539695776056467],[124.54467673665995,8.5457958259446],[124.51690098273305,8.574445565119552],[124.48293157228449,8.589838370023307],[124.47849474655752,8.620704245912632],[124.44827539603271,8.622055369642942],[124.4087231694457,8.600005109414145],[124.38323943560272,8.593209476763851],[124.33840318513451,8.551713056072845],[124.32290775813355,8.549608390395889],[124.31044902173247,8.531147651561271],[124.30737226163359,8.505900217941296],[124.28672219788747,8.459726237650143],[124.28849246338557,8.415572220339449],[124.28337787167544,8.394030326760726],[124.26497514050912,8.380242804172504],[124.2594592711065,8.343308033221872],[124.24913243631339,8.326086956131874],[124.91808854191525,8.189811824080824],[124.96900991513812,8.179409553794672],[125.01390396751682,8.329622913385403],[125.11790473410747,8.806747562984485],[125.12198764680332,8.83443342494891],[125.08400948455085,8.827940978536935],[125.06038071028702,8.86969599934346],[125.03085250861211,8.90395081329243],[125.02876120829671,8.918928908453985],[124.98626150434586,8.935895811486663],[124.9772050758383,8.948911954617948],[124.93151707537659,8.970752628256527],[124.89258027551297,8.995705758147565]]],[[[123.26508417422913,10.089202187736456],[123.26568231096616,10.093676061657721],[123.04948505972986,10.136005881405277],[123.01968667908072,10.014351835535138],[122.87831679324889,9.280134214664976],[122.88017459447026,9.273017200357586],[122.87465861496733,9.245455531804295],[122.88761676462609,9.214308718259147],[122.90770058807672,9.143779114821646],[122.93285442499943,9.103343947469602],[122.94027876192209,9.077298368811958],[122.96820616522818,9.069035656670964],[122.9833581653831,9.054886915454285],[123.01883480209877,9.036671507809425],[123.03857970077885,9.048934001402262],[123.05661224865268,9.047636430663662],[123.07013669559026,9.062935627625754],[123.09628488042684,9.064103876138667],[123.1098494758368,9.055020738818161],[123.13011160477203,9.04427425409633],[123.15209944095332,9.075367610639084],[123.18137344904748,9.091219673210727],[123.20614826609959,9.094456963073897],[123.21351465099987,9.119691059802411],[123.24733696350094,9.153205634123271],[123.26519566309311,9.184789460947558],[123.28784341781255,9.20804811385846],[123.29662339457417,9.233732546150376],[123.31633704333595,9.318201328452433],[123.31008091288558,9.344019534635384],[123.29704256215442,9.360928446502491],[123.27259777490762,9.373338073403307],[123.26286353966371,9.397577763414308],[123.23835186854467,9.42953615211979],[123.23285828346958,9.4650127494601],[123.18669317020287,9.48243001170906],[123.17273619894512,9.532470009885762],[123.12789099405558,9.543889801660757],[123.1290815847069,9.576552704370863],[123.1529778809176,9.581413100512785],[123.14943739129966,9.600306361676187],[123.12352110947096,9.604435424865294],[123.10867229998999,9.631243592189932],[123.11579350563825,9.652352958380387],[123.15052090603407,9.647920640162795],[123.15196122685957,9.68288440841433],[123.16354153764473,9.709705907986983],[123.1484697765454,9.766434595167352],[123.15387861904175,9.776512193452547],[123.13625185558726,9.830962224073147],[123.15196122685957,9.853378174856692],[123.15258108680942,9.900087243446237],[123.18314369110819,9.920768582328009],[123.18258637707235,9.940103242866918],[123.2059475330864,9.985470117394316],[123.23053061487295,10.011720865328682],[123.26508417422913,10.089202187736456]]]]},"properties":{"id":"S1A_IW_GRDH_1SDV_20260115T213157_20260115T213222_062783_07DFD6_8F44","acquisition_date":"2026-01-15","acquisition_datetime_utc":"2026-01-15T21:31:57","image_id":"S1A_IW_GRDH_1SDV_20260115T213157_20260115T213222_062783_07DFD6_8F44","instrument_mode":"IW","orbit_number_start":62783,"orbit_number_stop":62783,"orbit_pass":"DESCENDING","pass_hour":"6 AM","platform_number":"A","polarisations":["VV","VH"],"product_type":null,"relative_orbit_start":61,"relative_orbit_stop":61,"resolution_meters":10,"satellite":"Sentinel-1A","slice_number":4,"system_index":"S1A_IW_GRDH_1SDV_20260115T213157_20260115T213222_062783_07DFD6_8F44","total_slices":17,"TileNumber":"D4"}},
{"type":"Feature","geometry":{"type":"MultiPolygon","coordinates":[[[[124.01467692422682,7.321433692685265],[124.02690818591616,7.296636651085642],[124.04068686585057,7.312515481190958],[124.03790438763059,7.329513548219312],[124.06754397022367,7.355064212488036],[124.05740399699052,7.371130358908658],[124.0364819235013,7.351800156941409],[124.01467692422682,7.321433692685265]]],[[[122.78241772298635,7.357088633453255],[122.8071880378286,7.308685090145789],[122.80288046435604,7.289140890098735],[122.83302403619348,7.287852205991437],[122.84631214814476,7.305817954753644],[122.89942008297115,7.320684556123999],[122.90627366340952,7.337477557082334],[122.92397182234068,7.345111507401682],[122.92344125407635,7.369694559982349],[122.97245122625536,7.370760275915297],[122.93599802810309,7.400747696662877],[122.94125975913617,7.41363007037774],[122.89929072019723,7.440843945552495],[122.87467203620879,7.364495225806448],[122.85964041585129,7.389492978077199],[122.85958689495826,7.405804327636848],[122.84088098056517,7.42917894288625],[122.82451609012114,7.436942244521442],[122.8077453900526,7.427239223911818],[122.79427888894381,7.391816112467394],[122.7970792336945,7.378728651301117],[122.78241772298635,7.357088633453255]]],[[[122.65627421993447,8.148177779216418],[122.65363077432134,8.14471910607665],[122.6028705580211,7.89756717448774],[122.57270607688243,7.744602453700852],[122.57771372654871,7.742564604834604],[122.60138707773211,7.753208454504451],[122.62618419777674,7.773729231597914],[122.65883815528291,7.784399834109098],[122.6809776045824,7.771151835374345],[122.69151888051255,7.787953749793179],[122.72399901938233,7.783236000101661],[122.74735129589095,7.751389104271312],[122.78273874847817,7.771936642323192],[122.81273507963861,7.746310231759116],[122.82066341099353,7.718084125057981],[122.83609192335946,7.727466085369657],[122.83532489574895,7.723078315176619],[122.83080342854306,7.716510061930418],[122.826897192468,7.7098392085452],[122.80245240032484,7.72446060595902],[122.78441533239415,7.677091622791845],[122.79559434769148,7.637851525742486],[122.78714878508238,7.614396618004626],[122.79065814658637,7.592814573406299],[122.80868179342701,7.579642426053593],[122.82745460832251,7.533432764385387],[122.7992552937307,7.540268511039024],[122.78013021475238,7.502045086684547],[122.7829884725419,7.469435711890438],[122.79927759306753,7.486714725563157],[122.8202799254751,7.46748264040278],[122.80908753396827,7.438730324085523],[122.8410860671177,7.436304581439762],[122.87642891289323,7.467883945699046],[122.87523830772868,7.482585596457682],[122.85703179856945,7.492408984357199],[122.88366601644162,7.508336945304202],[122.89025658930349,7.538449198549199],[122.91972229589113,7.535782664742969],[122.92991580073928,7.511003447136485],[122.95603726243344,7.473176911990081],[122.97326722956991,7.483562129910187],[122.98462010512259,7.46039263725256],[123.01448269300882,7.479317118428313],[122.99809102943325,7.495811288465815],[123.02535401802812,7.54114251805309],[123.03559205260429,7.582518495615988],[123.029050573126,7.616496880209092],[123.05711170805112,7.626913355142821],[123.04277125825696,7.649842016482358],[123.08183291506613,7.676132910790345],[123.09027846560461,7.699123994686643],[123.11990918538511,7.722404954881344],[123.13490517957435,7.713027492207455],[123.14555349037043,7.690089866756894],[123.12719537489131,7.666380847010652],[123.17635252892686,7.622186673278156],[123.19040760956592,7.614641848396266],[123.19164280888681,7.584324448213577],[123.1764817883174,7.572570237925092],[123.14494259510175,7.574554537706202],[123.10384311410175,7.553115222529895],[123.11749240835547,7.513375705592802],[123.13110153974942,7.501924707940403],[123.15850271840132,7.495106744874439],[123.1673138986286,7.470091216957526],[123.18480695189484,7.470367661057373],[123.19557127886705,7.488083679273419],[123.18195315538428,7.503208968717394],[123.20815480185732,7.517522680093255],[123.22468020888837,7.536629932853326],[123.30087289719702,7.529245623089388],[123.29193686974716,7.512916427818906],[123.28838299571817,7.463282179811828],[123.31857110027366,7.447278476062309],[123.3241405157167,7.425237124206778],[123.3428285885806,7.408510989865614],[123.36746066958652,7.402830106653735],[123.38385676458755,7.377368631190794],[123.40968391345528,7.358586892126782],[123.42230314115669,7.371941902485449],[123.45313338286668,7.3720133058793],[123.44037587620745,7.413112823279026],[123.44885261601245,7.432888923031816],[123.43730804588228,7.449632829067297],[123.41103500168056,7.467491542586004],[123.40277227367943,7.458510894362799],[123.38175209185518,7.488556321650857],[123.38189032207804,7.529214417729653],[123.33811090422729,7.548406358121642],[123.35138559479758,7.577840950741877],[123.39261449912581,7.566916148065057],[123.38123931162902,7.605705846927454],[123.45784217624468,7.629776063297762],[123.48188567482958,7.681738008124291],[123.48178307217793,7.730199473511774],[123.46631446121123,7.744401695577865],[123.44651603196066,7.748263302460571],[123.42273570839414,7.775303300135157],[123.43235845606073,7.796452815764932],[123.42633861995922,7.812055188112776],[123.44380936187738,7.82265896879097],[123.46317083747955,7.81283106374383],[123.51608254462703,7.835915869854912],[123.54273898894525,7.853658588353003],[123.5731411296986,7.851656510120213],[123.61508788735863,7.828785787121529],[123.69248007878593,7.810802225792113],[123.69249790899156,7.800470480118106],[123.72268606225457,7.788818805073178],[123.74070084169546,7.762215805473184],[123.73384717210232,7.734413303733927],[123.75778809916389,7.735149077381478],[123.78109583637949,7.70487621427228],[123.794669344493,7.708349857387328],[123.8264448352776,7.69738493932959],[123.88999147373706,7.697500906362044],[123.91808380037656,7.691806629063092],[123.9733811161602,7.662965193749911],[123.98631253094642,7.640709786273044],[124.01230462734028,7.646952528819649],[124.04437897046283,7.601068380793369],[124.06996971471554,7.572623766371024],[124.1006483846723,7.530404981659275],[124.1260384953401,7.477609238634382],[124.14172556161643,7.458796310668936],[124.1389787833499,7.43604594298511],[124.1668481571987,7.426209165154569],[124.16251394332713,7.399552678431722],[124.19378111317772,7.419123709933543],[124.22073195889304,7.404689544180856],[124.24442313501879,7.407476515793357],[124.25415741137908,7.35188933895045],[124.21092194475597,7.338275727968307],[124.2135171459327,7.292097270192224],[124.18917938622012,7.253918459260732],[124.17862907642477,7.227935230653952],[124.15704261950314,7.207913903813564],[124.16417717353194,7.198273312032179],[124.15041190793998,7.175960011083397],[124.11363323801442,7.1556844191775],[124.06395884765955,7.143658248011306],[124.03502824352147,7.107989876437734],[123.99308142727901,7.021964924413847],[123.99196669175527,6.99644995635919],[123.96856533469257,6.959635637869482],[123.97000119027524,6.930446321091135],[123.956467819392,6.911116118347757],[123.97080378299476,6.864478367000453],[123.9549650562656,6.846521568480239],[123.95836771475074,6.811123631148336],[124.67504707906944,6.663444053436741],[124.73667599236312,6.953953107409175],[124.77969308817114,7.163601981684799],[124.82611024396023,7.393844164635535],[124.8961662495582,7.756455243650414],[124.93999070325832,7.999541264468261],[124.96866528976851,8.179535519993454],[124.86357339549035,8.201246102722214],[124.24920565509899,8.326364844107717],[124.26516691256694,8.28141571139054],[124.24669725741484,8.26049810683014],[124.23027891395382,8.218649446006902],[124.16216161908882,8.189607303365246],[124.0964523327877,8.189014199806747],[124.02926709769508,8.199912258182218],[123.98428366931383,8.176533218426325],[123.96489100356233,8.173995986683783],[123.9339984116478,8.152516509677362],[123.90666404886301,8.11835529893318],[123.86685764972297,8.102712815112783],[123.84726884902344,8.102467543615782],[123.78820809822957,8.05210201073041],[123.77504926177461,8.028352787077361],[123.7489769310109,8.00000182627933],[123.66871750740809,8.00000188164163],[123.66584590239236,8.027197942724353],[123.70433684306485,8.05138408175473],[123.72661000388844,8.044258439667205],[123.7587735266226,8.057011456566316],[123.80925950477726,8.105887645671299],[123.83545667612718,8.140512580448233],[123.8504571447919,8.14333518971091],[123.87267234481746,8.172042876706632],[123.8679278372398,8.22425453853376],[123.85080045385872,8.28281587418508],[123.85114384681808,8.31406525860679],[123.8655645183151,8.325859586983066],[123.84993540795794,8.353149294777726],[123.85076034016352,8.386695073248363],[123.84094428561659,8.408940952303917],[123.64079706995899,8.4492570336718],[123.29130615442948,8.51938552318541],[123.26593143497367,8.514760442595138],[123.20699989769113,8.532744030689832],[123.1610578044845,8.531294850228505],[123.11898170271665,8.521765753791007],[123.06263650905223,8.518086977488567],[123.04770743370682,8.496602997144105],[123.021461198891,8.475203817005877],[123.0226963683078,8.455427670047131],[123.01004585084054,8.430706398533273],[122.98107066552875,8.412776374901755],[122.98155219905011,8.384046385709128],[122.99027423091555,8.347891973286343],[122.98016543121808,8.32246177466714],[122.9513016598754,8.317859978701053],[122.94039027453498,8.308290692871852],[122.94941550596502,8.282485926066089],[122.96498217396297,8.265817758323479],[122.99783238696382,8.248788463078629],[123.00016899536439,8.222573435653342],[122.98916833547396,8.200830863282466],[122.9600058765296,8.186120284610308],[122.92521593801322,8.156516305124242],[122.91755519767024,8.148993802312447],[122.85292943157356,8.134996673118605],[122.82055641394568,8.120299462737618],[122.73709094393377,8.11308019299447],[122.7101356329029,8.115559445603175],[122.68099096524016,8.132530830310628],[122.67562225412138,8.157613240062238],[122.65627421993447,8.148177779216418]]]]},"properties":{"id":"S1A_IW_GRDH_1SDV_20260115T213222_20260115T213247_062783_07DFD6_EA02","acquisition_date":"2026-01-15","acquisition_datetime_utc":"2026-01-15T21:32:22","image_id":"S1A_IW_GRDH_1SDV_20260115T213222_20260115T213247_062783_07DFD6_EA02","instrument_mode":"IW","orbit_number_start":62783,"orbit_number_stop":62783,"orbit_pass":"DESCENDING","pass_hour":"6 AM","platform_number":"A","polarisations":["VV","VH"],"product_type":null,"relative_orbit_start":61,"relative_orbit_stop":61,"resolution_meters":10,"satellite":"Sentinel-1A","slice_number":5,"system_index":"S1A_IW_GRDH_1SDV_20260115T213222_20260115T213247_062783_07DFD6_EA02","total_slices":17,"TileNumber":"D5"}},
{"type":"Feature","geometry":{"type":"Polygon","coordinates":[[[124.54005262068596,6.017668357660046],[124.54312913119007,6.017693407633592],[124.60739840209382,6.332579675814445],[124.67478860606298,6.663759152881631],[124.42388928794348,6.715621582714711],[123.95826188852804,6.811443907757448],[123.98355237684575,6.769566417739275],[124.00126835145058,6.795794894156253],[124.02105786208604,6.788700400705971],[124.03674498244631,6.757000646446396],[124.01701345394328,6.730990718308656],[124.02188729426365,6.696512993919954],[124.04659065994333,6.638847855583889],[124.04963623427442,6.599768294608724],[124.0347606748016,6.555364608600453],[124.06006606721344,6.543449893767086],[124.03939813803623,6.529849639394364],[124.02261411445465,6.535343201155244],[124.02311795471209,6.505449407752812],[124.03671378938981,6.484549587202916],[124.03336502089776,6.422224771031001],[124.06672795390853,6.393534909598502],[124.1015491149797,6.323910496371449],[124.13446170763073,6.289000173211963],[124.16690171186076,6.2623704175115],[124.17614539756023,6.220990001524441],[124.21547912692039,6.191145239986507],[124.22606505931695,6.177589550839302],[124.25826862478631,6.157162378477277],[124.28423396873632,6.153751172629922],[124.31804738157108,6.120441709468977],[124.35413483566322,6.119567717072516],[124.39183207448843,6.094543258218629],[124.41549654496764,6.093651404818364],[124.45159743283209,6.064939258444678],[124.5304432376436,6.019710588153495],[124.54005262068596,6.017668357660046]]]},"properties":{"id":"S1A_IW_GRDH_1SDV_20260115T213247_20260115T213312_062783_07DFD6_11FF","acquisition_date":"2026-01-15","acquisition_datetime_utc":"2026-01-15T21:32:47","image_id":"S1A_IW_GRDH_1SDV_20260115T213247_20260115T213312_062783_07DFD6_11FF","instrument_mode":"IW","orbit_number_start":62783,"orbit_number_stop":62783,"orbit_pass":"DESCENDING","pass_hour":"6 AM","platform_number":"A","polarisations":["VV","VH"],"product_type":null,"relative_orbit_start":61,"relative_orbit_stop":61,"resolution_meters":10,"satellite":"Sentinel-1A","slice_number":6,"system_index":"S1A_IW_GRDH_1SDV_20260115T213247_20260115T213312_062783_07DFD6_11FF","total_slices":17,"TileNumber":"D6"}},
{"type":"Feature","geometry":{"type":"Polygon","coordinates":[[[120.47152870268107,17.94897867923237],[120.43807203763014,17.926348755020648],[120.44628433333673,17.877483297665833],[120.79678101767522,17.811315385364704],[120.79930432300084,17.81527200519929],[120.87832351038155,18.18932683342516],[120.95762204136678,18.562254644966856],[120.95561763065504,18.561311357976336],[120.92740486824107,18.558502127322814],[120.9069955812137,18.567589806505932],[120.87088575851377,18.609411687442],[120.85209064440754,18.64767969892472],[120.82791787287799,18.637472793435034],[120.79100095917178,18.631016013126544],[120.77781101583732,18.60166176975322],[120.78872688885869,18.57471097321467],[120.77171540369254,18.5479117530127],[120.72702627675459,18.527230444233677],[120.66706916856971,18.531430919861457],[120.63078107524754,18.547229481180448],[120.59546492343517,18.51957866647619],[120.58075881023363,18.515043698490643],[120.5628109262446,18.487771866400823],[120.57183616265345,18.461989335201228],[120.5940023524695,18.414776369923228],[120.59879142362387,18.358676433000475],[120.59307043536808,18.32101039357086],[120.58091932608428,18.29440294446558],[120.56469715365962,18.27401592877566],[120.54815838207517,18.23180159294974],[120.52230895354002,18.202714889866545],[120.51827350139084,18.158605473933104],[120.50610461332076,18.122803385477543],[120.47062796779826,18.08524879064235],[120.48493272531326,18.01338595833403],[120.49813167127286,17.997823711746967],[120.47715162727347,17.97584478122841],[120.47251863369664,17.957018415375792],[120.47152870268107,17.94897867923237]]]},"properties":{"id":"S1A_IW_GRDH_1SDV_20260118T215359_20260118T215424_062827_07E17A_D65A","acquisition_date":"2026-01-18","acquisition_datetime_utc":"2026-01-18T21:53:59","image_id":"S1A_IW_GRDH_1SDV_20260118T215359_20260118T215424_062827_07E17A_D65A","instrument_mode":"IW","orbit_number_start":62827,"orbit_number_stop":62827,"orbit_pass":"DESCENDING","pass_hour":"6 AM","platform_number":"A","polarisations":["VV","VH"],"product_type":null,"relative_orbit_start":105,"relative_orbit_stop":105,"resolution_meters":10,"satellite":"Sentinel-1A","slice_number":5,"system_index":"S1A_IW_GRDH_1SDV_20260118T215359_20260118T215424_062827_07E17A_D65A","total_slices":24,"TileNumber":"A1"}},
{"type":"Feature","geometry":{"type":"MultiPolygon","coordinates":[[[[120.39175983506979,17.51983478688945],[120.38912004807001,17.516624207690274],[120.38967302009932,17.511973361922344],[120.39175983506979,17.51983478688945]]],[[[120.3419784350398,16.329611569627218],[120.34183220848993,16.32732051858825],[120.48503220051427,16.29983531691912],[120.49079714855583,16.32155640929945],[120.55524878585295,16.634291105548773],[120.62001151791145,16.94695610321859],[120.68509259514809,17.259551580882118],[120.75049906720709,17.572076289726223],[120.79272403864877,17.782133554537833],[120.7968049483815,17.81158802774647],[120.4461832499895,17.877809293120823],[120.437844620178,17.864309234713755],[120.45070024024736,17.840827657908317],[120.45438342301127,17.825189610916862],[120.44869366420629,17.81716768640707],[120.4340499332925,17.81515212816551],[120.40109275395207,17.784241619418953],[120.43450029777372,17.743003897358097],[120.42820850275041,17.726482945988927],[120.41400180215504,17.70861082423838],[120.36837635289294,17.682565223047497],[120.36591490611231,17.661433566441467],[120.34760136901193,17.630473987794822],[120.33447377387287,17.56917032380304],[120.35424990799521,17.539249703110844],[120.38124970227067,17.524004051906793],[120.39324468061844,17.529899014349674],[120.4200126824859,17.518131455973815],[120.40006270387602,17.497521431126682],[120.42611717709856,17.48893769310502],[120.43006348408959,17.454923698161842],[120.45717481201139,17.416004614119107],[120.45467330557591,17.385923552420934],[120.44600484895697,17.371253106792533],[120.44133170225653,17.337042898483677],[120.42672810300058,17.33433617638134],[120.41472418468521,17.255592905511396],[120.41919669415735,17.23582569616097],[120.40618950813138,17.2057803280695],[120.41831827664913,17.190811125747423],[120.4293679131714,17.143691750512854],[120.43578896620704,17.073162165186965],[120.44822541760644,17.019840260359043],[120.440390758483,16.96475253752516],[120.40344265139072,16.90563374128847],[120.39499718976785,16.87787581288623],[120.36891138265929,16.850175893660776],[120.33598540349699,16.836495426797807],[120.32811958229082,16.80953121046712],[120.32659897516288,16.802739974486933],[120.32650087370676,16.7793520012337],[120.3408726102921,16.72719389561661],[120.33355519209917,16.673952224953105],[120.31181262621243,16.64646184483779],[120.31579012677497,16.624411619391967],[120.29786899259042,16.601045945347323],[120.30280972180621,16.583356720188597],[120.3196695756181,16.570224649194593],[120.31742216660828,16.53580038597834],[120.30713059490336,16.51539995654615],[120.32794115404386,16.475629256686968],[120.33702880657057,16.41546704478199],[120.32507395109401,16.3946118831966],[120.3399451002431,16.358997026382372],[120.3419784350398,16.329611569627218]]]]},"properties":{"id":"S1A_IW_GRDH_1SDV_20260118T215424_20260118T215449_062827_07E17A_AE8B","acquisition_date":"2026-01-18","acquisition_datetime_utc":"2026-01-18T21:54:24","image_id":"S1A_IW_GRDH_1SDV_20260118T215424_20260118T215449_062827_07E17A_AE8B","instrument_mode":"IW","orbit_number_start":62827,"orbit_number_stop":62827,"orbit_pass":"DESCENDING","pass_hour":"6 AM","platform_number":"A","polarisations":["VV","VH"],"product_type":null,"relative_orbit_start":105,"relative_orbit_stop":105,"resolution_meters":10,"satellite":"Sentinel-1A","slice_number":6,"system_index":"S1A_IW_GRDH_1SDV_20260118T215424_20260118T215449_062827_07E17A_AE8B","total_slices":24,"TileNumber":"A2"}},
{"type":"Feature","geometry":{"type":"MultiPolygon","coordinates":[[[[119.91027950211247,16.38910486603902],[119.93000652086941,16.385880914505684],[119.96304403590912,16.369333198230855],[119.95425389259974,16.40150408824009],[119.91161305953676,16.409587226092732],[119.91027950211247,16.38910486603902]]],[[[119.92044624547783,16.29982026407713],[119.94538156466565,16.28442748432692],[119.94727216580557,16.26882509949179],[119.97860633648085,16.250212780163793],[119.99305822096458,16.22220075282842],[120.0104086454746,16.226316437909905],[120.01708389210822,16.250863836411465],[119.99929208757376,16.27038573670246],[120.02024091833208,16.308921318965837],[119.99745045554286,16.32523715511699],[119.9903426503818,16.347278484393524],[119.97441921296807,16.347751158494642],[119.9644174073602,16.324349825883438],[119.94351317289087,16.328496741359505],[119.93898719111695,16.312435090381374],[119.92044624547783,16.29982026407713]]],[[[120.10522249163009,16.090318344301053],[120.08928563614947,16.109875948061003],[120.10333180725834,16.138766502249048],[120.08035406637653,16.15967965929502],[120.03196833544197,16.18934606592266],[120.01911724097288,16.166872200113673],[119.99233141622143,16.20017271578869],[119.98211560502462,16.19949499541888],[119.95271229564798,16.233477785958833],[119.93039003339867,16.241753833847877],[119.89808826484534,16.24383627815582],[119.92209609239538,16.276182591318257],[119.9123708426999,16.296382317876496],[119.92736232007084,16.32988355830003],[119.9314201113109,16.360633526538205],[119.89887312062457,16.390487152821088],[119.86464061042722,16.377872378060463],[119.8518073056207,16.358136377504206],[119.83183946426307,16.365712384514822],[119.81520696213805,16.358827614103273],[119.78598647359674,16.32232981078552],[119.77340738372455,16.262658107328168],[119.78220514509322,16.237647052828493],[119.76629514393893,16.213318182321732],[119.7568284103851,16.167420677165133],[119.77130713607389,16.1637552577299],[119.78009601932393,16.130026651670683],[119.76777110731695,16.113728653588346],[119.76731178098933,16.067153330929013],[119.75878150080085,16.039159057860356],[119.77467380724504,16.01668073665017],[119.76212143855233,16.008872836666278],[119.74770962155952,15.973583541247846],[119.76667858139581,15.920386472567115],[119.80742586715697,15.930637929329468],[119.81374439690099,15.954538701956922],[119.8480839299142,15.965682004850462],[119.8901287687582,15.889587453210455],[119.91143885151281,15.836613305977343],[119.89111430816578,15.821621852695142],[119.88690932017894,15.802545838013758],[119.89911832093624,15.771813662745627],[119.90229767665932,15.746102491972788],[119.86794921830445,15.74185299368203],[119.90010829729242,15.698782509347499],[119.92404923126956,15.698167148672656],[119.93286933739863,15.682578114187887],[119.92143174348524,15.637523352389938],[119.9020747243254,15.617247881233045],[119.92101255248944,15.560800096787283],[119.96521114569158,15.519357169422888],[119.9489532761794,15.497026042260178],[119.9502018531707,15.479800545169857],[119.91967925183418,15.473499779276398],[119.90630193065674,15.44129171541279],[119.89024475647705,15.43182057764391],[119.90191867512868,15.408883015398157],[119.93731054648715,15.378668119468019],[119.96273631128695,15.350714022056257],[119.96499261888344,15.335932098365987],[119.98632948322104,15.305289167172639],[119.98968269157486,15.3011912186053],[120.01056465868179,15.27226952909292],[120.0097754187406,15.228837842068167],[120.02143151935384,15.20887443776736],[120.03436289965329,15.164328021573763],[120.0621564328091,15.048801664421802],[120.06480964374643,15.018118584386434],[120.0582815189021,15.000001248736394],[120.05166420619173,14.93108581309165],[120.05812988075212,14.906043549546041],[120.04943023763319,14.893379647981739],[120.07859719317659,14.858513941579893],[120.08038527047928,14.818288417077932],[120.09435119881928,14.808665708189467],[120.16208272095938,14.790338464457705],[120.17918466995617,14.810579383396082],[120.19172007811609,14.870054164986692],[120.19325847944825,14.871709041241596],[120.28255431090204,15.306147156380433],[120.37371072006226,15.74676531519541],[120.44477482624784,16.090070849932502],[120.48558739725824,16.293590285228564],[120.48536753330829,16.300048604118473],[120.34171090900674,16.325419979499898],[120.3430619934276,16.29335009869511],[120.36630279487281,16.283178888406887],[120.39753880910607,16.251644161048876],[120.41615108932677,16.20774873869997],[120.42575153449604,16.17283846122598],[120.41284242953753,16.147408192312163],[120.36424274926318,16.092958129439783],[120.32288452981527,16.06623475022806],[120.2891470204982,16.051644564182237],[120.23240498602446,16.03342915072084],[120.17240324296037,16.029197418174945],[120.11292331959815,16.05362886061673],[120.10131629933241,16.06924461903356],[120.10227941784014,16.07888079377019],[120.10522249163009,16.090318344301053]]]]},"properties":{"id":"S1A_IW_GRDH_1SDV_20260118T215449_20260118T215514_062827_07E17A_0828","acquisition_date":"2026-01-18","acquisition_datetime_utc":"2026-01-18T21:54:49","image_id":"S1A_IW_GRDH_1SDV_20260118T215449_20260118T215514_062827_07E17A_0828","instrument_mode":"IW","orbit_number_start":62827,"orbit_number_stop":62827,"orbit_pass":"DESCENDING","pass_hour":"6 AM","platform_number":"A","polarisations":["VV","VH"],"product_type":null,"relative_orbit_start":105,"relative_orbit_stop":105,"resolution_meters":10,"satellite":"Sentinel-1A","slice_number":7,"system_index":"S1A_IW_GRDH_1SDV_20260118T215449_20260118T215514_062827_07E17A_0828","total_slices":24,"TileNumber":"A3"}},
{"type":"Feature","geometry":{"type":"Polygon","coordinates":[[[120.16371692967893,14.748833480679677],[120.16304980566244,14.790430751334851],[120.08997472673592,14.804654009683095],[120.0868063739947,14.801749591058071],[120.08827791257326,14.782441722388503],[120.12844991480799,14.777255756036528],[120.13371163029863,14.754737335710416],[120.16371692967893,14.748833480679677]]]},"properties":{"id":"S1A_IW_GRDH_1SDV_20260118T215514_20260118T215539_062827_07E17A_664E","acquisition_date":"2026-01-18","acquisition_datetime_utc":"2026-01-18T21:55:14","image_id":"S1A_IW_GRDH_1SDV_20260118T215514_20260118T215539_062827_07E17A_664E","instrument_mode":"IW","orbit_number_start":62827,"orbit_number_stop":62827,"orbit_pass":"DESCENDING","pass_hour":"6 AM","platform_number":"A","polarisations":["VV","VH"],"product_type":null,"relative_orbit_start":105,"relative_orbit_stop":105,"resolution_meters":10,"satellite":"Sentinel-1A","slice_number":8,"system_index":"S1A_IW_GRDH_1SDV_20260118T215514_20260118T215539_062827_07E17A_664E","total_slices":24,"TileNumber":"A4"}},
{"type":"Feature","geometry":{"type":"MultiPolygon","coordinates":[[[[119.47342585584846,11.387549690976515],[119.4816306068146,11.424653880943419],[119.46729451957367,11.401792098988297],[119.47342585584846,11.387549690976515]]],[[[119.34007196958676,11.220422578465165],[119.36628697621205,11.199839359030618],[119.35391295394881,11.244666757266637],[119.34007196958676,11.220422578465165]]],[[[119.26133762700364,10.981949886639683],[119.27545956766122,10.95923967131646],[119.30085863693675,10.995750788362503],[119.29324242273887,11.023566705315456],[119.27210183977068,11.012860349555206],[119.26133762700364,10.981949886639683]]],[[[119.11823166278329,10.57988162569964],[119.13246061710508,10.573063729522392],[119.16056636995903,10.577607512255717],[119.15371720535731,10.593450663160107],[119.12281118520407,10.591189937270556],[119.11823166278329,10.57988162569964]]],[[[119.4190426565681,11.121287855765893],[119.47264866178176,11.368000444365077],[119.46381200607212,11.356652567053885],[119.42542356076211,11.339427113488219],[119.41532817896325,11.309448529881342],[119.42085300937957,11.23787554170503],[119.41310759529485,11.205377556842798],[119.39890974531616,11.202314176337302],[119.39040179973924,11.181084391974139],[119.39845498739587,11.159720850424511],[119.39813389237452,11.132324149390657],[119.4190426565681,11.121287855765893]]],[[[119.36883758202833,10.864648774379472],[119.4065170311739,11.047413913722638],[119.39658208554815,11.036315221121074],[119.3709022033201,11.044702781917485],[119.33968402082105,11.085976237115771],[119.3221196288386,11.102457049566773],[119.32904010852813,11.034812544468874],[119.30937105870169,11.011915036976221],[119.30687836321331,10.962405671194933],[119.32489760814497,10.946388551153667],[119.35868867400977,10.941501371347949],[119.3382125000573,10.89949661861128],[119.35270012669503,10.890364388413728],[119.34767920952717,10.872385322507398],[119.36883758202833,10.864648774379472]]],[[[118.9955350379342,10.304741738950417],[118.9902751849386,10.302426271004778],[119.24326303666703,10.251477895830433],[119.31207323349533,10.586213564747528],[119.29435725945577,10.562723009960832],[119.26032982186456,10.538594855216],[119.26719689395512,10.51676754455299],[119.25183081027625,10.483074550724227],[119.22155797037435,10.491881273085568],[119.21196640227012,10.464662910997998],[119.1881102649698,10.45163347917205],[119.1831427710252,10.429739239008544],[119.12647211220444,10.388198307706425],[119.1111595056872,10.41918007929013],[119.11991718523018,10.449105106150519],[119.10002073756152,10.487011934898334],[119.08277739576215,10.457671042164531],[119.09736754466212,10.432214078464922],[119.09279692891695,10.420442071075907],[119.05722220555964,10.388461387476445],[119.0348197354834,10.402587818372874],[118.99478143051823,10.41268321372574],[118.99304239073055,10.394949352581666],[118.9872054506279,10.390753330161283],[118.96602471512693,10.370834537916943],[118.98219337696926,10.352757313461293],[119.01989957020913,10.372609272929664],[119.01453973465605,10.344454511824793],[118.9951693811488,10.324763088135693],[118.9955350379342,10.304741738950417]]],[[[119.34124024036798,10.738603353883569],[119.35410921340839,10.80565932343397],[119.34445081052833,10.826786517393472],[119.32023786509158,10.827120971491336],[119.28962617042593,10.846977368304245],[119.29321122101803,10.871399818374062],[119.26341997707695,10.871698601755954],[119.27794773907888,10.892495827675887],[119.28291518060537,10.919687418691192],[119.26529723228691,10.945831150375794],[119.22762232346035,10.93894182165515],[119.22313644808366,10.909449366890241],[119.24761246677453,10.906136263650403],[119.23494865007972,10.844368778235117],[119.26204655313761,10.829560090138708],[119.26087384420806,10.792950913911191],[119.27500026156662,10.765179610204417],[119.30565663990107,10.77570755623987],[119.32116532335525,10.749086670395862],[119.34124024036798,10.738603353883569]]]]},"properties":{"id":"S1A_IW_GRDH_1SDV_20260118T215604_20260118T215629_062827_07E17A_2C5A","acquisition_date":"2026-01-18","acquisition_datetime_utc":"2026-01-18T21:56:04","image_id":"S1A_IW_GRDH_1SDV_20260118T215604_20260118T215629_062827_07E17A_2C5A","instrument_mode":"IW","orbit_number_start":62827,"orbit_number_stop":62827,"orbit_pass":"DESCENDING","pass_hour":"6 AM","platform_number":"A","polarisations":["VV","VH"],"product_type":null,"relative_orbit_start":105,"relative_orbit_stop":105,"resolution_meters":10,"satellite":"Sentinel-1A","slice_number":10,"system_index":"S1A_IW_GRDH_1SDV_20260118T215604_20260118T215629_062827_07E17A_2C5A","total_slices":24,"TileNumber":"A5"}},
{"type":"Feature","geometry":{"type":"MultiPolygon","coordinates":[[[[118.42385155051498,9.214611959345214],[118.45163177277102,9.213015566920296],[118.45514105833072,9.233973314701242],[118.43934690759333,9.24027848419455],[118.42385155051498,9.214611959345214]]],[[[118.96575714929803,10.288568603276405],[118.94889281727342,10.267147057450474],[118.94957059927545,10.237230963476879],[118.92752930609323,10.2021021798585],[118.89483513426566,10.19589508182794],[118.86269395882805,10.210168643146394],[118.82803339042242,10.187369283708945],[118.80178712077142,10.187636799083352],[118.80732083432227,10.162821908388763],[118.80136792045097,10.122275309187934],[118.82245505628592,10.096880757367288],[118.78844988808673,10.022306719320062],[118.7726647324428,10.022650072837084],[118.76624363716593,10.07346153027317],[118.76901269517562,10.103627341804913],[118.75772669367156,10.121722373445712],[118.74211098015519,10.100207241700739],[118.74063050139495,10.082705255975585],[118.7249523476259,10.070621116897346],[118.72218323584292,10.039072922734155],[118.69876851816447,10.035670683341612],[118.67922428889754,10.013887921720892],[118.64389032745252,9.992903423837937],[118.66049155128516,9.978076921336125],[118.64444773469846,9.95424749885939],[118.64137093311085,9.933744534660681],[118.6196997455521,9.91746434625865],[118.60117211319712,9.914557049399846],[118.60994762536926,9.890232630486654],[118.5992592126966,9.866675202268292],[118.56376470963836,9.839697657399904],[118.5659318393524,9.83166231789773],[118.506050582316,9.758229853224014],[118.47081029243587,9.733084965996635],[118.45989440100327,9.735292273774226],[118.43338065439006,9.718731156059643],[118.39285188735549,9.665226405357108],[118.37402550852508,9.647117960823918],[118.35257726922775,9.659349300265102],[118.32964407536926,9.63452550235113],[118.34230795512636,9.618307690647423],[118.3296529937397,9.58460141087335],[118.3072594483777,9.575888279736834],[118.27091331172234,9.525170453284996],[118.24715963171552,9.514370531785339],[118.23481687391194,9.497229749691304],[118.21218241728256,9.49149978888506],[118.18813900696732,9.440429732672929],[118.18491508438586,9.416243523070893],[118.14849761450094,9.398643465983383],[118.12879723446483,9.400752645211814],[118.11859935032892,9.37949167790291],[118.12587659847303,9.346436337598284],[118.10724641662522,9.334753478906329],[118.0887232970352,9.335721110107349],[118.08360423866306,9.315659629735901],[118.04865387471683,9.29484007492846],[118.04739192205314,9.282403639020254],[118.02345099104791,9.269744225052124],[118.02223817551408,9.250155433089667],[117.99019504621144,9.24157614185522],[117.97680885584354,9.258917528152606],[117.9228135564859,9.266872597251696],[117.9050351396957,9.262774681333966],[117.88439840695796,9.245763231362847],[117.86208508564697,9.214246283590139],[117.85183803405283,9.218272825018623],[117.82093198088123,9.189649917264301],[117.78201295967555,9.174966070392474],[117.75315809741863,9.108873245304858],[117.75773763908859,9.092361242795214],[117.74667462620133,9.069240806653134],[117.70278811686741,9.065071536319184],[117.69185438975312,9.088865255646189],[117.63937521804863,9.050088904582369],[117.62158343288462,9.029189168204526],[117.62189272408799,9.00408689920266],[118.02351747046161,8.923437050894131],[118.0464153697816,8.95581020288052],[118.05737134773787,8.99225438427913],[118.08360870421745,9.024939580759577],[118.07492691627976,9.037273447449838],[118.10315745483288,9.05755792348918],[118.10484300558981,9.096673164561974],[118.12103400308081,9.141678885580479],[118.1522610850705,9.141750186928865],[118.16623587736237,9.154766304801976],[118.18636429050062,9.154726190143604],[118.2109517231223,9.171059924853216],[118.22149756755026,9.157129671731951],[118.26986539467408,9.178279139471458],[118.30219387210903,9.185935417541332],[118.31891547069424,9.177574612170215],[118.34665554676043,9.18035708472454],[118.36875935454611,9.217349817455423],[118.39718613805583,9.245201331627976],[118.41676152495661,9.255956682851469],[118.4285736994922,9.279977921703907],[118.44315947219066,9.279184176686893],[118.47461839243353,9.30636239297464],[118.4893022284053,9.295678375340188],[118.49786367066645,9.321969254709012],[118.5164403268245,9.341678493161073],[118.54073351047336,9.397087232872709],[118.5690532607377,9.442864359849697],[118.59919679641514,9.463813276505508],[118.6066835520106,9.48319695557788],[118.64219584035298,9.528109055831456],[118.65744602969562,9.561356052408355],[118.68990376810461,9.586683819255287],[118.70149300965507,9.614838524522394],[118.75137251191941,9.665832840672685],[118.75742345855788,9.692569610137372],[118.73335325305632,9.68755756451905],[118.72225903918142,9.711632265373176],[118.70094452015077,9.711926531215976],[118.68908773694243,9.77142881965879],[118.73058419788623,9.77335960376785],[118.72245966873625,9.745227137101798],[118.73066889387584,9.732170874199866],[118.77146969120575,9.732705999466383],[118.77098806107345,9.793675255638828],[118.74067062271062,9.845222454022451],[118.74093821650487,9.897920149772744],[118.76145006064145,9.914869187295892],[118.76963255125543,9.937253864066568],[118.79704264023302,9.933312028197605],[118.82016752568977,9.941761960430442],[118.85796286858974,9.976088190346838],[118.9059294033219,9.982406706406348],[118.9040966762339,9.97963315449824],[118.90344126867375,9.974567604470204],[118.97438102833429,9.982643058434638],[119.00649101614482,10.002414707833172],[119.06165903525988,10.010820109709169],[119.0882798770057,10.020656848403585],[119.15389997681616,10.027960875020824],[119.20244180511963,10.054657538476208],[119.2030705648133,10.069443910705843],[119.20303482075136,10.074504980853227],[119.20712126505967,10.074867183250873],[119.24326817958932,10.251704761774313],[118.99073434614539,10.302628405549402],[118.98695568573245,10.300964915308928],[118.98232270451494,10.301437571896876],[118.97630290755943,10.300015099340184],[118.96575714929803,10.288568603276405]]]]},"properties":{"id":"S1A_IW_GRDH_1SDV_20260118T215629_20260118T215654_062827_07E17A_861D","acquisition_date":"2026-01-18","acquisition_datetime_utc":"2026-01-18T21:56:29","image_id":"S1A_IW_GRDH_1SDV_20260118T215629_20260118T215654_062827_07E17A_861D","instrument_mode":"IW","orbit_number_start":62827,"orbit_number_stop":62827,"orbit_pass":"DESCENDING","pass_hour":"6 AM","platform_number":"A","polarisations":["VV","VH"],"product_type":null,"relative_orbit_start":105,"relative_orbit_stop":105,"resolution_meters":10,"satellite":"Sentinel-1A","slice_number":11,"system_index":"S1A_IW_GRDH_1SDV_20260118T215629_20260118T215654_062827_07E17A_861D","total_slices":24,"TileNumber":"A6"}},
{"type":"Feature","geometry":{"type":"MultiPolygon","coordinates":[[[[117.07676152607726,8.242773153240151],[117.07800117884501,8.220040664744173],[117.09400933600524,8.212674217109061],[117.1261906915365,8.21976865133252],[117.1148512242796,8.239147905219824],[117.08891262320248,8.247994755415297],[117.07676152607726,8.242773153240151]]],[[[117.12885278123606,8.176898841431488],[117.14602479716689,8.15155328994179],[117.20023410840989,8.149283616407807],[117.20088959021595,8.168595968544965],[117.18554582688287,8.177812999989982],[117.12885278123606,8.176898841431488]]],[[[116.98798535109908,8.098855672791139],[117.02108968670771,8.071512439225677],[117.05872893715818,8.081906596490112],[117.04621221773674,8.119880357863448],[117.02924540341249,8.130675814534278],[116.98798535109908,8.098855672791139]]],[[[117.16103407761602,8.28480908728623],[117.18031973520812,8.257028891478571],[117.20437657431438,8.268604709880371],[117.22540120564054,8.265889152748125],[117.25183920801668,8.288296149163626],[117.25653912588876,8.316392874353374],[117.2216511616233,8.320999153472382],[117.19181082215742,8.293486471908171],[117.16103407761602,8.28480908728623]]],[[[117.25881772843086,8.214613959502119],[117.26615741423059,8.200001470672479],[117.29247498939407,8.180118336754463],[117.33081884128461,8.19186808332598],[117.34718374159824,8.210226190344642],[117.3394383257295,8.255628711793484],[117.35063958068658,8.280590808958905],[117.34362095962112,8.306012132591148],[117.3052369735705,8.330804700118371],[117.29482053990374,8.316196677569796],[117.27377355056866,8.321672475990372],[117.26310736248357,8.290507863930488],[117.26899788016824,8.246228977480765],[117.25881772843086,8.214613959502119]]],[[[116.93155536264788,7.937784002826745],[116.94143672757502,7.912353789883192],[116.96674211779832,7.898557338495639],[116.99540529304579,7.834734172258723],[116.99859799380367,7.808800024804613],[117.02529017096484,7.808537008689867],[117.05708357448883,7.834426494519037],[117.08107796738835,7.876850424628119],[117.08824376573634,7.900702138232242],[117.0883016736157,7.94200678847538],[117.07570475822877,7.989514056020878],[117.07486643313297,8.031808649916904],[117.08026193018577,8.041988783798635],[117.07244068536771,8.07404968672202],[116.99977074635757,8.06386512334213],[116.994638322707,8.035763872728129],[116.96793274380225,8.01839117653359],[116.95765895042837,8.000001889002881],[116.97049669027214,7.967387990284855],[116.96840543502456,7.948806925671555],[116.94812988072567,7.92841095414157],[116.93155536264788,7.937784002826745]]],[[[117.1711117174667,8.340329330328249],[117.18625474944497,8.329266313802535],[117.21481536431408,8.349408061986944],[117.20497856450731,8.35985128970581],[117.23636616627051,8.375658839044359],[117.26172064198643,8.41207184374203],[117.27691726299673,8.413877797432846],[117.3140793450799,8.44813701973447],[117.3702462132756,8.49412820498291],[117.39566755850288,8.490993494220158],[117.47643973127427,8.509454153929575],[117.50071503907097,8.505378542328645],[117.52115559657597,8.550446699825017],[117.53827849172244,8.566512788300393],[117.54709420155244,8.600410865695386],[117.53694969994208,8.618220514280384],[117.53965188339116,8.64262072506561],[117.56376677419128,8.671876926096324],[117.58723051698115,8.670441072110066],[117.62700568376191,8.65560118689507],[117.67787962174843,8.668595005144267],[117.68950443468522,8.681602212773452],[117.73958021751592,8.684696829701421],[117.77691620621492,8.711317659247978],[117.79470802268956,8.731285502560146],[117.80477222094041,8.760363331605726],[117.82473564324927,8.771849916482594],[117.83888882603473,8.766021903857514],[117.88036289128038,8.817279242997076],[117.91124668170909,8.844738450698445],[117.92376781218049,8.84072970004504],[117.94457397621724,8.861874730561697],[117.9706819784125,8.862142265555573],[118.00282324331323,8.881784603705137],[118.02356000777246,8.92372425955617],[117.62194871746189,9.004372261210712],[117.59375863528767,8.97896181257503],[117.58173243831463,8.96042085313163],[117.54847648725863,8.95658160576315],[117.50488875965381,8.893284641769196],[117.4892730181018,8.886431031850007],[117.49088276384491,8.867823157693675],[117.46378920884975,8.83553483306473],[117.45142419001495,8.809400075420374],[117.41961735750402,8.78395196954908],[117.42610087285588,8.764942829886197],[117.39906096439843,8.748056173209312],[117.36078841667306,8.74206312952138],[117.3239607557454,8.697918064267352],[117.32824145992029,8.670842421708025],[117.31070833640699,8.669468973561859],[117.29128444516262,8.654508735569026],[117.26383422302561,8.599902559191593],[117.26048102650651,8.574570372539664],[117.23906835537372,8.569696570252162],[117.23718220965945,8.538638935067153],[117.21682194793192,8.525270595285766],[117.21047212484748,8.499670873470702],[117.2157116180546,8.47077592535698],[117.20835852370358,8.434135490638134],[117.19074953029691,8.405632884076871],[117.17244943024669,8.36034184288035],[117.1711117174667,8.340329330328249]]]]},"properties":{"id":"S1A_IW_GRDH_1SDV_20260118T215654_20260118T215719_062827_07E17A_257D","acquisition_date":"2026-01-18","acquisition_datetime_utc":"2026-01-18T21:56:54","image_id":"S1A_IW_GRDH_1SDV_20260118T215654_20260118T215719_062827_07E17A_257D","instrument_mode":"IW","orbit_number_start":62827,"orbit_number_stop":62827,"orbit_pass":"DESCENDING","pass_hour":"6 AM","platform_number":"A","polarisations":["VV","VH"],"product_type":null,"relative_orbit_start":105,"relative_orbit_stop":105,"resolution_meters":10,"satellite":"Sentinel-1A","slice_number":12,"system_index":"S1A_IW_GRDH_1SDV_20260118T215654_20260118T215719_062827_07E17A_257D","total_slices":24,"TileNumber":"A7"}},
{"type":"Feature","geometry":{"type":"Polygon","coordinates":[[[118.42075243114549,7.0156285467234],[118.4273296014836,6.988276419710427],[118.46591869456597,6.977596854004862],[118.48358119651868,6.9653700485138],[118.51393874112549,6.970560414600606],[118.51286410148049,6.999647131800169],[118.52258495650393,7.013256313995707],[118.52265185604729,7.036457004660468],[118.49968750381271,7.046168893156987],[118.47733398047893,7.026945748881148],[118.44930406087799,7.031164087667165],[118.42075243114549,7.0156285467234]]]},"properties":{"id":"S1A_IW_GRDH_1SDV_20260118T215719_20260118T215744_062827_07E17A_71D3","acquisition_date":"2026-01-18","acquisition_datetime_utc":"2026-01-18T21:57:19","image_id":"S1A_IW_GRDH_1SDV_20260118T215719_20260118T215744_062827_07E17A_71D3","instrument_mode":"IW","orbit_number_start":62827,"orbit_number_stop":62827,"orbit_pass":"DESCENDING","pass_hour":"6 AM","platform_number":"A","polarisations":["VV","VH"],"product_type":null,"relative_orbit_start":105,"relative_orbit_stop":105,"resolution_meters":10,"satellite":"Sentinel-1A","slice_number":13,"system_index":"S1A_IW_GRDH_1SDV_20260118T215719_20260118T215744_062827_07E17A_71D3","total_slices":24,"TileNumber":"A8"}}
]}