{"type":"FeatureCollection", "features": [
{"type":"Feature","geometry":{"type":"MultiPolygon","coordinates":[[[[121.89333536346118,19.545452771062102],[121.90197712732204,19.521213105222383],[121.92904834306394,19.49675048116631],[121.96827504302651,19.476738021288877],[121.99524811511962,19.517101814890545],[121.994102119713,19.55780900098304],[121.96987134213626,19.576956364990007],[121.89333536346118,19.545452771062102]]],[[[121.27660152359971,18.85985260989083],[121.29528074935996,18.843144401981935],[121.35105067259542,18.84474072011684],[121.37838942222234,18.85139815862467],[121.44602063708514,18.856075787342977],[121.47271727467373,18.870081833434668],[121.46851235928077,18.883222771167215],[121.41562740660136,18.907154768976653],[121.32462163848211,18.882437936342225],[121.2828665602414,18.884168117299104],[121.27660152359971,18.85985260989083]]],[[[121.19563317930299,19.100260619005383],[121.19801433926797,19.067138374267945],[121.21759877441608,19.040321358708585],[121.2542436290581,19.0310597766649],[121.24812125282554,19.103292788056553],[121.23333933028994,19.153529035112566],[121.21031253872698,19.14773221813745],[121.19563317930299,19.100260619005383]]],[[[122.15677016912494,18.54398776968345],[122.15627075081517,18.58008414042826],[122.12725980115115,18.574024269890238],[122.11106879640671,18.554239247816493],[122.11824795859387,18.53391907402755],[122.12344284749798,18.509946985085687],[122.15109814824729,18.523605189703822],[122.15677016912494,18.54398776968345]]],[[[121.34799174472998,19.358785886723897],[121.38984489191509,19.330145072362956],[121.39199864709929,19.302998077065723],[121.44055820983951,19.27014792893299],[121.50787283124164,19.24929269845017],[121.54002292508164,19.26944334562454],[121.54020577322297,19.286454814987504],[121.52245411657624,19.32340738947313],[121.53317379301856,19.35250303976724],[121.51737075610106,19.39265278032137],[121.49243991432257,19.371048454191904],[121.39311345180487,19.39103860492038],[121.38709358866639,19.370633736846525],[121.34799174472998,19.358785886723897]]],[[[121.8265291160565,18.86251469575923],[121.83616526679081,18.822636939875956],[121.86165788127065,18.815676323337367],[121.87849997060778,18.83065444989366],[121.89301432026711,18.869564538416398],[121.92286803673369,18.88208567014892],[121.9550939052048,18.908135754597307],[121.95018894414041,18.921526446586107],[121.98695423487642,18.942689302787084],[121.94377225713497,19.002066763282578],[121.90049672002866,18.999819348556198],[121.86704450861916,18.971936557978328],[121.87084810153226,18.948673500435486],[121.85238741186036,18.921299044365608],[121.87159723524327,18.895101854021824],[121.8641951375125,18.88277237047354],[121.8265291160565,18.86251469575923]]],[[[120.58075881023363,18.515043698490643],[120.5731485627,18.47638315839783],[120.62655403049301,18.466010334606512],[121.25171488091057,18.35441565954146],[122.2656573353255,18.168809030477846],[122.2673067707509,18.176143162300026],[122.30294836057793,18.217893660541833],[122.33370281570882,18.27813165818496],[122.3380014139022,18.30821274716674],[122.32576114099763,18.339386344547925],[122.32173900478091,18.37461327036538],[122.29505136128203,18.40739651801229],[122.26503715386251,18.4282740525908],[122.24072163288194,18.47550044992526],[122.23959347259793,18.512756241189297],[122.16211661531383,18.51886069556805],[122.12483409974969,18.422347958799367],[122.13226293602023,18.386166788441546],[122.064466766633,18.340612574802726],[122.05092445262615,18.318718432045678],[121.99677314057526,18.281244128886627],[121.94029416732337,18.26630612744906],[121.89894934365432,18.268406358721222],[121.83618307791654,18.287749927752543],[121.74569006537334,18.32369921118209],[121.62848710142525,18.363554670277914],[121.58102881200467,18.38365181865964],[121.520955810265,18.412198992417256],[121.43081512313599,18.472575209855524],[121.39871400383772,18.488726076715007],[121.3485357907341,18.504796736759694],[121.26468683549527,18.555840063601323],[121.223823621904,18.593862825707667],[121.19217738058983,18.612501819759263],[121.13761140443424,18.630382787209168],[121.09541491283991,18.62816668313698],[121.08444995141984,18.613991214916027],[121.05043146578694,18.608716101865422],[121.03170771953674,18.618726730663358],[121.01809851140543,18.604341686392285],[120.99130828092908,18.59900416102594],[120.95561763065504,18.561311357976336],[120.92740486824107,18.558502127322814],[120.9069955812137,18.567589806505932],[120.87088575851377,18.609411687442],[120.85209064440754,18.64767969892472],[120.79100095917178,18.631016013126544],[120.77781101583732,18.60166176975322],[120.78872688885869,18.57471097321467],[120.77171540369254,18.5479117530127],[120.72702627675459,18.527230444233677],[120.66706916856971,18.531430919861457],[120.63078107524754,18.547229481180448],[120.58075881023363,18.515043698490643]]]]},"properties":{"id":"S1C_IW_GRDH_1SDV_20260401T214437_20260401T214506_007028_00E3B6_D61C","date":"2026-04-01","instrumentMode":"IW","orbit_pass":"DESCENDING","pass_hour":"6 AM","platform_number":"C","relativeOrbitNumber_start":32,"system:time_start":1775079877000,"TileNumber":"B1","satellite":"Sentinel-1C"}},
{"type":"Feature","geometry":{"type":"MultiPolygon","coordinates":[[[[120.39175983506979,17.51983478688945],[120.38912004807001,17.516624207690274],[120.38967302009932,17.511973361922344],[120.39175983506979,17.51983478688945]]],[[[120.43190516404191,16.950804450827896],[120.42608753152786,16.94124347266403],[122.31881947881338,16.58978143744418],[122.31965660577632,16.591637253516172],[122.36953616002704,16.690103089806104],[122.39115832713294,16.716880044611152],[122.42436082679563,16.78205870803559],[122.43868339479526,16.798147137127966],[122.43232920629575,16.817762671206875],[122.4610146074292,16.86670137340091],[122.460564215256,16.89702320057204],[122.47947530226358,16.94588156268771],[122.4683899999856,16.967641970731254],[122.4890132860176,17.01716479717346],[122.51183494256104,17.040468033285144],[122.52189468468698,17.100260111178443],[122.51510791887932,17.136427928944293],[122.4559000285546,17.108848347589653],[122.41866210268502,17.138577216162215],[122.4147425435163,17.177456121227635],[122.42742864418778,17.1940350614955],[122.42073105519614,17.222845254276],[122.4217076191104,17.269005930698608],[122.43433576552586,17.295461729162266],[122.41245050670047,17.33208430929618],[122.37214468981442,17.354732107394064],[122.35829917133495,17.340231132676305],[122.331290442453,17.341310225154885],[122.31511730990619,17.331892562461988],[122.2491537622549,17.365210983807327],[122.23803724452652,17.42119053719792],[122.19592998989422,17.50240861282394],[122.1969377214749,17.521694261442654],[122.18842976905502,17.529390645527275],[122.19177850703481,17.545425551391205],[122.1636416352473,17.61863951902419],[122.16023935149947,17.682101479196064],[122.16674072446126,17.70016530037785],[122.14618867614374,17.73789372114226],[122.13858595177838,17.792223427620893],[122.158598375555,17.816315980396425],[122.15315377379044,17.837755344568578],[122.1738886367049,17.894243197205824],[122.19072621367027,17.914005931301933],[122.17923059428384,17.930937175365575],[122.18121492234154,17.98376855642822],[122.19051213379645,18.012828542232977],[122.17494992975124,18.032114120438823],[122.18280237571481,18.05981852650349],[122.16870267541546,18.08114644285753],[122.18286031658295,18.11290418256966],[122.19827095736753,18.11430434932118],[122.20774211831578,18.137620968719943],[122.23592360154545,18.15815066648502],[122.26564804955123,18.168767739964377],[122.26607938928268,18.170685732226538],[121.70885107581472,18.273431998099177],[120.57781583726526,18.476516550755832],[120.57183616265345,18.461989335201228],[120.5940023524695,18.414776369923228],[120.59879142362387,18.358676433000475],[120.59307043536808,18.32101039357086],[120.56469715365962,18.27401592877566],[120.54815838207517,18.23180159294974],[120.51793456504181,18.19331067716611],[120.51827350139084,18.158605473933104],[120.50610461332076,18.122803385477543],[120.48493272531326,18.01338595833403],[120.49813167127286,17.997823711746967],[120.4750915046158,17.972589629066942],[120.47251863369664,17.957018415375792],[120.47152870268107,17.94897867923237],[120.45070024024736,17.840827657908317],[120.45438342301127,17.825189610916862],[120.44869366420629,17.81716768640707],[120.43125185361933,17.748528357290642],[120.43450029777372,17.743003897358097],[120.42820850275041,17.726482945988927],[120.38829507583961,17.526784104289288],[120.39324468061844,17.529899014349674],[120.4200126824859,17.518131455973815],[120.40006270387602,17.497521431126682],[120.42611717709856,17.48893769310502],[120.43006348408959,17.454923698161842],[120.45717481201139,17.416004614119107],[120.44133170225653,17.337042898483674],[120.42672810300058,17.33433617638134],[120.41472418468524,17.255592905511403],[120.41919669415735,17.23582569616097],[120.40618950813138,17.205780328069505],[120.41831827664913,17.190811125747423],[120.4293679131714,17.143691750512854],[120.43578896620704,17.073162165186965],[120.4426426301148,17.055223235270073],[120.44640163931061,17.037988808195834],[120.44726676813501,16.994289595204872],[120.43190516404191,16.950804450827896]]]]},"properties":{"id":"S1C_IW_GRDH_1SDV_20260401T214506_20260401T214531_007028_00E3B6_98AF","date":"2026-04-01","instrumentMode":"IW","orbit_pass":"DESCENDING","pass_hour":"6 AM","platform_number":"C","relativeOrbitNumber_start":32,"system:time_start":1775079906000,"TileNumber":"B2","satellite":"Sentinel-1C"}},
{"type":"Feature","geometry":{"type":"Polygon","coordinates":[[[120.10131629933241,16.069244619033558],[120.07930193735692,15.971364799223792],[120.01361080477862,15.64459653190646],[119.98622239794369,15.4602492266763],[119.99161325169135,15.458587375683246],[120.70235943674717,15.326885779587876],[121.48173781859961,15.17973520329336],[121.48178711743859,15.18074200719011],[121.41139128568008,15.226403199318316],[121.3861616442849,15.275167908120592],[121.37156707006649,15.319085608083695],[121.38868548311669,15.369830176070263],[121.40363243873385,15.383818392868296],[121.43057873775986,15.365839245666798],[121.45742260957765,15.411964219697317],[121.47328801772287,15.417212553207452],[121.49482104101213,15.522380468880113],[121.5581982903839,15.587006211015566],[121.56036980322234,15.60193083793462],[121.59526232727436,15.628939627057806],[121.61878854006254,15.657361882437673],[121.59420990811869,15.680397651780266],[121.633392038327,15.7110628474938],[121.6410349990124,15.736305841589248],[121.63231742868307,15.753098789177342],[121.60032785617521,15.76007728092737],[121.57282855180507,15.755328396481177],[121.54900356820592,15.805685045240052],[121.54435719238059,15.844274063204645],[121.55230777120299,15.897988411019604],[121.58418144232508,15.933955528606504],[121.60532202964389,15.947903595586334],[121.65212025725909,15.974172145733382],[121.6536007391889,15.99529040200456],[121.72057197378118,16.042391945467152],[121.74558302491438,16.071487600013267],[121.7610783930475,16.077279897982013],[121.77940975860324,16.063309554053482],[121.81434684073031,16.087696368096655],[121.83550972849382,16.091348389543725],[121.86242045405248,16.118116363002436],[121.88744936543293,16.127226330513825],[121.91281721232316,16.1253178530879],[121.96874321796558,16.13634071148992],[121.98610697329367,16.157008649986313],[122.0193852312633,16.178162614613495],[122.05310051732631,16.178421248803232],[122.06955906962837,16.201158192424238],[122.06684786894033,16.228501398576938],[122.09557347612167,16.26163698463885],[122.14349542362811,16.25664280585402],[122.13477338442974,16.228073370261004],[122.0966169042208,16.200578494289932],[122.08719032200365,16.154569531875236],[122.04673738917144,16.112413192587773],[122.03166115258415,16.103655478109918],[121.99149358846246,16.027061545799274],[122.00885729101594,16.03120406783229],[122.05106267456793,16.064856856711227],[122.07180645984175,16.08937302824218],[122.07319768221335,16.121019259848957],[122.17548494635632,16.21880735897537],[122.20400984808343,16.23723683527635],[122.2045538984446,16.258341751645553],[122.22049517432276,16.276253973184343],[122.19431129527085,16.289006962267635],[122.19521209335659,16.333522155971878],[122.22427197538003,16.35423915350453],[122.23487130909541,16.380030602589635],[122.20542335151646,16.41395102149139],[122.20555713288364,16.439430273360472],[122.2321467791894,16.46844566838773],[122.24916717820655,16.509527383938757],[122.2800910467224,16.524933520051405],[122.30168200795909,16.551719389030943],[122.31838137027138,16.588810184601595],[122.31962565105088,16.59156863107807],[121.44633066064527,16.756107154552264],[120.88586793988364,16.859572887187696],[120.42715683981307,16.943000910809477],[120.42575153449604,16.940691244192685],[120.40344265139072,16.90563374128847],[120.39499718976785,16.87787581288623],[120.36891138265929,16.850175893660776],[120.33598540349699,16.836495426797807],[120.325372745652,16.797264261218036],[120.3408726102921,16.72719389561661],[120.33355519209917,16.673952224953105],[120.31181262621243,16.64646184483779],[120.31579012677497,16.624411619391967],[120.29786899259042,16.601045945347323],[120.3196695756181,16.570224649194593],[120.31742216660828,16.53580038597834],[120.30713059490336,16.51539995654615],[120.32794115404386,16.475629256686968],[120.33702880657057,16.41546704478199],[120.32507395109401,16.3946118831966],[120.32832915598512,16.371424547441183],[120.34462718582556,16.34062107523577],[120.3430619934276,16.29335009869511],[120.36630279487281,16.283178888406887],[120.39753880910607,16.251644161048876],[120.42575153449604,16.17283846122598],[120.41284242953753,16.147408192312163],[120.36424274926318,16.092958129439783],[120.32288452981527,16.06623475022806],[120.23240498602446,16.03342915072084],[120.17240324296037,16.029197418174945],[120.11292331959815,16.05362886061673],[120.10131629933241,16.069244619033558]]]},"properties":{"id":"S1C_IW_GRDH_1SDV_20260401T214531_20260401T214556_007028_00E3B6_1760","date":"2026-04-01","instrumentMode":"IW","orbit_pass":"DESCENDING","pass_hour":"6 AM","platform_number":"C","relativeOrbitNumber_start":32,"system:time_start":1775079931000,"TileNumber":"B3","satellite":"Sentinel-1C"}},
{"type":"Feature","geometry":{"type":"MultiPolygon","coordinates":[[[[120.01312416681542,13.893323710053247],[120.04963081845312,13.886982895948655],[120.03450557046234,13.902817172575638],[120.01312416681542,13.893323710053247]]],[[[122.0245979504879,14.434551561723543],[122.0334760346053,14.415885721297117],[122.03674449790641,14.436357500669622],[122.0245979504879,14.434551561723543]]],[[[122.1396650081181,14.895738582556938],[122.14140409080946,14.912509251443952],[122.1396873619895,14.900108458338408],[122.1396650081181,14.895738582556938]]],[[[122.01316924674116,14.871931416147957],[122.0239335590492,14.847285981213137],[122.06198304001424,14.850340400735062],[122.0646361844417,14.865733260129112],[122.0349207374854,14.875516556282838],[122.01316924674116,14.871931416147957]]],[[[121.82084820585527,14.304711483346507],[121.80525918764118,14.296025141861582],[121.80918769349265,14.271861251075888],[121.83368593022372,14.269934925854178],[121.85146883569813,14.297929179692096],[121.82084820585527,14.304711483346507]]],[[[121.96967513614327,14.199262616218734],[121.92902151858776,14.232545370137753],[121.91027994336403,14.198116662979324],[121.93483620026433,14.179165479382677],[121.95614622922285,14.14673889044494],[121.98005595538085,14.1181248568123],[121.99262173857818,14.10692799974796],[122.04060162154404,14.086937883990425],[122.05346618210427,14.067331213146199],[122.07697895652582,14.056187940354201],[122.09338012319174,14.103709221965495],[122.08306117739598,14.10954549931933],[122.0168613557643,14.158350418689853],[122.00607483200712,14.1689809048906],[121.96967513614327,14.199262616218734]]],[[[121.74069140165561,13.917607978143042],[121.74366567037825,13.890911340147854],[121.79926170053906,13.900846201184185],[121.78736928221927,13.937928095343317],[121.7602980851535,13.94009074625012],[121.74069140165561,13.917607978143042]]],[[[121.86906006172937,13.53467373417548],[121.96508159404867,13.514849773555095],[121.97244871518981,13.52514020347229],[121.94261739075289,13.531244716802327],[121.92120472667774,13.525345344788006],[121.91861851137404,13.525586117542836],[121.90242743672836,13.532319392471013],[121.86636222624284,13.570886116596474],[121.85557126964144,13.538785031433799],[121.86319188154872,13.537759473233411],[121.86906006172937,13.53467373417548]]],[[[122.15145932366447,14.838670966710078],[122.13960262519679,14.829989067816344],[122.0961397438397,14.82949856442414],[122.10759517260348,14.804616852040537],[122.14299152512274,14.795489003122098],[122.1632403071895,14.782749416153527],[122.18466183760306,14.76701765248576],[122.21578186446048,14.756284634366162],[122.23339976166189,14.790615232269532],[122.18792590779346,14.81114045687663],[122.21428806235436,14.840204868138931],[122.15145932366447,14.838670966710078]]],[[[121.81050307409792,14.954085910681005],[121.8184581189153,14.930613190755784],[121.85057257810375,14.922912275021432],[121.85310539710375,14.904973353823635],[121.87238206136594,14.875244516012554],[121.87814318871067,14.834305518834817],[121.91529199829284,14.788412448135809],[121.93720398274647,14.712456091949173],[121.91499324532958,14.710012561531128],[121.9023962641927,14.687070418055972],[121.91005697555636,14.6500197589071],[121.93781933569524,14.627380899043857],[121.97516434570915,14.641944330075173],[122.01236660159078,14.675820180101795],[122.0272064717192,14.725655044376891],[122.01790033526154,14.816277371148617],[121.98185746491555,14.841257267521703],[121.96661181261045,14.869594860112029],[121.96434654697396,14.892590394906946],[121.98993734168106,14.91386478534462],[122.01689258254227,14.91674094550325],[122.01135437376102,14.948025931956087],[121.98753390899152,14.958469199944632],[121.9984988107548,14.984630699565047],[122.02853980744437,14.99070846721911],[122.04704506165781,15.006029920651942],[121.9923631057912,15.044645799572212],[121.96633532826458,15.052725653181676],[121.90891104588712,15.044516455753143],[121.88474268588608,15.02783048384432],[121.83914837331808,15.037422006023261],[121.81295564038957,14.981201664073085],[121.81050307409792,14.954085910681005]]],[[[121.48178711743859,15.18074200719011],[121.48103045374974,15.181799693773202],[121.1124437718253,15.251797013377361],[120.56278378923639,15.354919086712712],[119.9879186399802,15.461167781678144],[119.96353028555092,15.34551263786002],[119.96499261888344,15.335932098365987],[119.97612707034476,15.312383554762286],[120.01056465868179,15.27226952909292],[120.0097754187406,15.228837842068167],[120.02143151935384,15.20887443776736],[120.03436289965329,15.164328021573763],[120.0621564328091,15.048801664421802],[120.05166420619173,14.93108581309165],[120.05812988075212,14.906043549546045],[120.04943023763319,14.893379647981739],[120.07859719317659,14.858513941579893],[120.08038527047928,14.818288417077932],[120.08827791257329,14.782441722388503],[120.13073746262297,14.774361781581689],[120.15334507649717,14.743518231055976],[120.17177007599788,14.741493780202632],[120.19647350298084,14.772127793927691],[120.20863345126857,14.818364255629605],[120.21021196005626,14.847334999033132],[120.19172007811609,14.870054164986692],[120.19407452963485,14.872586861481473],[120.234228681293,14.876350414196729],[120.24209010132535,14.852231122606876],[120.26571441342428,14.850206654411796],[120.26743122736579,14.823081951499224],[120.29250467933063,14.812094720940069],[120.29441765798713,14.797388578258486],[120.25789762672628,14.76398102687571],[120.24600967480757,14.702106574353396],[120.25338057975902,14.680970378688567],[120.32006191355109,14.631893557358593],[120.36020726615902,14.62460293495026],[120.37439163867067,14.61381630975077],[120.39098394483378,14.580270492995965],[120.38368438679719,14.567615568632975],[120.38587832518829,14.532205891952207],[120.37386991215205,14.522065861112875],[120.38787154322138,14.481158119223265],[120.38744344144413,14.460690786951503],[120.44761450573925,14.43846664159174],[120.46510310545273,14.42652966080141],[120.50187736937431,14.435545927328214],[120.54012306790203,14.417419684518169],[120.579947271295,14.435394369099505],[120.6018504131298,14.462777679873618],[120.6100462473261,14.507168053473732],[120.59890740353744,14.559584764556934],[120.58400508964168,14.588778482912346],[120.57919368222704,14.657756298412139],[120.54776146798243,14.684399448555002],[120.53518684527793,14.728299335328018],[120.55239893529304,14.748088814653512],[120.53697044625987,14.803711597465243],[120.5527556970802,14.825338246520436],[120.580870328379,14.823523438325134],[120.57163102482521,14.848806539411324],[120.59944243743193,14.902618981652816],[120.61412179901178,14.872288122124257],[120.6120305328906,14.845618270675512],[120.59882267938698,14.824919132532388],[120.65486015684914,14.765871730035245],[120.69500551117207,14.770032010820225],[120.75901137748592,14.753038376660163],[120.81403227754373,14.75810390627449],[120.84496946796483,14.752356175000344],[120.86811668985918,14.724076540357714],[120.90281742920159,14.706133108024193],[120.96112906783225,14.63483204753699],[120.9608927071797,14.589536567261364],[120.98519036407482,14.562389546658677],[120.9953214918368,14.527202795197166],[120.98777219380224,14.493170911543727],[120.97548737776333,14.477309908731009],[120.91203884599572,14.44836136704988],[120.8839732478006,14.45342696129706],[120.90425771928756,14.478491511025805],[120.88915918602984,14.486772095060456],[120.87359694631286,14.440094217699063],[120.83894525422862,14.398009236459385],[120.79273113920144,14.363972932580184],[120.76682377534193,14.327631252231726],[120.6956476053061,14.28137696443702],[120.6510922076219,14.285952014485067],[120.62448035065148,14.266612904079619],[120.626638560488,14.229584536731194],[120.58635505602854,14.216675392921593],[120.58426816019727,14.190910766575337],[120.60077571027671,14.174362987437153],[120.60365186538561,14.145842621317557],[120.5961293875995,14.123752205580441],[120.61805026931314,14.118017804054334],[120.61689538143149,14.09110710286355],[120.62729847183417,14.055684019781319],[120.61557553425244,14.011048438791939],[120.63020132096986,13.989894483090106],[120.61728777763261,13.955376551491254],[120.62135449300403,13.902924137580102],[120.61525889177639,13.870479729903703],[120.6162488467754,13.831832697639033],[120.64878241253422,13.777783962749082],[120.66314073559866,13.771122023184597],[120.6765269843641,13.79229386419331],[120.6510610525693,13.849570993937775],[120.68376855009598,13.856259624567627],[120.70754895459758,13.843158823020827],[120.72189387879281,13.862029750434413],[120.69975442076053,13.890318283119518],[120.70066852919862,13.911485641338496],[120.70584109909015,13.921148466053042],[120.74278921299134,13.93703626380246],[120.7689284152487,13.929678746638185],[120.79694493853751,13.926695650504273],[120.84356037742116,13.910357500658794],[120.87605385377208,13.905523821209671],[120.9120655567216,13.876985535338623],[120.918419828697,13.844545599559648],[120.91348358136695,13.801983474499545],[120.92994659510524,13.775286819248029],[120.92665128031264,13.758493861764785],[120.9052431849827,13.755969997447252],[120.88337128494399,13.726753988276496],[120.92734896966994,13.716869251153922],[120.93559184658137,13.733179542577181],[120.94970488189948,13.743065390271743],[120.96311780566987,13.772972568330227],[120.98877107469698,13.786300855347907],[121.04781397128255,13.762792484095565],[121.04640049009966,13.748987102032576],[121.06237742471711,13.71860279017026],[121.05182276841151,13.699205661328794],[121.04906061558242,13.693415959614994],[121.33219371761726,13.638609390963685],[121.33489094479886,13.64161637199391],[121.39396509573044,13.670498009864234],[121.42286896157056,13.654561133016635],[121.46951119420818,13.686671160743982],[121.4490795986224,13.70627333296112],[121.44957897052065,13.723298188229888],[121.43435561429465,13.761757966303751],[121.44032193156401,13.798558855112821],[121.45350743858157,13.805662273464504],[121.47570039567776,13.839890284487385],[121.5020983222061,13.858007641073392],[121.51975188861587,13.860263939123566],[121.59351429785889,13.895504210984805],[121.6118456766676,13.89199936434856],[121.62532107573237,13.910366383013862],[121.70115703137552,13.925099233456741],[121.69136039455707,13.953191630426913],[121.71967118571081,13.972428158799785],[121.75135315113175,13.968464038661809],[121.78079207635706,13.943011477747499],[121.81562661845668,13.940590213441014],[121.81973341764875,13.899624430578278],[121.84515926111018,13.90298656482671],[121.8724355641394,13.895522045351456],[121.90265484835847,13.857445823970993],[121.9546524902467,13.848960097925879],[121.97344308024844,13.840371866916794],[121.97824999085522,13.8056087344484],[122.01423497827989,13.802469529291677],[122.02596236882898,13.7911433895183],[122.05981785166968,13.940712828078906],[122.05623520527105,13.942400607786256],[122.01557272293559,13.957298409570914],[121.98834992460114,13.979959602287076],[121.97257358620784,13.978184846889734],[121.92179777047936,14.002308626645403],[121.90254344363603,14.016417198186877],[121.84504779849281,14.076673007320075],[121.79142262502238,14.110111798922263],[121.77642218309273,14.1222316658486],[121.74212724138441,14.156388408654179],[121.73278099692752,14.18149313332362],[121.75289154042144,14.207650173222405],[121.76027130680275,14.23108728066349],[121.75514339539431,14.250421902848233],[121.7278581157476,14.27052354321964],[121.72870535335174,14.318360757366293],[121.65492064228617,14.405522790121289],[121.64869572006585,14.459816791620042],[121.62667220968083,14.513691648388933],[121.62627980624698,14.544044775423659],[121.60732418217023,14.602048765347888],[121.60415817576231,14.662300170329797],[121.6278315676186,14.685456228793559],[121.65898285699706,14.682147580942475],[121.66893553624529,14.69545353525879],[121.72634199497229,14.707461902359105],[121.65004683638145,14.78126446459458],[121.6271671513838,14.790989830315272],[121.59916847865524,14.834978846024903],[121.60868867631177,14.862308641142416],[121.58676328787523,14.880528568753997],[121.57156221151176,14.944935820649759],[121.54547200530186,15.0036175751145],[121.49999803265365,15.072452745281877],[121.49228827628595,15.112691669733568],[121.49400499890274,15.13934813097725],[121.48178711743859,15.18074200719011]]]]},"properties":{"id":"S1C_IW_GRDH_1SDV_20260401T214556_20260401T214621_007028_00E3B6_0B7A","date":"2026-04-01","instrumentMode":"IW","orbit_pass":"DESCENDING","pass_hour":"6 AM","platform_number":"C","relativeOrbitNumber_start":32,"system:time_start":1775079956000,"TileNumber":"B4","satellite":"Sentinel-1C"}},
{"type":"Feature","geometry":{"type":"MultiPolygon","coordinates":[[[[120.05758592156468,13.87880038373676],[120.01738708411507,13.885056525603387],[120.04427551675046,13.87017654424365],[120.05758592156468,13.87880038373676]]],[[[120.92594234649542,13.714085693174388],[120.88337128494399,13.726753988276496],[120.87583984214592,13.708806092681321],[120.89772061922912,13.689935168269901],[120.92594234649542,13.714085693174388]]],[[[120.36560274717327,12.293487453610476],[120.35919949730848,12.285077541661062],[120.36353371870699,12.272988927766491],[120.3706682666394,12.27933867755911],[120.36560274717327,12.293487453610476]]],[[[121.03996149645734,13.567902999756013],[121.07803337203761,13.526223779132149],[121.09731452158452,13.535868773562262],[121.08863259879288,13.568553998683061],[121.03996149645734,13.567902999756013]]],[[[121.53984016376035,11.950029595864054],[121.54869146965034,11.937111648869042],[121.540442107715,11.90697255848168],[121.55560308154837,11.891967712098317],[121.58248252990781,11.899035364178632],[121.58258058161576,11.938632209744366],[121.56044122240414,11.966318721298325],[121.53984016376035,11.950029595864054]]],[[[120.83609589802501,13.67130503110798],[120.83915933008862,13.658650166257761],[120.88268461270408,13.630571207903085],[120.93253283779917,13.631248989193594],[120.94476420976412,13.645736567166582],[120.9292375928718,13.660933164647027],[120.88548935419065,13.658413777449645],[120.83609589802501,13.67130503110798]]],[[[121.41555162434678,11.84165121584455],[121.43937655206756,11.844821644752734],[121.48465879485356,11.829063150996364],[121.51667955710867,11.830828975384657],[121.53353942377456,11.84943229182897],[121.51207778908027,11.866755905998886],[121.42986085918145,11.871549435789216],[121.41555162434678,11.84165121584455]]],[[[120.13215547410198,11.9883110151979],[120.13420793109131,11.976638387581826],[120.19809845222731,11.969420167531892],[120.19341460398394,11.986157299039512],[120.13215547410198,11.9883110151979]]],[[[120.30548962679552,13.68026339040375],[120.41026514896542,13.626825494834474],[120.4073711863832,13.656505315721613],[120.38268999201996,13.653705028796772],[120.34548331840092,13.67458252749518],[120.30548962679552,13.68026339040375]]],[[[121.68234854608356,12.93399719904991],[121.70149150168837,12.901713284303305],[121.72120070339791,12.903951757746166],[121.73535832048539,12.932909114421497],[121.70329292691544,12.953960590416232],[121.68234854608356,12.93399719904991]]],[[[120.28206592603631,13.834838123129938],[120.27369621075964,13.79064846871876],[120.29373095317162,13.781021221459953],[120.32830240940308,13.788450137079654],[120.32280877398503,13.822718315903042],[120.30184207729023,13.833727811095176],[120.29218363200782,13.839462268498103],[120.28605682817194,13.83898959279957],[120.28206592603631,13.834838123129938]]],[[[121.86906006172937,13.53467373417548],[121.8437590635781,13.49365003793362],[121.8130893819984,13.457629444877629],[121.82584241372217,13.405114545120673],[121.82415244580719,13.375510604796684],[121.822328634972,13.340230168084112],[121.84224746983145,13.32658092135907],[121.86840011435645,13.28275684223108],[121.917940714806,13.263288404906698],[121.9698027004511,13.514981622163987],[121.92120472667774,13.525345344788006],[121.91861851137404,13.525586117542836],[121.86906006172937,13.53467373417548]]],[[[121.0309675527403,12.257756668394725],[121.03587251668677,12.225981111634404],[121.08217583970477,12.20200006689596],[121.08847213068275,12.173675811037121],[121.11769258390922,12.150626774032776],[121.13313893713416,12.166492250844255],[121.11562351194561,12.197362561664452],[121.07473806361133,12.294325767601045],[121.04197702139057,12.28974623230859],[121.0309675527403,12.257756668394725]]],[[[121.31511034596657,13.619561684163875],[121.33370768438984,13.640297237094986],[121.04993410743536,13.695246905219346],[121.04801910750632,13.69123279021755],[121.052710114546,13.672130024627272],[121.03576105835518,13.633487408129382],[121.10207233041902,13.62353472465213],[121.11148106389416,13.63042845736687],[121.1785147498809,13.644849245689086],[121.20012793469684,13.627333852713889],[121.23445861573715,13.625443216803884],[121.26310835901278,13.597787875065974],[121.28756647170081,13.596597328681145],[121.31511034596657,13.619561684163875]]],[[[121.38556412827869,12.103993485667692],[121.35735142555347,12.117348500087866],[121.34678785396343,12.091583789705572],[121.38212621447843,12.067888104670944],[121.38017308664226,12.059745819332182],[121.3661269598462,12.04619012380687],[121.36993498516898,12.020813424178655],[121.38918494095832,11.989742400073464],[121.4233461233508,12.017758914227374],[121.38556412827869,12.103993485667692]]],[[[120.19631744201016,13.82262469290537],[120.16535340868238,13.831600820847386],[120.14859169374392,13.851118293458116],[120.12384808979867,13.862332990535451],[120.08946844113697,13.867072993698978],[120.07824045634489,13.844496586052397],[120.09392760693501,13.800043792682894],[120.1236474436603,13.770528971977583],[120.14790502321235,13.764607284739856],[120.15805838206447,13.748523330320868],[120.23650287222962,13.712574043219131],[120.27136853005246,13.68503465760484],[120.28379607997975,13.703004855783162],[120.25955195460462,13.710322237512187],[120.24845321950376,13.727784029651447],[120.26320842688264,13.755426009251615],[120.24852012670452,13.79312774146422],[120.21737775670142,13.824127366416766],[120.20890996686077,13.824568808346099],[120.20892335231426,13.820729549634878],[120.19692389461571,13.818326123394153],[120.19631744201016,13.82262469290537]]],[[[119.84583214348208,12.16680437100368],[119.86219697822582,12.168244661861108],[119.87657315538797,12.200983387509897],[119.89600588619432,12.197821870706154],[119.90033566603176,12.161694223465933],[119.92735340714627,12.132313229534233],[119.92725527669089,12.094326130189048],[119.93621803832454,12.072021730106234],[119.96501943850251,12.06106124724653],[119.97994400108841,12.005161983567705],[120.01315097692635,12.002499911422623],[120.02182835463637,11.991931826502684],[120.0512450643886,11.998691774252276],[120.06125570799041,12.012073534148598],[120.08559322286645,11.982120831139788],[120.11115303734141,11.980431781214783],[120.13258352680327,12.003280254994989],[120.13040298136328,12.0304406100892],[120.22589017401378,11.985537466618814],[120.23660984540179,11.999142175541255],[120.26814914188338,12.00450198137608],[120.29226838224106,11.985666761785648],[120.3417643966627,12.008091588646478],[120.3311785153784,12.042373190216813],[120.33674789794769,12.064485832976281],[120.30933339149726,12.092756502708365],[120.30085664948349,12.115761048385622],[120.25523558788183,12.123961293271435],[120.23393443351402,12.134738968341631],[120.2460498198771,12.151340228228461],[120.23681498712698,12.195980256824116],[120.21906332457895,12.18996051502863],[120.20699257471638,12.151482873714015],[120.18768465896315,12.115529161542462],[120.16381955706959,12.117776562213267],[120.14246932928066,12.142127682666],[120.12796836253882,12.143701775601448],[120.0918139462816,12.188734209721598],[120.06537596562039,12.191427546256428],[120.03926793782537,12.235559283792655],[120.00995824342067,12.255732198624159],[119.98467071044875,12.25911219045857],[119.96965244838881,12.272418194156964],[119.94370491032967,12.266121905068626],[119.92262223891134,12.275954282193569],[119.92410271010012,12.316710437114295],[119.89174746826562,12.331336321764038],[119.86139884631963,12.310516771102387],[119.88562953487329,12.279057798814089],[119.85835327730203,12.256401061727093],[119.85630208243144,12.24004953607139],[119.87344281856068,12.226065870390677],[119.84583214348208,12.16680437100368]]],[[[121.5170139609734,12.72866894949514],[121.4978353966571,12.742527814831263],[121.47633361799761,12.778485986888818],[121.49170856397129,12.844743779528585],[121.48290184123846,12.89586743327848],[121.4984908930768,12.943709076330235],[121.48478804436286,13.01394440328659],[121.5048272818474,13.056247866635996],[121.53819468893956,13.072965061782602],[121.55748922135784,13.095470124843647],[121.55779249893241,13.125390666215052],[121.50832323910258,13.151293609713965],[121.47120114845167,13.135735813693287],[121.4374458369553,13.160666621508778],[121.44922676011849,13.188027722795399],[121.4401614189988,13.224873257607069],[121.39650681972569,13.245220113369182],[121.38053876631014,13.24134069506376],[121.3535612248593,13.288040847585092],[121.31749153636073,13.320855370929602],[121.29921809526128,13.351498329375787],[121.24992279637775,13.377811527267722],[121.20345446464495,13.424596408769792],[121.15455593932928,13.416373806158925],[121.14256987430248,13.40488268136632],[121.11438839897872,13.418951189862495],[121.0577488988957,13.405654124852575],[121.02863092311306,13.424088031349998],[121.01875852028158,13.439743912835068],[120.97740927085107,13.470146093325804],[120.95555967594068,13.49846142852315],[120.92076978960046,13.514585480362866],[120.85708044454675,13.486524412636324],[120.79762279720967,13.475479188726053],[120.78163686198354,13.466503014920542],[120.74614688787219,13.466957885827206],[120.70665709008136,13.48420117637067],[120.66786742361954,13.492695795860236],[120.61499579788136,13.48737163809165],[120.56726114148981,13.505511254309681],[120.53201196496912,13.503638430946],[120.50402220002641,13.511432951609686],[120.46289144160508,13.509537811561868],[120.42336151278083,13.530428661695659],[120.38905312492734,13.524622966217187],[120.34983092818258,13.509832079497164],[120.3118348885152,13.473869430380894],[120.30436589319253,13.446008995651528],[120.30702350317908,13.421622160273996],[120.34541197423468,13.38118258350145],[120.38205687156893,13.375033442175189],[120.39045780014175,13.40864175088597],[120.4244985479452,13.423651069790816],[120.45999743020896,13.415183203156465],[120.46990115301493,13.393333641011127],[120.46454571069079,13.363640518997245],[120.48412119108461,13.316944762846108],[120.47852502399378,13.29438620931194],[120.5027602240193,13.264264916044194],[120.544145180145,13.229787204993176],[120.58828580137921,13.22338387707983],[120.60500300357806,13.19624137654083],[120.64044840292185,13.193271623832198],[120.67592497868634,13.152096258070422],[120.71589639958319,13.078458652969317],[120.73680063190402,13.057523158629836],[120.7621684348664,13.008040506534982],[120.7657090136903,12.97236771874927],[120.78334025878357,12.902622942841068],[120.77961695196538,12.833109968611932],[120.78855296340909,12.803876129775475],[120.79421155170125,12.725150733373617],[120.82772612475765,12.729756987321897],[120.85867231904119,12.718016162617738],[120.86405890329242,12.689932706788426],[120.89943738846155,12.658616493924262],[120.92991086926693,12.604969057325027],[120.93599759553014,12.581255520509297],[120.9167877461423,12.529235615522714],[120.92944266717838,12.499074312009858],[120.98491834057472,12.423082273604784],[121.00573792608301,12.411787420583495],[121.01439747744442,12.399578335814041],[121.02329343537302,12.377242703950495],[121.08202419574341,12.33046227764477],[121.09931212128933,12.302820346703172],[121.09320764228384,12.269444002065304],[121.11775946576141,12.242252388985518],[121.18653664518939,12.243322542001524],[121.20723579348086,12.239242439994616],[121.24920040071775,12.211694139064377],[121.25978630286616,12.261404227334845],[121.27525938391605,12.285554704405536],[121.3290852042509,12.294900963209175],[121.34248473954119,12.322962112092545],[121.39343443263292,12.288560125141863],[121.3799680019551,12.35350693952929],[121.3884179591462,12.368453807686434],[121.41182829133676,12.368868518951956],[121.44036203787363,12.358447637805302],[121.44201641101772,12.369492786740592],[121.4156407491566,12.404082045588588],[121.40939356193627,12.445301975111024],[121.43640234455819,12.489674525976344],[121.43575137770374,12.518453530297766],[121.45168366682668,12.518417838100287],[121.48988931851206,12.536976681680105],[121.50749823067062,12.556039286231965],[121.51857025920108,12.583868535185667],[121.55847029788401,12.617838019839136],[121.54869146965034,12.645488882983177],[121.54736266763193,12.678637805231865],[121.5170139609734,12.72866894949514]]]]},"properties":{"id":"S1C_IW_GRDH_1SDV_20260401T214621_20260401T214651_007028_00E3B6_DC3D","date":"2026-04-01","instrumentMode":"IW","orbit_pass":"DESCENDING","pass_hour":"6 AM","platform_number":"C","relativeOrbitNumber_start":32,"system:time_start":1775079981000,"TileNumber":"B5","satellite":"Sentinel-1C"}},
{"type":"Feature","geometry":{"type":"MultiPolygon","coordinates":[[[[124.13639696993087,12.450960573735149],[124.15138845627261,12.412331420290906],[124.171949371689,12.389295710911883],[124.19111457711158,12.38722663237702],[124.19651010075343,12.407190022459666],[124.1694567669504,12.455169962571198],[124.14958254661414,12.47658704604087],[124.13639696993087,12.450960573735149]]],[[[124.47575241386684,12.58119306150416],[124.49918499372062,12.546354124657018],[124.51988862134156,12.553216706723648],[124.50195407435524,12.578780703463824],[124.47575241386684,12.58119306150416]]],[[[124.4185555068556,12.56098443935205],[124.44380737790405,12.538787060885836],[124.45044701008969,12.563102537660932],[124.4185555068556,12.56098443935205]]],[[[124.24220254944974,12.447848142049525],[124.25273046549385,12.390851893384294],[124.26553256699056,12.365827426208375],[124.28513921887371,12.380323979516762],[124.27546740071622,12.431322682287377],[124.25523203609302,12.460578856495479],[124.24220254944974,12.447848142049525]]],[[[124.35561529415837,12.694851123213397],[124.36567506671783,12.657198501495234],[124.39481524167915,12.64508756452696],[124.3938074879547,12.67640831828394],[124.35561529415837,12.694851123213397]]],[[[124.35540576165906,12.623255791872953],[124.35746134386876,12.60066596773664],[124.40144146129586,12.595043036959485],[124.37925744185323,12.61996052270571],[124.35540576165906,12.623255791872953]]],[[[124.30771562617723,13.979241643420302],[124.32402256136699,13.946137282719732],[124.35173589842391,13.959599328351715],[124.33380135736239,13.97477809324403],[124.30771562617723,13.979241643420302]]],[[[123.8069630243496,13.944723792480715],[123.81507858560371,13.911507892174336],[123.84161473016005,13.90431984163342],[123.83856020052256,13.970845204981092],[123.81643862182298,13.972000113746562],[123.8069630243496,13.944723792480715]]],[[[123.76333070538949,13.40281370236544],[123.80798414376571,13.358842491730112],[123.83937177607645,13.350682325722389],[123.8209512296016,13.385173479249755],[123.79479418971803,13.400637607543594],[123.76333070538949,13.40281370236544]]],[[[125.02744132448268,12.672921247482341],[125.0306340194897,12.651923367556464],[125.05969396951092,12.636980920628954],[125.05481572217981,12.60942811580912],[125.09108601066745,12.606346925166351],[125.0917148047392,12.631661169073658],[125.0746319798689,12.633302116648332],[125.06703369839298,12.687520327600529],[125.04241943663408,12.687431196757691],[125.02744132448268,12.672921247482341]]],[[[124.06273706634158,13.205730319064525],[124.10875055847585,13.184710126310954],[124.14305884893986,13.187300849274694],[124.18628097666678,13.16998168186241],[124.221151062701,13.179689173002199],[124.21228644307482,13.20442383250894],[124.13543825870082,13.23733645995313],[124.06273706634158,13.205730319064525]]],[[[124.98877642734949,12.658536240345528],[125.00534645963532,12.575868941110791],[125.03412549177463,12.558166267433933],[125.05874419985922,12.56010150974418],[125.06244526703607,12.58744028404244],[125.03204309628946,12.590200449551553],[125.01493795767294,12.605883126508063],[125.01389900850239,12.645729652269495],[124.98877642734949,12.658536240345528]]],[[[123.83922015985715,13.337104388649864],[123.8555047924178,13.323579922661319],[123.85117501784207,13.269312664275525],[123.86694237619173,13.251650153981677],[123.87372024186168,13.226946713948083],[123.88849766929405,13.225867633862165],[123.90869301027271,13.24682097813733],[123.88758802613526,13.270530016758856],[123.90415804361496,13.304178340232841],[123.92140138711164,13.312276064084719],[123.88513105086317,13.346504189306854],[123.85257514808478,13.355605161660623],[123.83922015985715,13.337104388649864]]],[[[123.9765381696133,13.280540638071205],[123.94793751471803,13.291037357096815],[123.91806158797988,13.286765562623927],[123.91272850012615,13.272554402067472],[123.95066649882895,13.235641981558306],[123.96778943084952,13.230955496657291],[123.99694747881917,13.222130896852857],[124.04363430638476,13.218376321513361],[124.08473825386676,13.259792498170121],[124.09643899738737,13.260537125289673],[124.0936252689742,13.26395282463081],[124.05254361436151,13.278119392932966],[124.03614746781662,13.26173663041583],[124.00334181477274,13.288344103176307],[123.9765381696133,13.280540638071205]]],[[[123.61695184842098,12.69561359571162],[123.59941860612503,12.679181873265549],[123.60975484793691,12.658821603735765],[123.58116754806024,12.634470437798404],[123.60990196971863,12.601499874824365],[123.63641131062951,12.541979749155733],[123.68251843557404,12.486347980543375],[123.68231332352228,12.466090350139051],[123.71687135653357,12.433966978212608],[123.7818538785309,12.423158094201883],[123.76881987598506,12.498806717040956],[123.74051794158774,12.568859206371755],[123.72485311565201,12.616906043006162],[123.6888191842115,12.644672828766705],[123.65938018176698,12.65279730566261],[123.61695184842098,12.69561359571162]]],[[[123.78853800193322,13.845878896746703],[123.78378177742415,13.849276627412257],[123.75688731779297,13.706415998209987],[123.80561639742659,13.687723442660412],[123.83534968849959,13.696383054712522],[123.86945288411634,13.73789284232029],[123.90203109454674,13.727877689157621],[123.93386907441663,13.734891833006074],[123.97656938323543,13.72429258489683],[123.9672944718729,13.756380253162737],[123.94013406271989,13.769106539033888],[123.94669342085797,13.786983034584733],[123.89833001116895,13.797635901289276],[123.812318408211,13.830316605619634],[123.78853800193322,13.845878896746703]]],[[[124.06448506081269,13.697752005058689],[124.02452702650153,13.660010203475741],[124.0474914167809,13.632823037891116],[124.0481736710494,13.609751659883397],[124.04608677952936,13.603700641314992],[124.08827880846303,13.601515654435765],[124.13078294786486,13.576397599671198],[124.1556023312491,13.548260669388497],[124.18678925302606,13.522344325692627],[124.21526951960087,13.525452314367339],[124.20707816409065,13.547877190610492],[124.21576897969976,13.566872919812491],[124.23951811649913,13.586145145535735],[124.26479235473421,13.595041046468841],[124.30075943961769,13.59368102188466],[124.31645097824398,13.570471390627866],[124.3435356239194,13.573815721776464],[124.34940380908941,13.609872054393838],[124.3425277952509,13.642869351074077],[124.3617956027665,13.659426024809727],[124.39187668982474,13.658355847931036],[124.4101010609771,13.666636396073807],[124.411309480993,13.687562975184933],[124.38955793242485,13.733629943316851],[124.39856534933182,13.775166479927528],[124.41824337792453,13.786421193646637],[124.41808282744532,13.791946057976908],[124.41538059296778,13.801644623833184],[124.41181334417396,13.81664498202998],[124.40959270199848,13.827030288096692],[124.40789823558771,13.841776514609995],[124.40373349706792,13.847122986094005],[124.40397872114498,13.860045401098304],[124.40252505809276,13.863474453310017],[124.40038917206026,13.879117027539207],[124.35768874147185,13.909594962785043],[124.3525786337296,13.933130096652382],[124.33808213314555,13.940902296962545],[124.31133197437643,13.929727788067817],[124.28846127257094,13.945655678605844],[124.27970800415538,13.999142667119733],[124.2512990876197,14.04412161542001],[124.22456234727167,14.071821510215031],[124.18618729737163,14.074122407305401],[124.1711511855441,14.05796706682031],[124.14202439627189,14.063853121800685],[124.12278778560568,14.051867069228933],[124.13311063326454,14.023605238627201],[124.13769900778387,14.00937178855166],[124.12814316205412,14.006482287383983],[124.12677866229079,13.991312494079104],[124.14674211731581,13.928265235727187],[124.1450520788882,13.904819267333524],[124.12738959052466,13.884088926233588],[124.13659759161871,13.867184443256095],[124.12792019044527,13.771108680522614],[124.11419066914341,13.748585762313823],[124.09134668463571,13.703192105615786],[124.06448506081269,13.697752005058689]]],[[[124.36345885585843,12.556159675448258],[124.35388964292774,12.540856045822443],[124.30008613030589,12.565470314492849],[124.28231214650417,12.585950935235868],[124.26425281235407,12.565684340766692],[124.26534969757593,12.540343247634452],[124.28169235361241,12.517584044600348],[124.28391297568182,12.469207232778798],[124.32064260913077,12.42984226308608],[124.32755860987102,12.38416773539886],[124.33650362477997,12.369323367744988],[124.33997276534933,12.315497549278655],[124.34164282809205,12.311690771968488],[124.633987201615,12.254905785221926],[125.48275948850137,12.088216842836742],[125.48300979023801,12.089189243505379],[125.48401754175484,12.10690078384492],[125.44933470247109,12.102410502136442],[125.43887361107939,12.12077306508954],[125.44597700474452,12.139996263428696],[125.45910015246758,12.141391932035061],[125.46053146284416,12.141441036918236],[125.47505030396457,12.144571310747757],[125.47718175278393,12.145467588946465],[125.45796301148317,12.157302007204569],[125.48403985623068,12.177818319778371],[125.51503952291256,12.171316998443544],[125.51847749086049,12.194972538247724],[125.4842672629556,12.21926124407422],[125.49093807851843,12.240103097262038],[125.46763037699687,12.24555654180931],[125.44141975272208,12.273390268261847],[125.41708203158896,12.287605855054977],[125.39055478814393,12.282513617661872],[125.38426301532577,12.269952298558637],[125.34351126866967,12.29639925168648],[125.29857697838797,12.311167798583751],[125.28897199231471,12.353685284335418],[125.30423557218619,12.38590672235013],[125.3093858144551,12.414832947448243],[125.29425604588647,12.43464473234971],[125.2939840481611,12.460899896383866],[125.2206586013286,12.533204246664617],[125.20314773661417,12.536700203615359],[125.18340281111846,12.56141252875061],[125.15759356552657,12.573786547938436],[125.11226674976486,12.566883862124211],[125.10222045889799,12.583614358770083],[125.07292855378132,12.583137305030453],[125.08009881907414,12.5471122054395],[125.02393201022285,12.534377010320261],[125.01780073803376,12.563017775046074],[124.99355215334134,12.55439836292309],[124.96624017395858,12.561020141656302],[124.96145550249089,12.586646595056054],[124.91092056519942,12.558612182543591],[124.88686364884644,12.579681478768624],[124.87706703303675,12.550585832747803],[124.85504355729238,12.534096034334008],[124.82784298804148,12.531951254001811],[124.80152988483607,12.542688731784406],[124.75778160188926,12.529949108862434],[124.74381129462273,12.51932749205175],[124.71222740750666,12.522069885836698],[124.6711100708955,12.51273696064528],[124.61354750554473,12.51628198412205],[124.56436363410074,12.533288966554254],[124.55113347415451,12.525177869684528],[124.51132267432965,12.52524473158512],[124.49817724955898,12.541074590030048],[124.4278349139787,12.53507709866709],[124.40617258718909,12.562754734580524],[124.36345885585843,12.556159675448258]]],[[[123.70069372851275,13.443850812973963],[123.66184619429394,13.260145544550436],[123.59603326644002,12.904758022715217],[123.59718460986089,12.902961808451224],[123.63482832734289,12.89176501414014],[123.67974938504086,12.926764468234284],[123.73055185958295,12.84935448675756],[123.76397730426048,12.862589118061052],[123.79567704945767,12.866169780972534],[123.83973744271188,12.906903684508876],[123.88250909830217,12.93659686815872],[123.8836684980181,12.977790023816617],[123.91130153627506,12.97842767874241],[123.92450491547753,12.979413130288227],[123.94254200866847,12.95619457370264],[123.96694224045848,12.956381823924351],[123.99780365977566,12.967311096338143],[124.02903070775355,12.969950940687092],[124.04122188269035,12.928606151864239],[124.01627324195606,12.880091060742073],[123.99041042713829,12.87416495292901],[123.9698852577442,12.885219071842787],[123.94754956138874,12.87924834713937],[123.9352023453334,12.844168594344845],[123.9108110389383,12.844208692521299],[123.89045075393352,12.86929114120535],[123.87714926065748,12.875422431126692],[123.855085620509,12.852181584400599],[123.83197857794418,12.839767438016008],[123.84496351541371,12.80441121872848],[123.85061768516164,12.720785273521539],[123.873046905304,12.67196703981782],[123.9186947668401,12.624045044778162],[123.9372624146326,12.629360300420704],[123.94994412608025,12.591003131374816],[123.97508897830983,12.556650236724801],[123.99648379935996,12.54282701022783],[124.04254177576048,12.535166228251528],[124.0817016716046,12.538626483095602],[124.10434943296949,12.572894718984733],[124.0886310809459,12.591034324754908],[124.1096289574648,12.603452965398432],[124.09654602029013,12.626390511643786],[124.10001519266007,12.64155150017146],[124.13658867699542,12.663913848652532],[124.13317753794414,12.692501175761247],[124.14383478678043,12.702962195994752],[124.13252198881484,12.735785651237418],[124.15033610276379,12.776091506686685],[124.15740829015792,12.837243564512143],[124.14449466827617,12.894944392036214],[124.12075890921021,12.910417427381095],[124.14600185925113,12.94234903412782],[124.15715856815822,12.992857311940146],[124.19167195391677,13.01431447254793],[124.1971522034371,13.040489393557166],[124.19042347259152,13.06612031660218],[124.14922134336717,13.073977268735643],[124.1217443545873,13.073152338115678],[124.10415765756169,13.054022775328658],[124.09356733885357,13.012249948242266],[124.07520918666737,13.007402923540461],[124.06638460291202,13.034665809264984],[124.02158406826781,13.056354864572159],[123.99196669175527,13.094899360164282],[123.9447001810909,13.113061266302505],[123.93435068449863,13.125466493569895],[123.91042309905791,13.126652628517498],[123.9030834246553,13.142616223943032],[123.86522569207241,13.137042348173592],[123.85722157195875,13.113654352815612],[123.83837297836794,13.106261129758657],[123.83863157993403,13.08714943717316],[123.80564315292263,13.052515594989696],[123.78751240750762,13.046955129396089],[123.75554516639151,13.064323349672552],[123.78685693816841,13.117854808640516],[123.76396835335088,13.128685993611198],[123.75530432221336,13.175729516453364],[123.76593932288603,13.204392632365185],[123.78624160583644,13.236627476120642],[123.85302558693914,13.224641399581422],[123.86493582817329,13.239240493979128],[123.84361241519791,13.265250380362227],[123.81630042948947,13.259096813747451],[123.81590357267939,13.286952813260193],[123.77973127675708,13.309426712135808],[123.74162386357823,13.325706927993352],[123.73110036155514,13.376219632497929],[123.70069372851275,13.443850812973963]]]]},"properties":{"id":"S1C_IW_GRDH_1SDV_20260403T212949_20260403T213018_007057_00E4A0_12D4","date":"2026-04-03","instrumentMode":"IW","orbit_pass":"DESCENDING","pass_hour":"6 AM","platform_number":"C","relativeOrbitNumber_start":61,"system:time_start":1775251789000,"TileNumber":"D1","satellite":"Sentinel-1C"}},
{"type":"Feature","geometry":{"type":"MultiPolygon","coordinates":[[[[124.71322626408623,11.818022411935337],[124.7033671732234,11.813005932337479],[124.71449265791466,11.812519869113341],[124.71322626408623,11.818022411935337]]],[[[124.74403423166511,11.822147110760723],[124.74016369611786,11.820845020981356],[124.74054272167788,11.820251924217917],[124.74582681335806,11.817286641732641],[124.74403423166511,11.822147110760723]]],[[[123.87753274293318,11.301796717533481],[123.89727771187877,11.295594117028317],[123.90249482606431,11.347110102024137],[123.88662039774157,11.344523829869976],[123.87753274293318,11.301796717533481]]],[[[123.77903569309923,12.418649926902493],[123.72284656749899,12.423314162283228],[123.78668307736818,12.340370430423329],[123.79741607113058,12.347478208292415],[123.79303279130438,12.377599489505844],[123.7929391343217,12.409687139681012],[123.77903569309923,12.418649926902493]]],[[[124.29329046398848,11.794027963853706],[124.31746766026207,11.765868732828565],[124.3405925762905,11.766501945465151],[124.35320293027239,11.784070817839156],[124.35001466081242,11.809206801054208],[124.31461382074099,11.818401447099545],[124.29329046398848,11.794027963853706]]],[[[124.69763723320834,11.811975853662885],[124.68397012641833,11.815306796592065],[124.68730108708387,11.80751233985413],[124.69763723320834,11.811975853662885]]],[[[124.39733914706461,11.984284430131593],[124.40366213901919,11.966934112320958],[124.43182580492004,11.957824110780674],[124.43908520748917,11.977528903136799],[124.41262046724427,11.991686524332644],[124.39733914706461,11.984284430131593]]],[[[124.41239304142911,11.901202487292636],[124.45070564078041,11.882286990962994],[124.46835917490654,11.892422521960473],[124.45555264717045,11.931729510422478],[124.4234069894066,11.921553851407694],[124.41239304142911,11.901202487292636]]],[[[124.49542149467389,10.753777708539033],[124.50792037690869,10.731285986743734],[124.53719878843317,10.746090156833507],[124.56717737544035,10.795184909766649],[124.54572459559331,10.809284590937128],[124.49542149467389,10.753777708539033]]],[[[124.74756581798786,11.741740596100191],[124.74977305957509,11.71523122726261],[124.76965178341979,11.700444790390454],[124.78199010611237,11.73135533905413],[124.74756581798786,11.741740596100191]]],[[[124.27587319379462,11.915814940226644],[124.28315935370419,11.90029724956071],[124.31125613569743,11.905246856597593],[124.34018682381934,11.938957690276283],[124.33183494215831,11.960709191867902],[124.30489299815768,11.956209961239395],[124.27587319379462,11.915814940226644]]],[[[124.14774536104382,12.046992774157573],[124.176613590736,12.036290918276803],[124.22696580933396,12.063540525025035],[124.22277868691147,12.08477471842952],[124.16726734252235,12.076690404616393],[124.14774536104382,12.046992774157573]]],[[[123.68786049096775,11.222081371344467],[123.7081003417202,11.195393631854534],[123.72020680969494,11.148992246378498],[123.75076499646269,11.151667735783716],[123.78076138901427,11.146053677744783],[123.80760071406023,11.14991528183705],[123.80732864842203,11.16810398962832],[123.76998819992691,11.207870230985115],[123.75189313456201,11.282426414414592],[123.72453211177738,11.296985350095774],[123.68786049096775,11.222081371344467]]],[[[123.2272263667892,10.99436847484933],[123.22006883640726,10.961533303215475],[123.51863759498518,10.904223290394594],[123.49939653519456,10.937786968541051],[123.49775116298326,10.935731328304882],[123.49666759716258,10.92892673553703],[123.4613559377741,10.929399348897963],[123.3910403789252,10.959297676003198],[123.35027528773557,10.951842056473449],[123.31815194016912,10.953282315231903],[123.25885036372655,10.988567160313293],[123.2272263667892,10.99436847484933]]],[[[124.8246993414655,11.713246913991208],[124.83121411493192,11.67955390922893],[124.83612353699287,11.66874511943144],[124.8361057649997,11.660968387693087],[124.8396685124351,11.638289420780783],[124.84264274522316,11.629870677485657],[124.86469300021524,11.620800844889269],[124.88561066015312,11.630628715535716],[124.88803193790224,11.668584556518415],[124.83846460679699,11.69578061171131],[124.8246993414655,11.713246913991208]]],[[[124.5494746934734,11.650743665563908],[124.53537061677596,11.677868362490418],[124.47913236216662,11.697720343889221],[124.46711507990084,11.708471224751293],[124.41316892753797,11.707557125450366],[124.3733223894518,11.695633440233996],[124.33892042370904,11.67073832880342],[124.36134523182218,11.65318730560059],[124.37763436607541,11.611998595013079],[124.39512736871717,11.592895791597845],[124.39214421205239,11.560237314479503],[124.41888997784754,11.535030026104275],[124.44716063365635,11.483781574129834],[124.4786240630566,11.463109160977057],[124.52361193138405,11.477944595373618],[124.56434580607069,11.470952752595437],[124.58468825951728,11.47459134748893],[124.60730922148274,11.490635242122128],[124.61921503728318,11.52592897101835],[124.61279391224171,11.550882150282302],[124.58339513217398,11.569012833591074],[124.5764924404941,11.59327924991318],[124.5494746934734,11.650743665563908]]],[[[123.87317624284123,10.836565318528859],[123.87467597516661,10.833962730922195],[124.03547863775862,10.802511167098483],[124.03180878208408,10.826728569073339],[124.05529037940588,10.885392503533506],[124.03563018527163,10.916927244493584],[124.03128705491334,10.94483230703155],[124.0472015336542,10.971123160717424],[124.04110595555932,11.009872775982009],[124.04300556107414,11.052671226120271],[124.00109889097574,11.054535129728183],[123.99413381901734,11.097667977936236],[124.02497738763886,11.1265496082194],[124.03665131824995,11.148751444879837],[124.0463810854634,11.224841585670292],[124.06404806534717,11.240756074829024],[124.0633480015388,11.281052981926779],[123.9996096149268,11.273267411413276],[123.99002699062657,11.229635090584782],[123.95378783916723,11.198729061968958],[123.94449062805738,11.179724353472395],[123.94689854479144,11.145161862952538],[123.96436481115379,11.12332570939566],[123.9509429914271,11.08894602991998],[123.90419821922514,11.033983151233217],[123.90592388132464,11.021069576920574],[123.93541634419178,10.99288808005999],[123.9237959528488,10.952033751453886],[123.896158407039,10.916887134610127],[123.87167348104185,10.847632845923727],[123.87317624284123,10.836565318528859]]],[[[124.84884539770641,11.606754620602171],[124.81823807257871,11.605354540319144],[124.79324489120175,11.61906624424868],[124.80197132981922,11.642654913515058],[124.76579462431555,11.6917495575026],[124.72712082721554,11.715320361964501],[124.72798145703426,11.676856202053933],[124.75299255105945,11.645651429882056],[124.79194721268523,11.610562743444717],[124.76648576970013,11.609314175948285],[124.77229154218087,11.573770661332809],[124.79266519816184,11.562890462416325],[124.80151202139126,11.544576934828148],[124.8410018513873,11.54838505673196],[124.84166619695047,11.594884552914378],[124.85022768980745,11.60056095795704],[124.84884539770641,11.606754620602171]]],[[[123.51513713980195,12.46751725476642],[123.48804941224209,12.354328649653407],[123.46068263217992,12.212786635017972],[123.53537705783077,12.211306235911268],[123.59414796405176,12.145119760704315],[123.61440124096251,12.089198180378782],[123.60304839582226,12.076190960921581],[123.64615447163939,12.06125743802095],[123.65164812700972,12.04922679170973],[123.70580384162902,12.017130221133582],[123.72886633858153,11.98765106214545],[123.71481124455558,11.962243106220942],[123.72525897418025,11.933120686543583],[123.7559954793947,11.923364206895407],[123.76917218183696,11.930360532947686],[123.85166106302344,11.908988068648696],[123.88182245912834,11.888859701682929],[123.8991148439404,11.867946502660626],[123.92945005641351,11.864392633355619],[123.94767887934745,11.843466017486456],[123.97322955036053,11.830516773654367],[124.01155995620702,11.791401567665385],[124.03327135322574,11.749709006501226],[124.05428262717895,11.728283024477394],[124.07437089486984,11.749231889198654],[124.0582200120539,11.786260200389497],[124.05974503900208,11.81707264312069],[124.07003666604413,11.858876715276264],[124.03996443939432,11.905273608024842],[124.02601640598807,11.952401875721911],[124.01132811135662,11.955335963261673],[124.01621084181954,11.994419985719249],[124.04020080096346,11.966055614825393],[124.04810228444478,11.981849779614553],[124.00998591619157,12.022119912627977],[123.98052908932131,12.084159425478683],[123.9562225640066,12.106535168025673],[123.95034993504939,12.124554385487757],[123.92578913574403,12.145784202204892],[123.90133098150858,12.196934487443038],[123.87490188966953,12.219096262089868],[123.85710115401578,12.195115179086097],[123.82782719447842,12.235951630544493],[123.80291865401199,12.247728125123352],[123.77909808361142,12.229561789102924],[123.76275553977526,12.234110042898912],[123.7124613446313,12.30093858488007],[123.69965923489667,12.33146113107662],[123.67130384801398,12.34948039786485],[123.6429885499854,12.351375446795362],[123.63899316211105,12.372368922318294],[123.61701870136302,12.375579509790922],[123.59200317488738,12.354648463653158],[123.59636862443327,12.394664462519442],[123.56786159152199,12.423033264073897],[123.55747190319012,12.462500728831172],[123.55723106372103,12.46252749861679],[123.52578554234964,12.455441979154244],[123.51513713980195,12.46751725476642]]],[[[124.80143618597083,10.654531491822878],[124.79703380793589,10.6517129992399],[125.19222943597924,10.572743542851601],[125.19257964380655,10.575890771896901],[125.17577331401559,10.601704510544957],[125.11050985467655,10.667868655856914],[125.1073082766267,10.701757821028382],[125.09007386734407,10.715607784580612],[125.04060452866376,10.72119502162269],[125.02749477236394,10.73174975460335],[125.01657002588051,10.748029864519024],[125.00414246501674,10.818893957283723],[125.01452770834227,10.891260702848449],[125.03783991160077,10.939254021848468],[125.04313732274836,11.01192842798475],[125.0396726086092,11.075064833286996],[125.02337456389245,11.09165712529448],[125.03034863822747,11.121484082750323],[125.01518321538421,11.150954285565168],[125.02854271374324,11.202327535427418],[125.03118251014546,11.238432873880773],[125.00644788571569,11.22107809407011],[124.99873356576497,11.250891619164426],[124.97712922873146,11.25605083578085],[124.96597257187102,11.273485911670871],[124.96187021500934,11.311307986009103],[124.96838499679565,11.357027185563037],[124.97952376134523,11.374511301522093],[124.96031396024824,11.395139096188768],[124.95028550610427,11.427061797629058],[124.91809964923864,11.411187407235087],[124.89423456934767,11.421898161694658],[124.87816398276884,11.440323150461868],[124.86586580343821,11.428756285835087],[124.81577226794025,11.432011405292055],[124.80927974049303,11.38651524167219],[124.78951259039496,11.374132298538218],[124.75303715061595,11.335275660856313],[124.72424918780938,11.32693265992613],[124.70131598917817,11.304686258464843],[124.67826244232448,11.306389649882798],[124.6389688354488,11.297489274360263],[124.61646825119725,11.308092974755217],[124.58548644436254,11.308347157279467],[124.55122271226513,11.34426520625579],[124.55033979179596,11.365459346143359],[124.52723719863147,11.435297758095217],[124.4900660856773,11.446842360051962],[124.46478298874531,11.439342151736618],[124.48209320945189,11.407111795665147],[124.4624865333028,11.388718005775804],[124.45281924349787,11.416703302925365],[124.40817468154941,11.481748260031692],[124.31495724209651,11.565588262936283],[124.28988815642084,11.539194833641206],[124.28936639506534,11.497065251139373],[124.33659274170155,11.374448874864996],[124.34195704303117,11.318661063207191],[124.37805349486177,11.278600519777312],[124.38974080059944,11.24414947572613],[124.38745771514448,11.174877358007848],[124.40518265399092,11.121234350797044],[124.38931275301998,11.10071806309659],[124.37510600369482,11.064982839909845],[124.38433189133418,11.039079872777446],[124.40289962853878,11.033777997230814],[124.40142808660981,10.973709432782549],[124.38153159455429,10.928610112692436],[124.40724723832815,10.919303945028124],[124.42635447863252,10.937934084151689],[124.45298869838136,10.891082343975276],[124.48825122206803,10.863685569497134],[124.51407835217853,10.86311483744148],[124.53539284581481,10.890458059737943],[124.55251133084091,10.93466112740753],[124.55397840108634,10.956974446213955],[124.53936144164379,10.978578801213391],[124.58542841169675,11.010425667331281],[124.61324434631702,10.999456285799138],[124.62570754072296,10.974654820031006],[124.65377756122817,10.949862217176367],[124.68639583921322,10.933301092169089],[124.70525339280096,10.900343908038941],[124.70868694892727,10.879345953168661],[124.73811254440956,10.852462017708302],[124.76714125260933,10.814524020484297],[124.791528132232,10.762838581701509],[124.79776187941177,10.69345943301808],[124.80787513226362,10.684795412267043],[124.80143618597083,10.654531491822878]]],[[[125.48300979023801,12.089189243505379],[125.2444850616393,12.13727334942415],[124.34068961565214,12.31386355988807],[124.34458350626724,12.304987433242012],[124.35923604599826,12.279476963305708],[124.3690817583282,12.244125211298163],[124.39990310518236,12.184560528255798],[124.44329015986077,12.157065702158597],[124.46839038701752,12.127269969266019],[124.48484008012073,12.09735384938158],[124.49996975441861,12.091860244041523],[124.53463037810386,12.061007753255998],[124.57655487213438,12.065284025535902],[124.6447835315048,12.04571303329],[124.68891083382495,12.008033642355178],[124.69023512523702,11.993068871886129],[124.69434202068342,11.987878469946496],[124.72209990760497,11.973729780463662],[124.71938877275515,11.9475191385787],[124.74043124870538,11.93087781078298],[124.74859588235385,11.897144686050847],[124.78684158946533,11.911329102187246],[124.78793405188159,11.902575887954537],[124.78681925633084,11.890161733396663],[124.79411884752182,11.877390842716965],[124.79521130145413,11.872311979444355],[124.79622798569281,11.861703772002713],[124.80490095350768,11.847537176116292],[124.8341883052454,11.83721882491565],[124.8791895295875,11.78268847393122],[124.8860922443529,11.75887245776771],[124.91269525982571,11.742137404934796],[124.94357450630729,11.760794320482933],[125.01283331793562,11.784864527819012],[125.0429678504206,11.754707609618992],[125.01795235904737,11.721928786204986],[125.00993489752474,11.701323258629959],[124.97717387930926,11.680401171229294],[124.99060018729986,11.64220896963609],[124.99053780412814,11.622637993518284],[124.96127266164723,11.601198598524313],[124.95204238610081,11.576468467711027],[124.92304924761429,11.573440739087554],[124.88439780676299,11.579763699457182],[124.87774481999263,11.539796785612836],[124.86018485337132,11.550873196856642],[124.82269275186577,11.518843519148662],[124.84517557049719,11.466587245710791],[124.86759142575481,11.467184786627454],[124.88793833395212,11.486229625615179],[124.94135393244053,11.45344185137449],[124.96143321510469,11.454989169267481],[124.96859010776619,11.433928838700732],[124.98544997335085,11.423084315713979],[124.98760818128184,11.380227852481818],[124.9977481357882,11.35613087366812],[124.98641755416918,11.347087830020255],[124.97215293794241,11.312997993345235],[124.97812810108158,11.292182881699098],[124.9989164095932,11.278520248078959],[125.02870322325899,11.275077774582074],[125.08686772836217,11.297221732421425],[125.14305682913472,11.282310503554534],[125.17115813188249,11.245268707644481],[125.19390849744016,11.179982998330756],[125.19410911525347,11.16294030838617],[125.21103583950914,11.098666829702399],[125.23486531793355,11.087242595530403],[125.2451078365714,11.116779691466212],[125.27182675034021,11.14098820816297],[125.30500698576024,11.134027510974631],[125.31903079529833,11.12019988114754],[125.36540103382339,11.120373778297136],[125.37484093594223,11.099036927127816],[125.39547765392345,11.107678719685056],[125.40976908663188,11.083728888860193],[125.48030757049955,11.108115689379323],[125.51247997878579,11.08155725685846],[125.51801376257754,11.119227742350423],[125.5428776665303,11.156336402595556],[125.56889207728979,11.137706250858722],[125.58759357514377,11.113899146025416],[125.59366850460441,11.11677313406362],[125.60579112896355,11.196477242798046],[125.57058660164829,11.182346368796225],[125.55087283656549,11.187746314929807],[125.53672861712849,11.20594389843904],[125.53552465965227,11.231062051032207],[125.54844711972821,11.264919951309858],[125.57190641421171,11.287313583756319],[125.60948775721812,11.302559218199537],[125.63369176557937,11.340136077864264],[125.63107424738962,11.364357911572787],[125.5811233789441,11.402746320069886],[125.55885469159021,11.409573179147202],[125.52535791774747,11.456879778876187],[125.51029055497682,11.504106156710435],[125.47544716004556,11.541531425333874],[125.4698019760016,11.566493467259155],[125.47519749533595,11.596565599037943],[125.44490682344596,11.599370414801703],[125.46328717232691,11.651796060675364],[125.4540479381912,11.671750494892768],[125.49117892030047,11.672053725737925],[125.47535797625503,11.703173826133877],[125.46534728929392,11.760905780508557],[125.43247040216359,11.764441864739055],[125.43442793698361,11.779535916346134],[125.46278333688987,11.774992092632967],[125.47692315011308,11.782585921777434],[125.4647676463326,11.823774659839538],[125.44835812653285,11.820211797622047],[125.42553644744464,11.8955706613277],[125.42550081898968,11.935176336033305],[125.44825110380067,11.968191546199774],[125.45039153173884,11.984043684743213],[125.48412903049815,12.0249247147052],[125.48784793655096,12.029700424797202],[125.4863452345147,12.036402424150022],[125.51920436352489,12.057957699658948],[125.49423784964144,12.075517638702538],[125.48300979023801,12.089189243505379]]]]},"properties":{"id":"S1C_IW_GRDH_1SDV_20260403T213018_20260403T213043_007057_00E4A0_6452","date":"2026-04-03","instrumentMode":"IW","orbit_pass":"DESCENDING","pass_hour":"6 AM","platform_number":"C","relativeOrbitNumber_start":61,"system:time_start":1775251818000,"TileNumber":"D2","satellite":"Sentinel-1C"}},
{"type":"Feature","geometry":{"type":"MultiPolygon","coordinates":[[[[124.36875184109985,10.177429943529415],[124.3860174115592,10.184341589025598],[124.37950713666588,10.183275864445683],[124.36875184109985,10.177429943529415]]],[[[123.76203314651157,9.888324112189444],[123.77731891480782,9.864231602442484],[123.79197597032157,9.890303949541195],[123.76203314651157,9.888324112189444]]],[[[124.38799287017396,10.649510494273665],[124.40933412001036,10.627366607266477],[124.45400982000587,10.629092315251663],[124.4962374912566,10.63866601256421],[124.51991085431324,10.669661228488353],[124.48867041737236,10.700460233030578],[124.46071627273598,10.715331345705216],[124.42888721472573,10.71919732297313],[124.39916291043258,10.68689117123643],[124.38799287017396,10.649510494273665]]],[[[124.27407173649614,10.597771581151617],[124.29534163431055,10.587836688854237],[124.38371213200648,10.624245274086794],[124.37890520924881,10.686458640012486],[124.34895337524577,10.708709573825066],[124.31048028959077,10.701829156745092],[124.3128569536367,10.66864897318659],[124.3056020320162,10.646411421660009],[124.27468259658819,10.609271576802223],[124.27407173649614,10.597771581151617]]],[[[124.19406204219432,10.190187433727127],[124.21246475521788,10.174772318538084],[124.24105203957885,10.17810770853305],[124.22944503037573,10.197580611297152],[124.19406204219432,10.190187433727127]]],[[[123.72187892649836,9.591236516873867],[123.75601338274441,9.576151351471495],[123.75594202508722,9.547162774282443],[123.80650375552979,9.552607350875252],[123.83721803587808,9.587245636256814],[123.87214622057665,9.603427729001753],[123.87055429119854,9.627604940492775],[123.84570374609484,9.644210654808473],[123.77335925997863,9.618303296095316],[123.72187892649836,9.591236516873867]]],[[[124.78350613459689,9.081458691410079],[124.80258222053567,9.105796510146499],[124.80066030150016,9.132965766053733],[124.78426422306816,9.200133265730932],[124.74553693367652,9.24461720149455],[124.71681140767949,9.258592061056046],[124.67884214684062,9.257512962899407],[124.64639330947814,9.236109232815398],[124.63597683334149,9.2194634602054],[124.63292681150746,9.183161877071589],[124.64543014753892,9.149406489193561],[124.69486374221987,9.110081668359829],[124.74701735026305,9.102220312132074],[124.75907362606753,9.085760773179956],[124.78350613459689,9.081458691410079]]],[[[123.92591848434888,10.279851009607004],[123.9450524979627,10.245114657774785],[123.97605218830337,10.255120844193168],[124.01409720327013,10.29289392583301],[124.02475892281235,10.310721370564735],[123.9806227260722,10.331482989101644],[123.93853777781301,10.307787319431704],[123.92591848434888,10.279851009607004]]],[[[125.12996494361998,10.165269995987936],[125.12153720819036,10.161515454390976],[125.11799673992975,10.112541083078288],[125.137496413138,10.067129614650634],[125.15656351630585,10.057404341154456],[125.18562344776306,10.042212196587679],[125.20530595768922,10.010142334607698],[125.22522919808925,9.96379889476954],[125.25003966293156,9.947527606936873],[125.25243418444367,9.92263247416752],[125.26680580702245,9.9079040766003],[125.28769677215303,9.908492639804148],[125.30137725860374,9.936807926063352],[125.27929576042393,9.963629436899822],[125.28325546425873,9.993483119955926],[125.25711172455061,10.027506036593389],[125.23619860781633,10.08491253917318],[125.21486624566684,10.131055262683901],[125.1661996340625,10.136419558318837],[125.12996494361998,10.165269995987936]]],[[[124.52542682383933,10.10242788875001],[124.52631413786104,10.081010808910518],[124.5416802251706,10.050425845249839],[124.56791759181743,10.068948920874535],[124.5562971347403,10.084751964163923],[124.6087406605846,10.100613022349423],[124.59809230076932,10.120090384748842],[124.54878358894136,10.130422067327515],[124.52542682383933,10.10242788875001]]],[[[123.51863759498518,10.904223290394594],[123.51705359466628,10.905726199847697],[123.21814107960954,10.96379187651034],[123.15098402793585,10.671375012231195],[123.09698329301077,10.415589694484366],[123.01924398918035,10.012825972124045],[122.9233517365283,9.507983171582987],[122.91813283711838,9.45362256531284],[123.26206981311567,9.387000766352982],[123.26205198804436,9.387134579259087],[123.26286353966371,9.397577763414308],[123.23835186854467,9.42953615211979],[123.23285828346958,9.4650127494601],[123.20420848711129,9.472619998356869],[123.18669317020287,9.48243001170906],[123.17273619894512,9.532470009885762],[123.12789099405558,9.543889801660757],[123.1290815847069,9.576552704370863],[123.1529778809176,9.581413100512787],[123.14943739129966,9.600306361676187],[123.12352110947096,9.604435424865294],[123.10867229998999,9.631243592189932],[123.11579350563825,9.652352958380387],[123.15052090603407,9.647920640162795],[123.15316962841487,9.688164024704614],[123.16354153764473,9.709705907986983],[123.1484697765454,9.766434595167352],[123.15387861904175,9.776512193452547],[123.13625185558726,9.830962224073147],[123.14214229526412,9.843800023124572],[123.15196122685957,9.853378174856692],[123.15258108680942,9.900087243446235],[123.18314369110819,9.920768582328009],[123.18258637707235,9.940103242866918],[123.1861179516553,9.945137565982751],[123.20472580528693,9.979726807012451],[123.2059475330864,9.985470117394316],[123.23053061487295,10.011720865328682],[123.28424047182278,10.131608213750749],[123.28864156025031,10.184274687661587],[123.33014687573825,10.25755111719407],[123.33341097278169,10.28375720738786],[123.32742237162319,10.34181473884375],[123.35917117004229,10.437047765867476],[123.40016372178772,10.47234595120318],[123.41977485957297,10.482289777667212],[123.43624672000901,10.503773753456114],[123.46410273258674,10.523536450449454],[123.45726694221554,10.539254811291354],[123.48618419929765,10.597214204822789],[123.50163950268669,10.658531303599961],[123.50256247386127,10.682458827265823],[123.51763871128452,10.726050978397495],[123.54488386839671,10.752261591667065],[123.56188191683856,10.778338436388239],[123.56701878581109,10.803608103743018],[123.56047734719266,10.825774305322229],[123.54337223841415,10.836761536846769],[123.52182135461197,10.871502372555433],[123.51863759498518,10.904223290394594]]],[[[125.12996494361998,10.165269995987936],[125.14171021104372,10.174321976101611],[125.12988470187038,10.220536062616125],[125.12563513635638,10.260654638888523],[125.13775499265753,10.27887892921268],[125.21230226358442,10.248017541439221],[125.2589890524154,10.262701310178107],[125.26944561104723,10.307417223752749],[125.26304685471347,10.371971618482643],[125.2388071162801,10.396755328588577],[125.22094844744365,10.384608669073415],[125.19991482847868,10.405660123013268],[125.18248867066455,10.436316470227984],[125.1942607524765,10.475494105756768],[125.18694335386503,10.497941192940386],[125.1760319425427,10.513993947708936],[125.16655183868454,10.53209794391411],[125.1912240972673,10.563708457835578],[125.19243343406885,10.574576829910916],[124.79927282959582,10.653146480961567],[124.79575979841148,10.650897331053693],[124.77133281937301,10.617636847247454],[124.76666860744994,10.567748433260409],[124.7703161771338,10.545595631696848],[124.75404489208303,10.512910425653077],[124.72506523228463,10.485464622744754],[124.73314067026419,10.447597942853829],[124.72712082721554,10.39934600156062],[124.74073893736872,10.376136382193014],[124.77023146342809,10.358456061134795],[124.79170198387325,10.332597778356932],[124.7967363654211,10.310890838197512],[124.77488671586086,10.261256566820268],[124.77071302390775,10.244744520499575],[124.7710028186725,10.215278804024525],[124.75576164221162,10.172221714983452],[124.78266788911506,10.137547773444972],[124.80879822812157,10.130038594202734],[124.86100979302212,10.128134617216336],[124.88746568293658,10.1275192565871],[124.90688951684947,10.090410573341737],[124.92751283543177,10.087342710209864],[124.95345143016091,10.068315780894482],[124.98223050965267,10.036816678245248],[125.02440465593044,10.032500217313986],[125.03196729850791,10.041592316499303],[125.02600099214439,10.092087203242775],[125.01571835884323,10.10374775409572],[125.00797286172246,10.159794228166595],[124.98168203667596,10.202998417587855],[124.98863820606009,10.248927149983295],[124.9835280633025,10.295498013100735],[124.98573088234126,10.302833256980962],[124.97366457465304,10.33546942052537],[124.97786053663509,10.383052502077332],[125.00877551825403,10.383047984805629],[125.02232227198188,10.37271626640272],[125.03917761378155,10.335170682700891],[125.0404663083723,10.313057982260105],[125.04686067042509,10.305361536186679],[125.06101830311519,10.289264230947907],[125.06643613460474,10.263633275806862],[125.0861988400276,10.218676612093518],[125.12009253125144,10.18101953273956],[125.12996494361998,10.165269995987936]]],[[[124.14534190388042,10.135077420888114],[124.13739132917102,10.11031599192815],[124.09707663118017,10.078116845640249],[124.06186755997255,10.063339380060281],[124.05177216321665,9.992346031260901],[124.02058962954129,9.964400864227592],[123.97857604809018,9.962808915967072],[123.93441756513364,9.934310810853907],[123.86971148392868,9.914779964885737],[123.86411085214571,9.890674100225686],[123.84076748540683,9.876204294508543],[123.80407802864721,9.829196442454654],[123.78745897129058,9.791869301246514],[123.78497965046257,9.754158738955104],[123.79499036255872,9.735876405225861],[123.84422327881143,9.743166991499457],[123.86451669903526,9.712800564024077],[123.84623879351123,9.67296741625533],[123.85887146933389,9.640389187240926],[123.87982032123541,9.627734235257432],[123.92239579729333,9.6210500633138],[123.98821208700913,9.601438965078376],[124.0361875855646,9.602959504870437],[124.04490070762009,9.59434450168592],[124.09606883307146,9.59167795282749],[124.11261662221978,9.599762347727841],[124.16551046853812,9.605340660415198],[124.18530438219348,9.612925584895153],[124.21469880160151,9.610959138517995],[124.24491810795931,9.599771256177243],[124.27741157955312,9.604203620215868],[124.3138290221353,9.625834706406069],[124.35492859485672,9.633138699295673],[124.37468686096229,9.65612532941713],[124.40117836899864,9.661766161042344],[124.40187850767673,9.697880407550679],[124.41345432867688,9.714989950478891],[124.44204604892944,9.721058762693813],[124.48613762526227,9.760058078980263],[124.50169542534525,9.76169461160311],[124.52086509151808,9.722320706877332],[124.54091772776664,9.730570080338351],[124.57968070552381,9.733727086122792],[124.59619715930374,9.755594507056152],[124.60421022289621,9.799436407137149],[124.56713276455058,9.818574875411604],[124.52471329748433,9.854813963021657],[124.5657504070953,9.871290354740431],[124.57814673713386,9.913696446981955],[124.55423706462258,9.929668882845712],[124.55412999947526,9.956593004863214],[124.56841253039059,9.966759705414802],[124.57505658491095,9.994745033467584],[124.57124405224977,10.021722595662272],[124.53439405487008,10.043161944285332],[124.51159465289335,10.07430428444045],[124.49164016046912,10.057306228287734],[124.46459130958756,10.065716119216958],[124.44465465115412,10.08576863925687],[124.38976306646713,10.112255701759892],[124.39502925241682,10.126226108641148],[124.37587747516451,10.153399872315607],[124.36402066250731,10.133530099458202],[124.34436056442496,10.139300187844414],[124.31913538677185,10.164708151368743],[124.3019812139598,10.166531921476505],[124.2912883196337,10.165747100144078],[124.28893388004944,10.162554360967684],[124.2612517815839,10.15829594475679],[124.2562843486048,10.158732972951231],[124.20762661913297,10.159874438181026],[124.19984995181007,10.15053264481504],[124.14853467120987,10.15046127074778],[124.145903808559,10.136085174881808],[124.14534190388042,10.135077420888114]]],[[[123.37358751198212,9.973394861817136],[123.36689884738797,9.951135000824367],[123.37580809013107,9.936094519793151],[123.39894195760886,9.92897777143857],[123.40426610691084,9.902232071730676],[123.3895510473356,9.865324117868013],[123.37003355598102,9.860900691599658],[123.37194203244012,9.815319706571575],[123.34549066688618,9.787263052851186],[123.34922738520329,9.764218436867624],[123.34137935621678,9.71665767474744],[123.32610248304178,9.666180631638202],[123.32816263864889,9.635560009649605],[123.30185836182797,9.517313514787666],[123.299593165964,9.469021508624936],[123.30449818238274,9.420898863663666],[123.32872888257705,9.411481263792497],[123.34868788948138,9.41613207444004],[123.37396200594911,9.446957871933321],[123.40383354202089,9.49728771852763],[123.44439802037651,9.52566546105207],[123.46002266323586,9.561868915642044],[123.47122843233593,9.571192871326309],[123.47738644493737,9.611627972895745],[123.5019917834686,9.664080395481655],[123.51544928426527,9.739185058585072],[123.53856085501934,9.755527606457472],[123.5392386521622,9.80245971163173],[123.5616054640481,9.814900604007818],[123.57170981921307,9.850925652931405],[123.60904135100593,9.874023818302597],[123.62619110754676,9.942885661258044],[123.62677078286086,9.97785841563479],[123.61814238721021,9.997273325421613],[123.62494697057033,10.028964156688406],[123.63049410864178,10.048700190248644],[123.65177743081091,10.089220013809449],[123.68405241036513,10.090267929390736],[123.68978230400502,10.128874821246026],[123.723907839662,10.173626341413287],[123.76040556731799,10.201553717746073],[123.76994361874092,10.2244690275472],[123.79959212453431,10.238653417664311],[123.83763277424077,10.234559922027776],[123.86424914343881,10.247620689829777],[123.86895790655878,10.274727564721116],[123.90376122340483,10.292296357270365],[123.91208634359826,10.31015511018956],[123.93898813700167,10.327349399386172],[123.9554287759495,10.322560292894568],[123.97367097867424,10.354117400662012],[124.00420244212545,10.36182718924132],[124.02028639923053,10.387190543855723],[124.00036764799081,10.413887171848456],[124.03572827029144,10.498418330888224],[124.03790438763059,10.545354803403878],[124.02530737904178,10.583939439558376],[124.03775717858288,10.594614552691075],[124.03217436332145,10.634041908182809],[124.01460109057591,10.706065268189498],[124.01822632765065,10.718457162653916],[124.00541531604445,10.757737372244147],[124.02705983268822,10.778209066314972],[124.03547863775862,10.802511167098483],[123.87477706723328,10.833787297087811],[123.85157632254572,10.797436762179975],[123.83345012644655,10.75642639488209],[123.83464958090215,10.737765060808565],[123.80261990350613,10.723379982420605],[123.7918466898071,10.694948752812202],[123.74210988528951,10.632169056517496],[123.74780416586731,10.61921986764229],[123.73300883679269,10.583694224056467],[123.71215812468785,10.569179784571508],[123.70565669924689,10.524361398146755],[123.71565400761328,10.501240925911201],[123.68036473666594,10.460400034171707],[123.66882451568712,10.421159920996015],[123.64795593773621,10.403880938097982],[123.63633550832623,10.381210836383943],[123.58808804484727,10.34118597266598],[123.58048082596667,10.323536866429638],[123.58370923057959,10.27379113924844],[123.57724795497867,10.254291468982602],[123.55686993152263,10.236080523658506],[123.52319478865613,10.187387110926316],[123.51727306953609,10.150162541116023],[123.4811989189796,10.117365849196712],[123.46285869291918,10.09176615103919],[123.41042414787017,10.043242217437626],[123.40693709848267,9.992876645417285],[123.40361952650564,9.984163596145535],[123.38938604009537,9.985198125588985],[123.37277149528597,9.985599422007986],[123.37358751198212,9.973394861817136]]]]},"properties":{"id":"S1C_IW_GRDH_1SDV_20260403T213043_20260403T213108_007057_00E4A0_2B4C","date":"2026-04-03","instrumentMode":"IW","orbit_pass":"DESCENDING","pass_hour":"6 AM","platform_number":"C","relativeOrbitNumber_start":61,"system:time_start":1775251843000,"TileNumber":"D3","satellite":"Sentinel-1C"}},
{"type":"Feature","geometry":{"type":"MultiPolygon","coordinates":[[[[123.45519347107316,9.191330992408401],[123.50218352419606,9.144421200774822],[123.53006174678217,9.132649208771793],[123.56259987019577,9.100820145361737],[123.5967476251345,9.093351153076876],[123.62732817274286,9.098791262863271],[123.64911535830117,9.126170149626795],[123.66890925182156,9.116997733290004],[123.68934088599205,9.123918298991281],[123.70461330384934,9.146989697509596],[123.70082748590332,9.161749274541084],[123.67677956560377,9.163376871555927],[123.65979929580999,9.200119878258366],[123.68744576800033,9.212257531961788],[123.66593951617145,9.235248685859373],[123.64904844277956,9.282113788156433],[123.63049410864178,9.30116753403262],[123.60642836581742,9.301640231579446],[123.59678776256906,9.28609579449147],[123.5955526319603,9.254592255261667],[123.56012058438424,9.227574570495094],[123.53790091248284,9.227561132283975],[123.50676740607138,9.214754606644796],[123.47447021166538,9.224265911475019],[123.45519347107316,9.191330992408401]]],[[[123.26205198804436,9.387134579259087],[122.96648897392026,9.445885010483316],[122.9151942112621,9.45492414713197],[122.88017459447026,9.273017200357586],[122.87764178602372,9.265766704831751],[122.87465861496733,9.245455531804295],[122.88761676462609,9.214308718259147],[122.90770058807672,9.143779114821646],[122.93285442499943,9.103343947469602],[122.94027876192209,9.077298368811958],[122.96820616522818,9.069035656670964],[123.01883480209877,9.036671507809425],[123.03161459513848,9.045536207686755],[123.05661224865268,9.047636430663662],[123.07013669559026,9.062935627625754],[123.1098494758368,9.055020738818161],[123.13011160477203,9.04427425409633],[123.15209944095332,9.075367610639084],[123.18137344904748,9.091219673210727],[123.20614826609959,9.094456963073897],[123.21351465099987,9.119691059802411],[123.24733696350094,9.153205634123271],[123.27214739683079,9.188887366875777],[123.29662339457417,9.233732546150376],[123.31633704333595,9.318201328452433],[123.29704256215442,9.360928446502491],[123.26206981311567,9.387000766352982],[123.26205198804436,9.387134579259087]]],[[[122.65627421993447,8.148177779216418],[122.65367770427233,8.144780509697755],[122.61430463988661,7.946735035885287],[122.63631311766486,7.941121465473286],[123.42581607155479,7.782253058287748],[123.42908992709359,7.784636186312197],[123.42633861995922,7.812055188112776],[123.44380936187738,7.82265896879097],[123.46317083747955,7.81283106374383],[123.51608254462703,7.835915869854912],[123.54047374813263,7.852173770609045],[123.5731411296986,7.851656510120213],[123.61508788735863,7.828785787121529],[123.69248007878593,7.810802225792113],[123.72268606225457,7.788818805073178],[123.74070084169546,7.762215805473184],[123.73384717210232,7.734413303733927],[123.75778809916389,7.735149077381478],[123.77256108636196,7.712211480213278],[123.79075423245342,7.708340942200391],[123.794669344493,7.708349857387328],[123.83820347299698,7.699935566533894],[123.88999147373706,7.697500906362044],[123.93654453112228,7.68283493621946],[123.95141087060314,7.675611316980889],[124.74388313370251,7.513515323661272],[124.84124323311912,7.493666845803265],[124.85554948212275,7.542061603084972],[124.92130346232213,7.85870150423571],[124.98721276479041,8.175300509367338],[125.05328386598605,8.491859074218068],[125.11952321590618,8.808375955365163],[125.12198764680332,8.83443342494891],[125.08400948455085,8.827940978536935],[125.06038071028702,8.86969599934346],[125.03085250861211,8.90395081329243],[125.02876120829671,8.918928908453985],[124.98626150434586,8.935895811486663],[124.9772050758383,8.948911954617948],[124.93151707537659,8.970752628256527],[124.88204781203117,9.002760017050987],[124.87634908314968,9.008592572936706],[124.8196873283221,9.007803253197121],[124.77445861749084,8.964295810074319],[124.791688584753,8.874823954495731],[124.78611917282203,8.856969737565382],[124.7882773871138,8.814166795237517],[124.76592393526664,8.768041900454607],[124.78177603277518,8.728957854236766],[124.76035900486416,8.717538109327558],[124.74320032274746,8.695938226770675],[124.74405649161038,8.657759398131835],[124.76312364368931,8.63450073696388],[124.77200166747616,8.592531676848202],[124.74784228486637,8.565286581787175],[124.74144790722302,8.53710057407942],[124.75443287740733,8.524044355869268],[124.75109295943297,8.5004155711396],[124.70688541186341,8.47437444004172],[124.66673125321623,8.490797303061484],[124.65553893151566,8.516927578315627],[124.61454192794503,8.523009848925652],[124.57346466348493,8.522880482147189],[124.57067773833441,8.539695776056467],[124.54467673665995,8.5457958259446],[124.51690098273305,8.574445565119552],[124.48293157228449,8.589838370023307],[124.47849474655752,8.620704245912632],[124.44827539603271,8.622055369642942],[124.4087231694457,8.600005109414145],[124.38323943560272,8.593209476763851],[124.31044902173247,8.531147651561271],[124.30737226163359,8.505900217941296],[124.28672219788747,8.459726237650143],[124.28849246338557,8.415572220339449],[124.28337787167544,8.394030326760726],[124.26497514050912,8.380242804172504],[124.2594592711065,8.343308033221872],[124.24910071931303,8.3259665801625],[124.26516691256694,8.28141571139054],[124.24669725741484,8.26049810683014],[124.23027891395382,8.218649446006902],[124.16216161908882,8.189607303365246],[124.0964523327877,8.189014199806747],[124.02926709769508,8.199912258182218],[123.98428366931383,8.176533218426325],[123.96489100356233,8.173995986683783],[123.9339984116478,8.152516509677362],[123.90666404886301,8.11835529893318],[123.86685764972297,8.102712815112783],[123.84726884902344,8.102467543615782],[123.78820809822957,8.05210201073041],[123.77504926177461,8.028352787077361],[123.7489769310109,8.00000182627933],[123.66871750740809,8.00000188164163],[123.66584590239236,8.027197942724353],[123.70433684306485,8.05138408175473],[123.72661000388844,8.044258439667205],[123.7587735266226,8.057011456566316],[123.80925950477726,8.105887645671299],[123.83545667612718,8.140512580448233],[123.8504571447919,8.14333518971091],[123.87267234481746,8.172042876706632],[123.8679278372398,8.22425453853376],[123.85080045385872,8.28281587418508],[123.85114384681808,8.31406525860679],[123.8655645183151,8.325859586983066],[123.84993540795794,8.353149294777726],[123.85076034016352,8.386695073248363],[123.84289005440294,8.427005360628058],[123.81971607126587,8.46173282673268],[123.8094422698683,8.493334502836825],[123.79795122683468,8.498056692317666],[123.77615954735894,8.555757463288241],[123.73027095574035,8.6049770131773],[123.6948077024058,8.636382454002888],[123.65783735490152,8.634692437557899],[123.61920364800521,8.649108730658654],[123.59649791866934,8.641751248530221],[123.5831295471194,8.61981688755835],[123.57720789466774,8.581254625308926],[123.5621048896081,8.593820350010661],[123.56620723866365,8.613088138238936],[123.5407190735022,8.627593535215372],[123.5060718539769,8.626090836960014],[123.49041148417886,8.654749515424662],[123.51126225799395,8.686275362405407],[123.49799189672314,8.698586902623228],[123.4770564759653,8.683385834024737],[123.4602723863732,8.69044462159159],[123.4318991560663,8.719910359781712],[123.391312362172,8.726955738777914],[123.38442310969725,8.705409354492755],[123.424608489851,8.654687092449398],[123.41282758147734,8.62973841917782],[123.38197505753449,8.637381304156268],[123.35492611158674,8.634411567114393],[123.32926403656363,8.551659549749553],[123.29599022792938,8.520695565815721],[123.26593143497367,8.514760442595136],[123.24593233098237,8.524129075207172],[123.18948456597491,8.534041636302065],[123.13101238079186,8.525801241939039],[123.06263650905223,8.518086977488565],[123.021461198891,8.475203817005877],[123.0226963683078,8.455427670047131],[123.01004585084054,8.430706398533273],[122.98107066552875,8.412776374901755],[122.99027423091555,8.347891973286343],[122.98016543121808,8.32246177466714],[122.9610983416962,8.31644197987993],[122.94039027453498,8.308290692871852],[122.95356688885958,8.280844934008439],[122.96498217396297,8.26581775832348],[122.99783238696382,8.248788463078629],[123.00016899536439,8.222573435653342],[122.98916833547396,8.200830863282466],[122.9600058765296,8.186120284610308],[122.92521593801322,8.156516305124242],[122.91755519767024,8.148993802312447],[122.85292943157356,8.134996673118605],[122.82055641394568,8.120299462737618],[122.73709094393377,8.11308019299447],[122.7101356329029,8.115559445603175],[122.68099096524016,8.132530830310628],[122.67562225412138,8.157613240062238],[122.65627421993447,8.148177779216418]]]]},"properties":{"id":"S1C_IW_GRDH_1SDV_20260403T213108_20260403T213133_007057_00E4A0_6A15","date":"2026-04-03","instrumentMode":"IW","orbit_pass":"DESCENDING","pass_hour":"6 AM","platform_number":"C","relativeOrbitNumber_start":61,"system:time_start":1775251868000,"TileNumber":"D4","satellite":"Sentinel-1C"}},
{"type":"Feature","geometry":{"type":"MultiPolygon","coordinates":[[[[124.01467692422682,7.321433692685267],[124.03790438763059,7.329513548219312],[124.06754397022367,7.355064212488036],[124.05740399699052,7.371130358908658],[124.01467692422682,7.321433692685267]]],[[[122.78241772298635,7.357088633453255],[122.8071880378286,7.308685090145789],[122.80288046435604,7.289140890098735],[122.83302403619348,7.287852205991437],[122.84631214814476,7.305817954753643],[122.89942008297115,7.320684556123999],[122.92397182234068,7.345111507401682],[122.92344125407635,7.369694559982349],[122.97245122625536,7.370760275915297],[122.93599802810309,7.400747696662877],[122.94125975913617,7.41363007037774],[122.89929072019723,7.440843945552495],[122.87467203620879,7.364495225806448],[122.85958689495826,7.405804327636848],[122.82451609012114,7.436942244521442],[122.8077453900526,7.427239223911818],[122.78241772298635,7.357088633453255]]],[[[124.54005262068596,6.017668357660046],[124.54439039695184,6.017703672301272],[124.62553301650073,6.411012892002369],[124.73821870799361,6.955424220140984],[124.78618617275512,7.189424606875878],[124.83758108052689,7.447060996585695],[124.84275029539356,7.495042324431582],[124.49847294477935,7.565837748927611],[123.94450315654089,7.678967899471265],[123.96140400810421,7.670755182872055],[123.98631253094642,7.640709786273044],[124.01230462734028,7.646952528819649],[124.04437897046283,7.601068380793369],[124.1006483846723,7.530404981659275],[124.1260384953401,7.477609238634384],[124.14172556161643,7.458796310668936],[124.1389787833499,7.43604594298511],[124.19378111317772,7.419123709933543],[124.22073195889304,7.404689544180856],[124.24442313501879,7.407476515793357],[124.25415741137908,7.35188933895045],[124.21092194475597,7.338275727968307],[124.2135171459327,7.292097270192224],[124.17862907642477,7.227935230653952],[124.15704261950314,7.207913903813564],[124.15041190793998,7.175960011083397],[124.11363323801442,7.1556844191775],[124.06395884765955,7.143658248011306],[124.03502824352147,7.107989876437734],[123.99308142727901,7.021964924413847],[123.99196669175527,6.99644995635919],[123.96885070438256,6.95386106600918],[123.97000119027524,6.930446321091135],[123.956467819392,6.911116118347757],[123.97080378299476,6.864478367000453],[123.9549650562656,6.846521568480239],[123.96170726365422,6.80101645864769],[123.98355237684575,6.769566417739275],[124.00126835145058,6.795794894156253],[124.02105786208604,6.788700400705971],[124.03674498244631,6.757000646446397],[124.01701345394328,6.730990718308657],[124.02188729426365,6.696512993919954],[124.04659065994333,6.638847855583889],[124.04963623427442,6.599768294608725],[124.02261411445465,6.535343201155244],[124.02311795471209,6.505449407752812],[124.03671378938981,6.484549587202916],[124.03336502089776,6.422224771031001],[124.06672795390853,6.393534909598502],[124.1015491149797,6.323910496371449],[124.13446170763073,6.289000173211963],[124.16690171186076,6.2623704175115],[124.17614539756023,6.220990001524441],[124.22606505931695,6.177589550839302],[124.25826862478631,6.157162378477277],[124.26952346948633,6.161090861790953],[124.30240485227249,6.136293790286986],[124.31804738157108,6.120441709468977],[124.35413483566322,6.119567717072516],[124.39183207448843,6.094543258218629],[124.41549654496764,6.093651404818364],[124.45159743283209,6.064939258444678],[124.5304432376436,6.019710588153495],[124.54005262068596,6.017668357660046]]],[[[123.42479576598556,7.78151033959032],[123.38438476574784,7.792571712498306],[122.61640489659204,7.947021913727207],[122.6030161703354,7.898322221072022],[122.57222417622779,7.744798557686949],[122.57771372654871,7.742564604834604],[122.62618419777674,7.773729231597914],[122.65883815528291,7.784399834109098],[122.6809776045824,7.771151835374345],[122.69151888051255,7.787953749793179],[122.72399901938233,7.783236000101661],[122.74735129589095,7.751389104271312],[122.78273874847817,7.771936642323192],[122.81273507963861,7.746310231759116],[122.82066341099353,7.718084125057982],[122.83609192335946,7.727466085369657],[122.83532489574895,7.723078315176619],[122.83080342854306,7.716510061930418],[122.826897192468,7.7098392085452],[122.80245240032484,7.72446060595902],[122.78441533239415,7.677091622791845],[122.79559434769148,7.637851525742486],[122.78714878508238,7.614396618004626],[122.79065814658637,7.592814573406299],[122.80868179342701,7.579642426053593],[122.82745460832251,7.533432764385387],[122.7992552937307,7.540268511039024],[122.78013021475238,7.502045086684547],[122.7829884725419,7.469435711890438],[122.79927759306753,7.486714725563157],[122.8202799254751,7.46748264040278],[122.80908753396827,7.438730324085523],[122.8410860671177,7.436304581439762],[122.87642891289323,7.467883945699046],[122.85703179856945,7.492408984357199],[122.88366601644162,7.508336945304202],[122.89025658930349,7.538449198549201],[122.91972229589113,7.535782664742969],[122.92991580073928,7.511003447136485],[122.95603726243344,7.473176911990081],[122.97326722956991,7.483562129910187],[122.98462010512259,7.46039263725256],[123.01448269300882,7.479317118428313],[122.99809102943325,7.495811288465815],[123.02535401802812,7.54114251805309],[123.03559205260429,7.582518495615988],[123.029050573126,7.616496880209092],[123.05711170805112,7.626913355142821],[123.04277125825696,7.649842016482358],[123.08183291506613,7.676132910790345],[123.09027846560461,7.699123994686643],[123.11990918538511,7.722404954881344],[123.14555349037043,7.690089866756894],[123.12719537489131,7.666380847010652],[123.17635252892686,7.622186673278156],[123.19040760956592,7.614641848396266],[123.19164280888681,7.584324448213577],[123.1764817883174,7.57257023792509],[123.14494259510175,7.574554537706202],[123.10384311410175,7.553115222529895],[123.11749240835547,7.513375705592802],[123.15850271840132,7.495106744874439],[123.1673138986286,7.470091216957526],[123.18480695189484,7.470367661057373],[123.19557127886705,7.488083679273419],[123.18195315538428,7.503208968717394],[123.20815480185732,7.517522680093255],[123.22468020888837,7.536629932853326],[123.30087289719702,7.529245623089388],[123.29193686974716,7.512916427818906],[123.28838299571817,7.463282179811828],[123.31857110027366,7.447278476062309],[123.3241405157167,7.425237124206778],[123.3428285885806,7.408510989865614],[123.36746066958652,7.402830106653735],[123.38385676458755,7.377368631190794],[123.40968391345528,7.358586892126782],[123.42230314115669,7.371941902485449],[123.45313338286668,7.3720133058793],[123.44037587620745,7.413112823279026],[123.44885261601245,7.432888923031816],[123.43730804588228,7.449632829067299],[123.38175209185518,7.488556321650857],[123.38189032207804,7.529214417729653],[123.33811090422729,7.548406358121642],[123.35138559479758,7.577840950741877],[123.39261449912581,7.566916148065057],[123.38123931162902,7.605705846927454],[123.45784217624468,7.629776063297762],[123.48188567482958,7.681738008124291],[123.48178307217793,7.730199473511774],[123.44651603196066,7.748263302460571],[123.42479576598556,7.78151033959032]]]]},"properties":{"id":"S1C_IW_GRDH_1SDV_20260403T213133_20260403T213203_007057_00E4A0_DFD8","date":"2026-04-03","instrumentMode":"IW","orbit_pass":"DESCENDING","pass_hour":"6 AM","platform_number":"C","relativeOrbitNumber_start":61,"system:time_start":1775251893000,"TileNumber":"D5","satellite":"Sentinel-1C"}},
{"type":"Feature","geometry":{"type":"MultiPolygon","coordinates":[[[[125.66750511307391,6.949963801889917],[125.69094214448683,6.904445348465577],[125.71186868767111,6.900525767763643],[125.72039004853026,6.934312372352616],[125.70176887963048,6.962823896471765],[125.68016004919038,6.963751392328894],[125.66750511307391,6.949963801889917]]],[[[125.73430694072039,7.17126008597342],[125.71867326598532,7.194478659446564],[125.6926722765456,7.186215926033029],[125.68253227808282,7.138423256348964],[125.6629568290004,7.10992962157627],[125.67283824452491,7.070627084163879],[125.70894802388567,7.072223464113572],[125.7252593703277,7.009470518688242],[125.72363185197284,6.960973361264827],[125.76544925214102,6.894523845588484],[125.77995472651949,6.923713084525914],[125.78449962440386,6.930067447713281],[125.73430694072039,7.17126008597342]]],[[[125.7065713273709,7.289903397797072],[125.7026526283499,7.307815768668722],[125.15119465267823,7.196403571588069],[124.60418395757735,7.085137144891939],[123.96879598244747,6.954968397663298],[123.96885070438256,6.95386106600918],[123.97000119027524,6.930446321091135],[123.956467819392,6.911116118347757],[123.97080378299476,6.864478367000453],[123.9549650562656,6.846521568480239],[123.96170726365422,6.80101645864769],[123.98355237684575,6.769566417739275],[124.00126835145058,6.795794894156253],[124.02105786208604,6.788700400705971],[124.03674498244631,6.757000646446397],[124.01701345394328,6.730990718308657],[124.02188729426365,6.696512993919954],[124.04659065994333,6.638847855583889],[124.04963623427442,6.599768294608725],[124.02261411445465,6.535343201155244],[124.02311795471209,6.505449407752812],[124.03671378938981,6.484549587202916],[124.03336502089776,6.422224771031001],[124.06672795390853,6.393534909598502],[124.1015491149797,6.323910496371449],[124.13446170763073,6.289000173211963],[124.16690171186076,6.2623704175115],[124.17614539756023,6.220990001524441],[124.22606505931695,6.177589550839302],[124.25826862478631,6.157162378477277],[124.26952346948633,6.161090861790953],[124.30240485227249,6.136293790286986],[124.31804738157108,6.120441709468977],[124.35413483566322,6.119567717072516],[124.39183207448843,6.094543258218629],[124.41549654496764,6.093651404818364],[124.45159743283209,6.064939258444678],[124.5304432376436,6.019710588153495],[124.54005262068596,6.017668357660046],[124.56858193087886,6.017909175213002],[124.6005403489312,5.990334035157246],[124.62489148709997,5.991274907392826],[124.66810019026778,5.96026190470315],[124.69130535993139,5.954068161332977],[124.73243610143803,5.931331255524608],[124.79930029590649,5.909066974041846],[124.82962665848868,5.889072310821465],[124.86730162131627,5.881964524345192],[124.92382073729301,5.858991259217682],[124.95735317884308,5.855098412078816],[124.9828413679729,5.861323378819093],[125.0414116634079,5.856289022496266],[125.07242023216767,5.861818279360714],[125.08367053663991,5.87378650785455],[125.07837761492137,5.902079550932405],[125.09858622188916,5.922560218989365],[125.09375700932137,5.936588537451148],[125.13186453540098,6.015041947845017],[125.1415184466966,6.024013627704053],[125.15390585330887,6.093941281888989],[125.17848891539145,6.10912894066902],[125.20812851689405,6.090967052452767],[125.24925038596184,6.09856087670741],[125.27176885034687,6.082004271489541],[125.27591132064707,6.027951028261412],[125.28578826137101,6.0143819949682],[125.28785728577405,5.9830969302471],[125.26374247950987,5.943067566617664],[125.26419725959586,5.930417115892546],[125.21482163785225,5.892224926805656],[125.21665875562746,5.859325665903536],[125.20173860668409,5.82941850318883],[125.17417689632475,5.833092814064998],[125.1714167747549,5.800884695580876],[125.21621738152436,5.766157240773276],[125.22648668631707,5.73417206092784],[125.24035442810457,5.717223020342844],[125.27317787831105,5.711180946919198],[125.3044138941635,5.646073616704006],[125.2924724214154,5.58303527893026],[125.33564100171445,5.562099821281094],[125.35285759158776,5.569229927780759],[125.37420775986307,5.560258232863307],[125.41140553473187,5.57268125576766],[125.42932225852272,5.610873444172565],[125.45894407031578,5.64584174933831],[125.4839953108477,5.697834866627342],[125.53589474380423,5.778803196098364],[125.56392467946208,5.802953712900265],[125.56462025210514,5.816527245792615],[125.6204527243197,5.874945905264428],[125.62780575455896,5.894494594717246],[125.65859142113587,5.922091955256084],[125.6645754920056,5.9490026559844],[125.68733029513135,5.984876119208566],[125.69999860230155,6.043526663689597],[125.69793846659748,6.064689581584146],[125.71173942899179,6.113217973801473],[125.70324931782612,6.124258701867769],[125.70947415961687,6.172787067413968],[125.69983806765806,6.217181899086935],[125.68308076368403,6.250308550638592],[125.66631453225254,6.264113946661925],[125.64588737354039,6.338402591827631],[125.6305435924752,6.372786713488878],[125.6135098871648,6.412000043241651],[125.58226046290287,6.438455908673073],[125.58019146233329,6.455239926054613],[125.59307823627061,6.493637269830174],[125.57261544244109,6.495024054404562],[125.56273857694897,6.528828487720511],[125.51883871422439,6.52239846022145],[125.516319306451,6.549300195809033],[125.47930879959368,6.571609072233647],[125.47723975857069,6.583336534437414],[125.44850971395906,6.605186143905078],[125.44091586565176,6.577133904401074],[125.40345051521402,6.59969694343254],[125.38413816902288,6.601739208165067],[125.38643457418674,6.632087918374493],[125.3717284844809,6.727958577936161],[125.38806220145777,6.75416914482838],[125.38300107151471,6.772099209717582],[125.39035858022888,6.80290268464633],[125.42025691031188,6.836234460837227],[125.41911538005628,6.847038828591731],[125.45015516771208,6.869793655656983],[125.45683488371776,6.893930785237186],[125.48787467923081,6.91920941867657],[125.48327739971295,6.970698630946718],[125.50398988800377,7.003794083581701],[125.53781220530824,7.040791269941083],[125.55690599893933,7.049058393339804],[125.58013795443333,7.041469013528873],[125.61073183360516,7.056170721218244],[125.64524972039723,7.096837689240467],[125.66021892846925,7.127627807006151],[125.66045526287179,7.160491327104308],[125.64942344156545,7.186461197584427],[125.6452854190981,7.222080489816888],[125.65104654772541,7.243448445565242],[125.67521494246431,7.253552783869489],[125.69479481531307,7.291687060978347],[125.7065713273709,7.289903397797072]]]]},"properties":{"id":"S1C_IW_GRDH_1SDV_20260404T095517_20260404T095546_007065_00E4DE_BB19","date":"2026-04-04","instrumentMode":"IW","orbit_pass":"ASCENDING","pass_hour":"6 PM","platform_number":"C","relativeOrbitNumber_start":69,"system:time_start":1775296517000,"TileNumber":"Y9","satellite":"Sentinel-1C"}},
{"type":"Feature","geometry":{"type":"MultiPolygon","coordinates":[[[[124.01467692422682,7.321433692685267],[124.03790438763059,7.329513548219312],[124.06754397022367,7.355064212488036],[124.05740399699052,7.371130358908658],[124.01467692422682,7.321433692685267]]],[[[123.8094422698683,8.493334502836825],[123.80333361746857,8.495844880886235],[123.17060104260895,8.36691689254265],[123.19067672534705,8.242969726815948],[123.21060570183118,8.142544737079856],[123.33451513682041,7.53093116722588],[123.36045651197651,7.404443565959158],[123.36746066958652,7.402830106653735],[123.38385676458755,7.377368631190794],[123.40968391345528,7.358586892126782],[123.42230314115669,7.371941902485449],[123.45313338286668,7.3720133058793],[123.44037587620745,7.413112823279026],[123.44885261601245,7.432888923031816],[123.43730804588228,7.449632829067299],[123.38175209185518,7.488556321650857],[123.38189032207804,7.529214417729653],[123.33811090422729,7.548406358121642],[123.35138559479758,7.577840950741877],[123.39261449912581,7.566916148065057],[123.38123931162902,7.605705846927454],[123.45784217624468,7.629776063297762],[123.48188567482958,7.681738008124291],[123.48178307217793,7.730199473511774],[123.44651603196066,7.748263302460571],[123.42479576598556,7.78151033959032],[123.42908992709359,7.784636186312197],[123.42633861995922,7.812055188112776],[123.44380936187738,7.82265896879097],[123.46317083747955,7.81283106374383],[123.51608254462703,7.835915869854912],[123.54047374813263,7.852173770609045],[123.5731411296986,7.851656510120213],[123.61508788735863,7.828785787121529],[123.69248007878593,7.810802225792113],[123.72268606225457,7.788818805073178],[123.74070084169546,7.762215805473184],[123.73384717210232,7.734413303733927],[123.75778809916389,7.735149077381478],[123.77256108636196,7.712211480213278],[123.79075423245342,7.708340942200391],[123.794669344493,7.708349857387328],[123.83820347299698,7.699935566533894],[123.88999147373706,7.697500906362044],[123.93654453112228,7.68283493621946],[123.96140400810421,7.670755182872055],[123.98631253094642,7.640709786273044],[124.01230462734028,7.646952528819649],[124.04437897046283,7.601068380793369],[124.1006483846723,7.530404981659275],[124.1260384953401,7.477609238634384],[124.14172556161643,7.458796310668936],[124.1389787833499,7.43604594298511],[124.19378111317772,7.419123709933543],[124.22073195889304,7.404689544180856],[124.24442313501879,7.407476515793357],[124.25415741137908,7.35188933895045],[124.21092194475597,7.338275727968307],[124.2135171459327,7.292097270192224],[124.17862907642477,7.227935230653952],[124.15704261950314,7.207913903813564],[124.15041190793998,7.175960011083397],[124.11363323801442,7.1556844191775],[124.06395884765955,7.143658248011306],[124.03502824352147,7.107989876437734],[123.99308142727901,7.021964924413847],[123.99196669175527,6.99644995635919],[123.96885070438256,6.95386106600918],[123.9688926118748,6.953022546107707],[125.60178338469713,7.285575712453442],[125.70564853300607,7.30806757544589],[125.61958976251329,7.752359930373371],[125.53394800370008,8.194377164351947],[125.41415587820306,8.771765051264438],[125.402239397135,8.816539116751672],[125.30333516175594,8.796932258619803],[124.74343881383805,8.685304060413408],[124.74405649161038,8.657759398131835],[124.76312364368931,8.63450073696388],[124.77200166747616,8.592531676848202],[124.74784228486637,8.565286581787175],[124.74144790722302,8.53710057407942],[124.75443287740733,8.524044355869268],[124.75109295943297,8.5004155711396],[124.70688541186341,8.47437444004172],[124.66673125321623,8.490797303061484],[124.65553893151566,8.516927578315627],[124.61454192794503,8.523009848925652],[124.57346466348493,8.522880482147189],[124.57067773833441,8.539695776056467],[124.54467673665995,8.5457958259446],[124.51690098273305,8.574445565119552],[124.48293157228449,8.589838370023307],[124.47849474655752,8.620704245912632],[124.44827539603271,8.622055369642942],[124.4087231694457,8.600005109414145],[124.38323943560272,8.593209476763851],[124.31044902173247,8.531147651561271],[124.30737226163359,8.505900217941296],[124.28672219788747,8.459726237650143],[124.28849246338557,8.415572220339449],[124.28337787167544,8.394030326760726],[124.26497514050912,8.380242804172504],[124.2594592711065,8.343308033221872],[124.24910071931303,8.3259665801625],[124.26516691256694,8.28141571139054],[124.24669725741484,8.26049810683014],[124.23027891395382,8.218649446006902],[124.16216161908882,8.189607303365246],[124.0964523327877,8.189014199806747],[124.02926709769508,8.199912258182218],[123.98428366931383,8.176533218426325],[123.96489100356233,8.173995986683783],[123.9339984116478,8.152516509677362],[123.90666404886301,8.11835529893318],[123.86685764972297,8.102712815112783],[123.84726884902344,8.102467543615782],[123.78820809822957,8.05210201073041],[123.77504926177461,8.028352787077361],[123.7489769310109,8.00000182627933],[123.66871750740809,8.00000188164163],[123.66584590239236,8.027197942724353],[123.70433684306485,8.05138408175473],[123.72661000388844,8.044258439667205],[123.7587735266226,8.057011456566316],[123.80925950477726,8.105887645671299],[123.83545667612718,8.140512580448233],[123.8504571447919,8.14333518971091],[123.87267234481746,8.172042876706632],[123.8679278372398,8.22425453853376],[123.85080045385872,8.28281587418508],[123.85114384681808,8.31406525860679],[123.8655645183151,8.325859586983066],[123.84993540795794,8.353149294777726],[123.85076034016352,8.386695073248363],[123.84289005440294,8.427005360628058],[123.81971607126587,8.46173282673268],[123.8094422698683,8.493334502836825]]]]},"properties":{"id":"S1C_IW_GRDH_1SDV_20260404T095546_20260404T095611_007065_00E4DE_59CF","date":"2026-04-04","instrumentMode":"IW","orbit_pass":"ASCENDING","pass_hour":"6 PM","platform_number":"C","relativeOrbitNumber_start":69,"system:time_start":1775296546000,"TileNumber":"Y8","satellite":"Sentinel-1C"}},
{"type":"Feature","geometry":{"type":"MultiPolygon","coordinates":[[[[123.76203314651157,9.888324112189444],[123.77731891480782,9.864231602442484],[123.79197597032157,9.890303949541195],[123.76203314651157,9.888324112189444]]],[[[125.12996494361998,10.165269995987936],[125.12153720819036,10.161515454390976],[125.11799673992975,10.112541083078288],[125.137496413138,10.067129614650634],[125.15656351630585,10.057404341154456],[125.1368848778883,10.162773726712945],[125.12996494361998,10.165269995987936]]],[[[125.12996494361998,10.165269995987936],[125.13584858398836,10.167703569667255],[125.10260131289502,10.324142898308095],[125.04686067042509,10.305361536186679],[125.06101830311519,10.289264230947907],[125.06643613460474,10.263633275806862],[125.0861988400276,10.218676612093518],[125.12009253125144,10.18101953273956],[125.12996494361998,10.165269995987936]]],[[[123.72187892649836,9.591236516873867],[123.75601338274441,9.576151351471495],[123.75594202508722,9.547162774282443],[123.80650375552979,9.552607350875252],[123.83721803587808,9.587245636256814],[123.87214622057665,9.603427729001753],[123.87055429119854,9.627604940492775],[123.84570374609484,9.644210654808473],[123.77335925997863,9.618303296095316],[123.72187892649836,9.591236516873867]]],[[[124.78350613459689,9.081458691410079],[124.80258222053567,9.105796510146499],[124.80066030150016,9.132965766053733],[124.78426422306816,9.200133265730932],[124.74553693367652,9.24461720149455],[124.71681140767949,9.258592061056046],[124.67884214684062,9.257512962899407],[124.64639330947814,9.236109232815398],[124.63597683334149,9.2194634602054],[124.63292681150746,9.183161877071589],[124.64543014753892,9.149406489193561],[124.69486374221987,9.110081668359829],[124.74701735026305,9.102220312132074],[124.75927538042872,9.085485316676783],[124.78350613459689,9.081458691410079]]],[[[124.52542682383933,10.10242788875001],[124.52631413786104,10.081010808910518],[124.5416802251706,10.050425845249839],[124.56791759181743,10.068948920874535],[124.5562971347403,10.084751964163923],[124.6087406605846,10.100613022349423],[124.59809230076932,10.120090384748842],[124.54878358894136,10.130422067327515],[124.52542682383933,10.10242788875001]]],[[[124.9835280633025,10.295498013100735],[124.98553637129883,10.302185562221224],[124.77480246289205,10.260923261040336],[124.77071302390775,10.244744520499575],[124.7710028186725,10.215278804024525],[124.75576164221162,10.172221714983452],[124.78266788911506,10.137547773444972],[124.80879822812157,10.130038594202734],[124.86100979302212,10.128134617216336],[124.88746568293658,10.1275192565871],[124.90688951684947,10.090410573341737],[124.92751283543177,10.087342710209864],[124.95345143016091,10.068315780894482],[124.98223050965267,10.036816678245248],[125.02440465593044,10.032500217313986],[125.03196729850791,10.041592316499303],[125.02600099214439,10.092087203242775],[125.01571835884323,10.10374775409572],[125.00797286172246,10.159794228166595],[124.98168203667596,10.202998417587855],[124.98863820606009,10.248927149983295],[124.9835280633025,10.295498013100735]]],[[[123.45519347107316,9.191330992408401],[123.50218352419606,9.144421200774822],[123.53006174678217,9.132649208771793],[123.56259987019577,9.100820145361737],[123.5967476251345,9.093351153076876],[123.62732817274286,9.098791262863271],[123.64911535830117,9.126170149626795],[123.66890925182156,9.116997733290004],[123.68934088599205,9.123918298991281],[123.70461330384934,9.146989697509596],[123.70082748590332,9.161749274541084],[123.67677956560377,9.163376871555927],[123.65979929580999,9.200119878258366],[123.68744576800033,9.212257531961788],[123.66593951617145,9.235248685859373],[123.64904844277956,9.282113788156433],[123.63049410864178,9.30116753403262],[123.60642836581742,9.301640231579446],[123.59678776256906,9.28609579449147],[123.5955526319603,9.254592255261667],[123.56012058438424,9.227574570495094],[123.53790091248284,9.227561132283975],[123.50676740607138,9.214754606644796],[123.47447021166538,9.224265911475019],[123.45519347107316,9.191330992408401]]],[[[123.37358751198212,9.973394861817136],[123.36689884738797,9.951135000824367],[123.37580809013107,9.936094519793151],[123.39894195760886,9.92897777143857],[123.40426610691084,9.902232071730676],[123.3895510473356,9.865324117868013],[123.37003355598102,9.860900691599658],[123.37194203244012,9.815319706571575],[123.34549066688618,9.787263052851186],[123.34922738520329,9.764218436867624],[123.34137935621678,9.71665767474744],[123.32610248304178,9.666180631638202],[123.32816263864889,9.635560009649605],[123.30185836182797,9.517313514787666],[123.299593165964,9.469021508624936],[123.30449818238274,9.420898863663666],[123.32872888257705,9.411481263792497],[123.34868788948138,9.41613207444004],[123.37396200594911,9.446957871933321],[123.40383354202089,9.49728771852763],[123.44439802037651,9.52566546105207],[123.46002266323586,9.561868915642044],[123.47122843233593,9.571192871326309],[123.47738644493737,9.611627972895745],[123.5019917834686,9.664080395481655],[123.51544928426527,9.739185058585072],[123.53856085501934,9.755527606457472],[123.5392386521622,9.80245971163173],[123.5616054640481,9.814900604007818],[123.57170981921307,9.850925652931405],[123.60904135100593,9.874023818302597],[123.62619110754676,9.942885661258044],[123.62677078286086,9.97785841563479],[123.61814238721021,9.997273325421613],[123.62494697057033,10.028964156688406],[123.62620149411974,10.033427815504064],[123.40554392183422,9.989217760239255],[123.40361952650564,9.984163596145535],[123.38938604009537,9.985198125588985],[123.37358751198212,9.973394861817136]]],[[[124.74320032274746,8.695938226770675],[124.74348247710473,8.683357077720077],[124.82973860520566,8.700612642721234],[125.39899747446883,8.813989818756694],[125.40106239436834,8.83749549954335],[125.37214247824636,8.983183134712682],[125.35518073854863,8.992660191804834],[125.33244383583848,8.98718436609417],[125.32137189816255,8.98976174334148],[125.31356843752967,8.993110516034704],[125.29888908396634,8.992455038426574],[125.28008056130528,8.995487254200166],[125.27625468079128,9.00176117190902],[125.24159852664337,9.033135417577705],[125.22030637447178,9.091201858793761],[125.20626907173283,9.095562834515526],[125.1850883832636,9.072210545518347],[125.1808477557904,9.022826000805265],[125.1751936409289,9.015557677281251],[125.18562344776306,8.942490850076158],[125.18598018347562,8.935423167787446],[125.18579732830514,8.894881039433086],[125.16737235725124,8.85378145051773],[125.13458458961391,8.840952650797464],[125.12198764680332,8.83443342494891],[125.08400948455085,8.827940978536935],[125.06038071028702,8.86969599934346],[125.03085250861211,8.90395081329243],[125.02876120829671,8.918928908453985],[124.98626150434586,8.935895811486663],[124.9772050758383,8.948911954617948],[124.93151707537659,8.970752628256527],[124.88204781203117,9.002760017050987],[124.87634908314968,9.008592572936706],[124.8196873283221,9.007803253197121],[124.77445861749084,8.964295810074319],[124.791688584753,8.874823954495731],[124.78611917282203,8.856969737565382],[124.7882773871138,8.814166795237517],[124.76592393526664,8.768041900454607],[124.78177603277518,8.728957854236766],[124.76035900486416,8.717538109327558],[124.74320032274746,8.695938226770675]]],[[[123.18258637707235,9.940103242866918],[123.18608607260022,9.945092122675382],[122.85799218303372,9.878834599239909],[122.85894550249641,9.843984268699897],[123.02344177505532,9.040749209973608],[123.03161459513848,9.045536207686755],[123.05661224865268,9.047636430663662],[123.07013669559026,9.062935627625754],[123.1098494758368,9.055020738818161],[123.13011160477203,9.04427425409633],[123.15209944095332,9.075367610639084],[123.18137344904748,9.091219673210727],[123.20614826609959,9.094456963073897],[123.21351465099987,9.119691059802411],[123.24733696350094,9.153205634123271],[123.27214739683079,9.188887366875777],[123.29662339457417,9.233732546150376],[123.31633704333595,9.318201328452433],[123.29704256215442,9.360928446502491],[123.26206981311567,9.387000766352982],[123.26205198804436,9.387134579259087],[123.26286353966371,9.397577763414308],[123.23835186854467,9.42953615211979],[123.23285828346958,9.4650127494601],[123.20420848711129,9.472619998356869],[123.18669317020287,9.48243001170906],[123.17273619894512,9.532470009885762],[123.12789099405558,9.543889801660757],[123.1290815847069,9.576552704370863],[123.1529778809176,9.581413100512787],[123.14943739129966,9.600306361676187],[123.12352110947096,9.604435424865294],[123.10867229998999,9.631243592189932],[123.11579350563825,9.652352958380387],[123.15052090603407,9.647920640162795],[123.15316962841487,9.688164024704614],[123.16354153764473,9.709705907986983],[123.1484697765454,9.766434595167352],[123.15387861904175,9.776512193452547],[123.13625185558726,9.830962224073147],[123.14214229526412,9.843800023124572],[123.15196122685957,9.853378174856692],[123.15258108680942,9.900087243446235],[123.18314369110819,9.920768582328009],[123.18258637707235,9.940103242866918]]],[[[123.13101238079186,8.525801241939039],[123.1433415510036,8.463476626275689],[123.17099690609444,8.365205896848357],[123.80647914868206,8.494552226739158],[123.79795122683468,8.498056692317666],[123.77615954735894,8.555757463288241],[123.73027095574035,8.6049770131773],[123.6948077024058,8.636382454002888],[123.65783735490152,8.634692437557899],[123.61920364800521,8.649108730658654],[123.59649791866934,8.641751248530221],[123.5831295471194,8.61981688755835],[123.57720789466774,8.581254625308926],[123.5621048896081,8.593820350010661],[123.56620723866365,8.613088138238936],[123.5407190735022,8.627593535215372],[123.5060718539769,8.626090836960014],[123.49041148417886,8.654749515424662],[123.51126225799395,8.686275362405407],[123.49799189672314,8.698586902623228],[123.4770564759653,8.683385834024737],[123.4602723863732,8.69044462159159],[123.4318991560663,8.719910359781712],[123.391312362172,8.726955738777914],[123.38442310969725,8.705409354492755],[123.424608489851,8.654687092449398],[123.41282758147734,8.62973841917782],[123.38197505753449,8.637381304156268],[123.35492611158674,8.634411567114393],[123.32926403656363,8.551659549749553],[123.29599022792938,8.520695565815721],[123.26593143497367,8.514760442595136],[123.24593233098237,8.524129075207172],[123.18948456597491,8.534041636302065],[123.13101238079186,8.525801241939039]]],[[[124.14534190388042,10.135077420888114],[124.13739132917102,10.11031599192815],[124.09707663118017,10.078116845640249],[124.06186755997255,10.063339380060281],[124.05177216321665,9.992346031260901],[124.02058962954129,9.964400864227592],[123.97857604809018,9.962808915967072],[123.93441756513364,9.934310810853907],[123.86971148392868,9.914779964885737],[123.86411085214571,9.890674100225686],[123.84076748540683,9.876204294508543],[123.80407802864721,9.829196442454654],[123.78745897129058,9.791869301246514],[123.78497965046257,9.754158738955104],[123.79499036255872,9.735876405225861],[123.84422327881143,9.743166991499457],[123.86451669903526,9.712800564024077],[123.84623879351123,9.67296741625533],[123.85887146933389,9.640389187240926],[123.87982032123541,9.627734235257432],[123.92239579729333,9.6210500633138],[123.98821208700913,9.601438965078376],[124.0361875855646,9.602959504870437],[124.04490070762009,9.59434450168592],[124.09606883307146,9.59167795282749],[124.11261662221978,9.599762347727841],[124.16551046853812,9.605340660415198],[124.18530438219348,9.612925584895153],[124.21469880160151,9.610959138517995],[124.24491810795931,9.599771256177243],[124.27741157955312,9.604203620215868],[124.3138290221353,9.625834706406069],[124.35492859485672,9.633138699295673],[124.37468686096229,9.65612532941713],[124.40117836899864,9.661766161042344],[124.40187850767673,9.697880407550679],[124.41345432867688,9.714989950478891],[124.44204604892944,9.721058762693813],[124.48613762526227,9.760058078980263],[124.50169542534525,9.76169461160311],[124.52086509151808,9.722320706877332],[124.54091772776664,9.730570080338351],[124.57968070552381,9.733727086122792],[124.59619715930374,9.755594507056152],[124.60421022289621,9.799436407137149],[124.56713276455058,9.818574875411604],[124.52471329748433,9.854813963021657],[124.5657504070953,9.871290354740431],[124.57814673713386,9.913696446981955],[124.55423706462258,9.929668882845712],[124.55412999947526,9.956593004863214],[124.56841253039059,9.966759705414802],[124.57505658491095,9.994745033467584],[124.57124405224977,10.021722595662272],[124.53439405487008,10.043161944285332],[124.51159465289335,10.07430428444045],[124.49164016046912,10.057306228287734],[124.46459130958756,10.065716119216958],[124.44465465115412,10.08576863925687],[124.38976306646713,10.112255701759892],[124.39502925241682,10.126226108641148],[124.37587747516451,10.153399872315607],[124.36402066250731,10.133530099458202],[124.34436056442496,10.139300187844414],[124.31913538677185,10.164708151368743],[124.3019812139598,10.166531921476505],[124.28893388004944,10.162554360967684],[124.2612517815839,10.15829594475679],[124.2562843486048,10.158732972951231],[124.145903808559,10.136085174881808],[124.14534190388042,10.135077420888114]]]]},"properties":{"id":"S1C_IW_GRDH_1SDV_20260404T095611_20260404T095636_007065_00E4DE_CA16","date":"2026-04-04","instrumentMode":"IW","orbit_pass":"ASCENDING","pass_hour":"6 PM","platform_number":"C","relativeOrbitNumber_start":69,"system:time_start":1775296571000,"TileNumber":"Y7","satellite":"Sentinel-1C"}},
{"type":"Feature","geometry":{"type":"MultiPolygon","coordinates":[[[[124.74582681335806,11.817286641732641],[124.74016369611786,11.820845020981356],[124.74054272167788,11.820251924217917],[124.74582681335806,11.817286641732641]]],[[[123.87753274293318,11.301796717533481],[123.89727771187877,11.295594117028317],[123.90249482606431,11.347110102024137],[123.88662039774157,11.344523829869976],[123.87753274293318,11.301796717533481]]],[[[122.6790468419301,10.748096752986113],[122.67218616542584,10.751591721562532],[122.70940436413655,10.586164562492229],[122.72776248648687,10.620013567189064],[122.71824679845778,10.659668339136209],[122.72151977685,10.695787032379837],[122.7089228234686,10.724646342661076],[122.6790468419301,10.748096752986113]]],[[[124.14534190388042,10.135077420888114],[124.2612517815839,10.15829594475679],[124.2562843486048,10.158732972951231],[124.20762661913297,10.159874438181026],[124.19984995181007,10.15053264481504],[124.14853467120987,10.15046127074778],[124.145903808559,10.136085174881808],[124.14534190388042,10.135077420888114]]],[[[123.24495581317271,11.462489347819158],[123.25047168601934,11.425376264600336],[123.27321755548132,11.439449156824253],[123.27430561086284,11.457401546669251],[123.24495581317271,11.462489347819158]]],[[[123.10701796436962,11.134428871950817],[123.11998058925927,11.095647998904822],[123.13741119723616,11.117832035817422],[123.13651494179037,11.150303225913694],[123.10701796436962,11.134428871950817]]],[[[124.49542149467389,10.753777708539033],[124.50792037690869,10.731285986743734],[124.53719878843317,10.746090156833507],[124.56717737544035,10.795184909766649],[124.54572459559331,10.809284590937128],[124.49542149467389,10.753777708539033]]],[[[124.74756581798786,11.741740596100191],[124.74977305957509,11.71523122726261],[124.76965178341979,11.700444790390454],[124.78199010611237,11.73135533905413],[124.74756581798786,11.741740596100191]]],[[[123.18121297639568,11.483295547377427],[123.20973335174178,11.462105875480972],[123.23526167394563,11.473628177210117],[123.23766517662268,11.50836908314623],[123.20030231640538,11.505929913230403],[123.18121297639568,11.483295547377427]]],[[[124.38799287017396,10.649510494273665],[124.40933412001036,10.627366607266477],[124.45400982000587,10.629092315251663],[124.4962374912566,10.63866601256421],[124.51991085431324,10.669661228488353],[124.48867041737236,10.700460233030578],[124.46071627273598,10.715331345705216],[124.42888721472573,10.71919732297313],[124.39916291043258,10.68689117123643],[124.38799287017396,10.649510494273665]]],[[[124.27407173649614,10.597771581151617],[124.29534163431055,10.587836688854237],[124.38371213200648,10.624245274086794],[124.37890520924881,10.686458640012486],[124.34895337524577,10.708709573825066],[124.31048028959077,10.701829156745092],[124.3128569536367,10.66864897318659],[124.3056020320162,10.646411421660009],[124.27468259658819,10.609271576802223],[124.27407173649614,10.597771581151617]]],[[[124.19406204219432,10.190187433727127],[124.21246475521788,10.174772318538084],[124.24105203957885,10.17810770853305],[124.22944503037573,10.197580611297152],[124.19406204219432,10.190187433727127]]],[[[123.14835377881872,11.25979201342084],[123.16282807021895,11.263122944940694],[123.18541785629564,11.288718219234005],[123.15718285621901,11.312668036231981],[123.14835377881872,11.25979201342084]]],[[[124.86759142575481,11.467184786627454],[124.87748363675131,11.47240398987588],[124.86018485337132,11.550873196856642],[124.82269275186577,11.518843519148662],[124.84517557049719,11.466587245710791],[124.86759142575481,11.467184786627454]]],[[[123.68786049096775,11.222081371344467],[123.7081003417202,11.195393631854534],[123.72020680969494,11.148992246378498],[123.75076499646269,11.151667735783716],[123.78076138901427,11.146053677744783],[123.80760071406023,11.14991528183705],[123.80732864842203,11.16810398962832],[123.76998819992691,11.207870230985115],[123.75189313456201,11.282426414414592],[123.72453211177738,11.296985350095774],[123.68786049096775,11.222081371344467]]],[[[123.92591848434888,10.279851009607004],[123.9450524979627,10.245114657774785],[123.97605218830337,10.255120844193168],[124.01409720327013,10.29289392583301],[124.02475892281235,10.310721370564735],[123.9806227260722,10.331482989101644],[123.93853777781301,10.307787319431704],[123.92591848434888,10.279851009607004]]],[[[124.5494746934734,11.650743665563908],[124.53537061677596,11.677868362490418],[124.47913236216662,11.697720343889221],[124.46711507990084,11.708471224751293],[124.41316892753797,11.707557125450366],[124.3733223894518,11.695633440233996],[124.33892042370904,11.67073832880342],[124.36134523182218,11.65318730560059],[124.37763436607541,11.611998595013079],[124.39512736871717,11.592895791597845],[124.39214421205239,11.560237314479503],[124.41888997784754,11.535030026104275],[124.44716063365635,11.483781574129834],[124.4786240630566,11.463109160977057],[124.52361193138405,11.477944595373618],[124.56434580607069,11.470952752595437],[124.58468825951728,11.47459134748893],[124.60730922148274,11.490635242122128],[124.61921503728318,11.52592897101835],[124.61279391224171,11.550882150282302],[124.58339513217398,11.569012833591074],[124.5764924404941,11.59327924991318],[124.5494746934734,11.650743665563908]]],[[[124.84884539770641,11.606754620602171],[124.81823807257871,11.605354540319144],[124.79324489120175,11.61906624424868],[124.80197132981922,11.642654913515058],[124.76579462431555,11.6917495575026],[124.72712082721554,11.715320361964501],[124.72798145703426,11.676856202053933],[124.75299255105945,11.645651429882056],[124.79194721268523,11.610562743444717],[124.76648576970013,11.609314175948285],[124.77229154218087,11.573770661332809],[124.79266519816184,11.562890462416325],[124.80151202139126,11.544576934828148],[124.8410018513873,11.54838505673196],[124.84166619695047,11.594884552914378],[124.85022768980745,11.60056095795704],[124.84884539770641,11.606754620602171]]],[[[122.87490837021271,11.455836370714408],[122.54240156067013,11.389939359296163],[122.54240872470584,11.385442661808211],[122.66577653060715,10.783319205952276],[122.6786900619045,10.7994344365791],[122.71743967456649,10.781910150410535],[122.73235539979814,10.785258898293803],[122.78260053886163,10.851668307492886],[122.78755900329534,10.895371958148791],[122.778489211891,10.931579877957622],[122.75975212022999,10.949202224401029],[122.78189149043135,10.985882797828918],[122.81295804312116,10.999474116809585],[122.83881193259461,11.000669186888626],[122.87513128248344,11.030794877653706],[122.90696042342803,11.019736289598768],[122.91937453137857,11.061081085703947],[122.94100114134723,11.05677807045459],[122.97831935686416,11.062017504366285],[123.01165111669305,11.095367140135128],[123.01924948737867,11.144573313873174],[123.02921112172521,11.167747244760863],[123.054159742805,11.168928942358217],[123.09484906735435,11.15686255522442],[123.11398308421704,11.159698560528538],[123.12767250872369,11.181681927838662],[123.11625722015775,11.211477640824791],[123.09214237502322,11.226411142543133],[123.09677091979557,11.28116450330033],[123.10887743773273,11.308463115147546],[123.09810421084178,11.331574628360002],[123.13271127838964,11.343030073117008],[123.15064136255208,11.396757781095815],[123.12911282099833,11.41650264141073],[123.15644266184913,11.449892420780504],[123.16713556056169,11.474207881900549],[123.13258196137474,11.498670547252694],[123.10178294314733,11.498692824846556],[122.91500126427167,11.46436135899564],[122.9172118974971,11.461361223030524],[122.89485839635817,11.458489541596439],[122.89505012657911,11.459091547673713],[122.87490837021271,11.455836370714408]]],[[[122.81968683277664,10.06215328199141],[122.81422665116156,10.059707259768977],[122.84839231577989,9.89610750339297],[122.85624883881964,9.876551899638024],[123.18449842425133,9.942828924374314],[123.1861179516553,9.945137565982751],[123.20472580528693,9.979726807012451],[123.2059475330864,9.985470117394316],[123.23053061487295,10.011720865328682],[123.28424047182278,10.131608213750749],[123.28864156025031,10.184274687661587],[123.33014687573825,10.25755111719407],[123.33341097278169,10.28375720738786],[123.32742237162319,10.34181473884375],[123.35917117004229,10.437047765867476],[123.40016372178772,10.47234595120318],[123.41977485957297,10.482289777667212],[123.43624672000901,10.503773753456114],[123.46410273258674,10.523536450449454],[123.45726694221554,10.539254811291354],[123.48618419929765,10.597214204822789],[123.50163950268669,10.658531303599961],[123.50256247386127,10.682458827265823],[123.51763871128452,10.726050978397495],[123.54488386839671,10.752261591667065],[123.56188191683856,10.778338436388239],[123.56701878581109,10.803608103743018],[123.56047734719266,10.825774305322229],[123.54337223841415,10.836761536846769],[123.52182135461197,10.871502372555433],[123.51863759498518,10.904223290394594],[123.49939653519456,10.937786968541051],[123.49775116298326,10.935731328304882],[123.49666759716258,10.92892673553703],[123.4613559377741,10.929399348897963],[123.3910403789252,10.959297676003198],[123.35027528773557,10.951842056473449],[123.31815194016912,10.953282315231903],[123.25885036372655,10.988567160313293],[123.2272263667892,10.99436847484933],[123.18932402085133,11.00206039163645],[123.16001884368085,10.97859665387002],[123.1289924239194,10.971256939434818],[123.07079218891907,10.914180429147159],[123.03894981141258,10.920650586607206],[122.99723931123029,10.91683364323287],[122.98618521821838,10.900575722147842],[122.9528445141993,10.894159125207462],[122.96038040543284,10.876144342707736],[122.94480923795439,10.848176853685855],[122.94795289549589,10.832039366739654],[122.96568228435763,10.805431885936667],[122.9617449269089,10.74814135996428],[122.94740440030981,10.725921700738553],[122.95041876545889,10.694364595086876],[122.93438827764157,10.667320155524228],[122.9198070869569,10.612415224293988],[122.8992684429474,10.60267212600745],[122.88509291802693,10.5712443710103],[122.84818053168378,10.547343624427674],[122.82170238690202,10.550759292116776],[122.79572367122636,10.526314474155056],[122.81211086536261,10.509164733663516],[122.8272004318941,10.440236019459556],[122.86174061521515,10.394414250542518],[122.86802795883541,10.36375349990314],[122.85090055952968,10.307029270081346],[122.84246838953457,10.297192498019974],[122.8477480122752,10.189906491215819],[122.86551747377716,10.143286578374823],[122.86354211567276,10.091980184116965],[122.84668675703986,10.072774832507694],[122.81968683277664,10.06215328199141]]],[[[123.40693709848267,9.992876645417285],[123.40473895175818,9.98710363563679],[123.62561731322015,10.031349285940248],[123.63049410864178,10.048700190248644],[123.65177743081091,10.089220013809449],[123.68405241036513,10.090267929390736],[123.68978230400502,10.128874821246026],[123.723907839662,10.173626341413287],[123.76040556731799,10.201553717746073],[123.76994361874092,10.2244690275472],[123.79959212453431,10.238653417664311],[123.83763277424077,10.234559922027776],[123.86424914343881,10.247620689829777],[123.86895790655878,10.274727564721116],[123.90376122340483,10.292296357270365],[123.91208634359826,10.31015511018956],[123.93898813700167,10.327349399386172],[123.9554287759495,10.322560292894568],[123.97367097867424,10.354117400662012],[124.00420244212545,10.36182718924132],[124.02028639923053,10.387190543855723],[124.00036764799081,10.413887171848456],[124.03572827029144,10.498418330888224],[124.03790438763059,10.545354803403878],[124.02530737904178,10.583939439558376],[124.03775717858288,10.594614552691075],[124.03217436332145,10.634041908182809],[124.01460109057591,10.706065268189498],[124.01822632765065,10.718457162653916],[124.00541531604445,10.757737372244147],[124.02705983268822,10.778209066314972],[124.03547863775862,10.802511167098483],[124.03180878208408,10.826728569073339],[124.05529037940588,10.885392503533506],[124.03563018527163,10.916927244493584],[124.03128705491334,10.94483230703155],[124.0472015336542,10.971123160717424],[124.04110595555932,11.009872775982009],[124.04300556107414,11.052671226120271],[124.00109889097574,11.054535129728183],[123.99413381901734,11.097667977936236],[124.02497738763886,11.1265496082194],[124.03665131824995,11.148751444879837],[124.0463810854634,11.224841585670292],[124.06404806534717,11.240756074829024],[124.0633480015388,11.281052981926779],[123.9996096149268,11.273267411413276],[123.99002699062657,11.229635090584782],[123.95378783916723,11.198729061968958],[123.94449062805738,11.179724353472395],[123.94689854479144,11.145161862952538],[123.96436481115379,11.12332570939566],[123.9509429914271,11.08894602991998],[123.90419821922514,11.033983151233217],[123.90592388132464,11.021069576920574],[123.93541634419178,10.99288808005999],[123.9237959528488,10.952033751453886],[123.896158407039,10.916887134610127],[123.87167348104185,10.847632845923727],[123.87317624284123,10.836565318528859],[123.87477706723328,10.833787297087811],[123.85157632254572,10.797436762179975],[123.83345012644655,10.75642639488209],[123.83464958090215,10.737765060808565],[123.80261990350613,10.723379982420605],[123.7918466898071,10.694948752812202],[123.74210988528951,10.632169056517496],[123.74780416586731,10.61921986764229],[123.73300883679269,10.583694224056467],[123.71215812468785,10.569179784571508],[123.70565669924689,10.524361398146755],[123.71565400761328,10.501240925911201],[123.68036473666594,10.460400034171707],[123.66882451568712,10.421159920996015],[123.64795593773621,10.403880938097982],[123.63633550832623,10.381210836383943],[123.58808804484727,10.34118597266598],[123.58048082596667,10.323536866429638],[123.58370923057959,10.27379113924844],[123.57724795497867,10.254291468982602],[123.55686993152263,10.236080523658506],[123.52319478865613,10.187387110926316],[123.51727306953609,10.150162541116023],[123.4811989189796,10.117365849196712],[123.46285869291918,10.09176615103919],[123.41042414787017,10.043242217437626],[123.40693709848267,9.992876645417285]]],[[[125.0404663083723,10.313057982260105],[125.10283665897579,10.323168574032294],[125.08484534305062,10.449271372325068],[125.02749477236394,10.73174975460335],[125.01657002588051,10.748029864519024],[125.00414246501674,10.818893957283723],[125.00786926467865,10.830719390252336],[124.90332326813473,11.34719928702301],[124.87816398276884,11.440323150461868],[124.86586580343821,11.428756285835087],[124.81577226794025,11.432011405292055],[124.80927974049303,11.38651524167219],[124.78951259039496,11.374132298538218],[124.75303715061595,11.335275660856313],[124.72424918780938,11.32693265992613],[124.70131598917817,11.304686258464843],[124.67826244232448,11.306389649882798],[124.6389688354488,11.297489274360263],[124.61646825119725,11.308092974755217],[124.58548644436254,11.308347157279467],[124.55122271226513,11.34426520625579],[124.55033979179596,11.365459346143359],[124.52723719863147,11.435297758095217],[124.4900660856773,11.446842360051962],[124.46478298874531,11.439342151736618],[124.48209320945189,11.407111795665147],[124.4624865333028,11.388718005775804],[124.45281924349787,11.416703302925365],[124.40817468154941,11.481748260031692],[124.31495724209651,11.565588262936283],[124.28988815642084,11.539194833641206],[124.28936639506534,11.497065251139373],[124.33659274170155,11.374448874864996],[124.34195704303117,11.318661063207191],[124.37805349486177,11.278600519777312],[124.38974080059944,11.24414947572613],[124.38745771514448,11.174877358007848],[124.40518265399092,11.121234350797044],[124.38931275301998,11.10071806309659],[124.37510600369482,11.064982839909845],[124.38433189133418,11.039079872777446],[124.40289962853878,11.033777997230814],[124.40142808660981,10.973709432782549],[124.38153159455429,10.928610112692436],[124.40724723832815,10.919303945028124],[124.42635447863252,10.937934084151689],[124.45298869838136,10.891082343975276],[124.48825122206803,10.863685569497134],[124.51407835217853,10.86311483744148],[124.53539284581481,10.890458059737943],[124.55251133084091,10.93466112740753],[124.55397840108634,10.956974446213955],[124.53936144164379,10.978578801213391],[124.58542841169675,11.010425667331281],[124.61324434631702,10.999456285799138],[124.62570754072296,10.974654820031006],[124.65377756122817,10.949862217176367],[124.68639583921322,10.933301092169089],[124.70525339280096,10.900343908038941],[124.70868694892727,10.879345953168661],[124.73811254440956,10.852462017708302],[124.76714125260933,10.814524020484297],[124.791528132232,10.762838581701509],[124.79776187941177,10.69345943301808],[124.80787513226362,10.684795412267043],[124.80143618597083,10.654531491822878],[124.79575979841148,10.650897331053693],[124.77133281937301,10.617636847247454],[124.76666860744994,10.567748433260409],[124.7703161771338,10.545595631696848],[124.75404489208303,10.512910425653077],[124.72506523228463,10.485464622744754],[124.73314067026419,10.447597942853829],[124.72712082721554,10.39934600156062],[124.74073893736872,10.376136382193014],[124.77023146342809,10.358456061134795],[124.79170198387325,10.332597778356932],[124.7967363654211,10.310890838197512],[124.77488671586086,10.261256566820268],[124.98492166231767,10.30013864841665],[124.98573088234126,10.302833256980962],[124.97366457465304,10.33546942052537],[124.97786053663509,10.383052502077332],[125.00877551825403,10.383047984805629],[125.02232227198188,10.37271626640272],[125.03917761378155,10.335170682700891],[125.0404663083723,10.313057982260105]]]]},"properties":{"id":"S1C_IW_GRDH_1SDV_20260404T095636_20260404T095701_007065_00E4DE_D8C0","date":"2026-04-04","instrumentMode":"IW","orbit_pass":"ASCENDING","pass_hour":"6 PM","platform_number":"C","relativeOrbitNumber_start":69,"system:time_start":1775296596000,"TileNumber":"Y6","satellite":"Sentinel-1C"}},
{"type":"Feature","geometry":{"type":"MultiPolygon","coordinates":[[[[124.74403423166511,11.822147110760723],[124.74016369611786,11.820845020981356],[124.74054272167788,11.820251924217917],[124.74403423166511,11.822147110760723]]],[[[124.08014541035486,12.365974547001569],[124.06978695772851,12.364659175522819],[124.08123791381101,12.359058494431183],[124.08014541035486,12.365974547001569]]],[[[124.13639696993087,12.450960573735149],[124.15138845627261,12.412331420290906],[124.171949371689,12.389295710911883],[124.19111457711158,12.38722663237702],[124.19651010075343,12.407190022459666],[124.1694567669504,12.455169962571198],[124.14958254661414,12.47658704604087],[124.13639696993087,12.450960573735149]]],[[[124.47575241386684,12.58119306150416],[124.49918499372062,12.546354124657018],[124.51988862134156,12.553216706723648],[124.50195407435524,12.578780703463824],[124.47575241386684,12.58119306150416]]],[[[124.29329046398848,11.794027963853706],[124.31746766026207,11.765868732828565],[124.3405925762905,11.766501945465151],[124.35320293027239,11.784070817839156],[124.35001466081242,11.809206801054208],[124.31461382074099,11.818401447099545],[124.29329046398848,11.794027963853706]]],[[[124.4185555068556,12.56098443935205],[124.44380737790405,12.538787060885836],[124.45044701008969,12.563102537660932],[124.4185555068556,12.56098443935205]]],[[[124.24220254944974,12.447848142049525],[124.25273046549385,12.390851893384294],[124.26553256699056,12.365827426208375],[124.28513921887371,12.380323979516762],[124.27546740071622,12.431322682287377],[124.25523203609302,12.460578856495479],[124.24220254944974,12.447848142049525]]],[[[124.35561529415837,12.694851123213397],[124.36567506671783,12.657198501495234],[124.39481524167915,12.64508756452696],[124.3938074879547,12.67640831828394],[124.35561529415837,12.694851123213397]]],[[[124.39733914706461,11.984284430131593],[124.40366213901919,11.966934112320958],[124.43182580492004,11.957824110780674],[124.43908520748917,11.977528903136799],[124.41262046724427,11.991686524332644],[124.39733914706461,11.984284430131593]]],[[[124.41239304142911,11.901202487292636],[124.45070564078041,11.882286990962994],[124.46835917490654,11.892422521960473],[124.45555264717045,11.931729510422478],[124.4234069894066,11.921553851407694],[124.41239304142911,11.901202487292636]]],[[[122.28988771443888,12.620259279844184],[122.3159065409737,12.4897815498276],[122.32797289621985,12.508866453058415],[122.32346474843513,12.542960787021599],[122.28988771443888,12.620259279844184]]],[[[124.35540576165906,12.623255791872953],[124.35746134386876,12.60066596773664],[124.40144146129586,12.595043036959485],[124.37925744185323,12.61996052270571],[124.35540576165906,12.623255791872953]]],[[[124.09643899738737,13.260537125289673],[124.09405036109229,13.263436796156387],[123.95066649882895,13.235641981558306],[123.96778943084952,13.230955496657291],[123.99694747881917,13.222130896852857],[124.04363430638476,13.218376321513361],[124.08473825386676,13.259792498170121],[124.09643899738737,13.260537125289673]]],[[[124.27587319379462,11.915814940226644],[124.28315935370419,11.90029724956071],[124.31125613569743,11.905246856597593],[124.34018682381934,11.938957690276283],[124.33183494215831,11.960709191867902],[124.30489299815768,11.956209961239395],[124.27587319379462,11.915814940226644]]],[[[124.14774536104382,12.046992774157573],[124.176613590736,12.036290918276803],[124.22696580933396,12.063540525025035],[124.22277868691147,12.08477471842952],[124.16726734252235,12.076690404616393],[124.14774536104382,12.046992774157573]]],[[[124.06273706634158,13.205730319064525],[124.10875055847585,13.184710126310954],[124.14305884893986,13.187300849274694],[124.18628097666678,13.16998168186241],[124.221151062701,13.179689173002199],[124.21228644307482,13.20442383250894],[124.13543825870082,13.23733645995313],[124.06273706634158,13.205730319064525]]],[[[122.91321647473902,11.466783507383795],[122.91623951849515,11.46268088612804],[123.10225393730927,11.499601647331968],[123.1036825148456,11.502358166233318],[123.11324282220788,11.50228239252579],[123.13498541088423,11.508779260970101],[123.16275223665623,11.564263857017723],[123.13822275400129,11.590255961190964],[123.1280381667375,11.572152009285626],[123.12465365429452,11.568749726634847],[123.06862511176442,11.524974754888099],[123.04196862233636,11.51782237267633],[123.0079411984327,11.492534797724971],[122.94003355410513,11.480076093130764],[122.91960190277399,11.48574807578552],[122.91321647473902,11.466783507383795]]],[[[122.61245016822012,12.49293413162087],[122.59835043571502,12.491627591960865],[122.5340279323662,12.505152074175754],[122.51970082523023,12.496719894296971],[122.48296226607373,12.500853469986668],[122.44959042508945,12.481483142809862],[122.43121889887391,12.462710286369079],[122.42288931756686,12.438127324293447],[122.43026022320515,12.415751519260775],[122.45680076473647,12.390967856449238],[122.49304880265801,12.383614771190473],[122.54853785076428,12.347826047344595],[122.55700567165188,12.315774047233447],[122.59974614099566,12.30192407261738],[122.61837625262385,12.287070821908484],[122.65351846555865,12.293977899774973],[122.68586033488482,12.337048391736356],[122.68401422179932,12.376426743413738],[122.69773041426427,12.398896110417407],[122.66980757169334,12.46123884315805],[122.65239922639445,12.48529567173637],[122.61245016822012,12.49293413162087]]],[[[123.61695184842098,12.69561359571162],[123.59941860612503,12.679181873265549],[123.60975484793691,12.658821603735765],[123.58116754806024,12.634470437798404],[123.60990196971863,12.601499874824365],[123.63641131062951,12.541979749155733],[123.68251843557404,12.486347980543375],[123.68231332352228,12.466090350139051],[123.71687135653357,12.433966978212608],[123.72284656749899,12.423314162283228],[123.78668307736818,12.340370430423329],[123.79741607113058,12.347478208292415],[123.79303279130438,12.377599489505844],[123.7929391343217,12.409687139681012],[123.77903569309923,12.418649926902493],[123.7818538785309,12.423158094201883],[123.76881987598506,12.498806717040956],[123.74051794158774,12.568859206371755],[123.72485311565201,12.616906043006162],[123.6888191842115,12.644672828766705],[123.65938018176698,12.65279730566261],[123.61695184842098,12.69561359571162]]],[[[123.09142890500895,13.065638787106863],[123.08846142210619,13.070112837385604],[122.9532770971528,13.042781376595165],[122.98586862253748,13.00961463941389],[123.01799202432208,13.006604676666827],[123.02493927231876,12.995501557897587],[123.06463421000392,13.001400938110335],[123.07417219528635,12.959891134593827],[123.15239826070362,12.889508684890469],[123.17600918016257,12.880104485272856],[123.19657899102992,12.844712562376003],[123.24298037677252,12.841551115287556],[123.28468188337476,12.809655114874406],[123.30667863347355,12.778842751643317],[123.31535164031403,12.751833989007137],[123.36009868154447,12.69848525644429],[123.36366147899744,12.729070260073664],[123.28595718478415,12.822992317753723],[123.27648159939265,12.892135099958812],[123.23021848891855,12.91210297029794],[123.18028993191257,12.915746088200988],[123.15789627889096,12.95898152158959],[123.14230283181293,12.973379919237471],[123.13273805136683,13.008905640702752],[123.09987449341493,13.035646798555396],[123.09142890500895,13.065638787106863]]],[[[122.49839082275595,11.598598968352787],[122.54198716783706,11.388162736153419],[122.89485839635817,11.458489541596439],[122.89505012657911,11.459091547673713],[122.87490837021271,11.455836370714408],[122.88902141666871,11.48830753046146],[122.90928806201401,11.501060560899976],[122.89362319424231,11.537504857344288],[122.87792267702889,11.544474406846232],[122.83342090011996,11.59834928808931],[122.82687489921288,11.614281643926493],[122.7909301523385,11.611855841428467],[122.7767546595796,11.607432442087767],[122.72617948642946,11.610174809596598],[122.71204418009623,11.589087673541684],[122.65815592263252,11.557673329012802],[122.6345806360148,11.520533477903744],[122.58321178740678,11.51487487846561],[122.58672115445327,11.554222016930423],[122.57166277814878,11.571585758901202],[122.49839082275595,11.598598968352787]]],[[[124.36345885585843,12.556159675448258],[124.35388964292774,12.540856045822443],[124.30008613030589,12.565470314492849],[124.28231214650417,12.585950935235868],[124.26425281235407,12.565684340766692],[124.26534969757593,12.540343247634452],[124.28169235361241,12.517584044600348],[124.28391297568182,12.469207232778798],[124.32064260913077,12.42984226308608],[124.32755860987102,12.38416773539886],[124.33650362477997,12.369323367744988],[124.33997276534933,12.315497549278655],[124.34458350626724,12.304987433242012],[124.35923604599826,12.279476963305708],[124.3690817583282,12.244125211298163],[124.39990310518236,12.184560528255798],[124.44329015986077,12.157065702158597],[124.46839038701752,12.127269969266019],[124.48484008012073,12.09735384938158],[124.49996975441861,12.091860244041523],[124.53463037810386,12.061007753255998],[124.57655487213438,12.065284025535902],[124.6447835315048,12.04571303329],[124.68891083382495,12.008033642355178],[124.69023512523702,11.993068871886129],[124.69434202068342,11.987878469946496],[124.72209990760497,11.973729780463662],[124.71938877275515,11.9475191385787],[124.74043124870538,11.93087781078298],[124.74859588235385,11.897144686050847],[124.78684158946533,11.911329102187246],[124.7881345443025,11.912788293481208],[124.70590790810736,12.338218881336433],[124.6711100708955,12.51273696064528],[124.61354750554473,12.51628198412205],[124.56436363410074,12.533288966554254],[124.55113347415451,12.525177869684528],[124.51132267432965,12.52524473158512],[124.49817724955898,12.541074590030048],[124.4278349139787,12.53507709866709],[124.40617258718909,12.562754734580524],[124.36345885585843,12.556159675448258]]],[[[123.75530432221336,13.175729516453364],[123.76451286644814,13.200548508145385],[123.28781120256178,13.108772725733193],[123.2870408136892,13.107032556948383],[123.28952005765962,13.068800229840306],[123.30557278128286,13.02584570662598],[123.31809841019262,13.009623538057856],[123.35809211553179,13.021694296471868],[123.36974370736023,13.038621095485972],[123.40149697337466,13.046620672558502],[123.4501279709953,13.027754196790069],[123.46466013783497,13.001837938072134],[123.49170902573073,12.983858859657005],[123.53185884553369,12.938817430103489],[123.55682533454821,12.948475870912937],[123.59718460986089,12.902961808451224],[123.63482832734289,12.89176501414014],[123.67974938504086,12.926764468234284],[123.73055185958295,12.84935448675756],[123.76397730426048,12.862589118061052],[123.79567704945767,12.866169780972534],[123.83973744271188,12.906903684508876],[123.88250909830217,12.93659686815872],[123.8836684980181,12.977790023816617],[123.91130153627506,12.97842767874241],[123.92450491547753,12.979413130288227],[123.94254200866847,12.95619457370264],[123.96694224045848,12.956381823924351],[123.99780365977566,12.967311096338143],[124.02903070775355,12.969950940687092],[124.04122188269035,12.928606151864239],[124.01627324195606,12.880091060742073],[123.99041042713829,12.87416495292901],[123.9698852577442,12.885219071842787],[123.94754956138874,12.87924834713937],[123.9352023453334,12.844168594344845],[123.9108110389383,12.844208692521299],[123.89045075393352,12.86929114120535],[123.87714926065748,12.875422431126692],[123.855085620509,12.852181584400599],[123.83197857794418,12.839767438016008],[123.84496351541371,12.80441121872848],[123.85061768516164,12.720785273521539],[123.873046905304,12.67196703981782],[123.9186947668401,12.624045044778162],[123.9372624146326,12.629360300420704],[123.94994412608025,12.591003131374816],[123.97508897830983,12.556650236724801],[123.99648379935996,12.54282701022783],[124.04254177576048,12.535166228251528],[124.0817016716046,12.538626483095602],[124.10434943296949,12.572894718984733],[124.0886310809459,12.591034324754908],[124.1096289574648,12.603452965398432],[124.09654602029013,12.626390511643786],[124.10001519266007,12.64155150017146],[124.13658867699542,12.663913848652532],[124.13317753794414,12.692501175761247],[124.14383478678043,12.702962195994752],[124.13252198881484,12.735785651237418],[124.15033610276379,12.776091506686685],[124.15740829015792,12.837243564512143],[124.14449466827617,12.894944392036214],[124.12075890921021,12.910417427381095],[124.14600185925113,12.94234903412782],[124.15715856815822,12.992857311940146],[124.19167195391677,13.01431447254793],[124.1971522034371,13.040489393557166],[124.19042347259152,13.06612031660218],[124.14922134336717,13.073977268735643],[124.1217443545873,13.073152338115678],[124.10415765756169,13.054022775328658],[124.09356733885357,13.012249948242266],[124.07520918666737,13.007402923540461],[124.06638460291202,13.034665809264984],[124.02158406826781,13.056354864572159],[123.99196669175527,13.094899360164282],[123.9447001810909,13.113061266302505],[123.93435068449863,13.125466493569895],[123.91042309905791,13.126652628517498],[123.9030834246553,13.142616223943032],[123.86522569207241,13.137042348173592],[123.85722157195875,13.113654352815612],[123.83837297836794,13.106261129758657],[123.83863157993403,13.08714943717316],[123.80564315292263,13.052515594989696],[123.78751240750762,13.046955129396089],[123.75554516639151,13.064323349672552],[123.78685693816841,13.117854808640516],[123.76396835335088,13.128685993611198],[123.75530432221336,13.175729516453364]]],[[[123.51513713980195,12.46751725476642],[123.47115258342134,12.495560529625802],[123.44537902429789,12.519978541677833],[123.4028079575417,12.525895804526785],[123.36653314329234,12.50274859030735],[123.34512950533771,12.440548589465887],[123.3269719912149,12.450612761504127],[123.32504121515939,12.47066092734264],[123.35608550778107,12.48718629935128],[123.34420202122375,12.545770023374407],[123.31566820373413,12.577795294957241],[123.28124392661216,12.578098509545141],[123.24141522191472,12.604456216904898],[123.23325955273174,12.582428293790542],[123.24707828910468,12.52728701010421],[123.24846507753887,12.47225277799166],[123.26896804184827,12.459874369563225],[123.28408882181633,12.42106232295912],[123.27303478360362,12.388238881179795],[123.26010783590118,12.382134382460599],[123.26821001301685,12.344998961957284],[123.23610002213401,12.284729774517048],[123.22647727174243,12.280899427474505],[123.21581108802437,12.236326210721693],[123.22313739348581,12.218766247002383],[123.25192090610973,12.246604419181057],[123.27797541579717,12.230493714179122],[123.2936625275527,12.204336603085572],[123.26384896161449,12.191708423210313],[123.27993746084708,12.159103536122968],[123.21703293444975,12.132023413424674],[123.20403458938733,12.08769989344759],[123.20375813595876,12.056388092076354],[123.18771426699834,12.037646489259314],[123.19220907605795,12.01826725953673],[123.16786237836672,11.984627825866507],[123.14482221739804,11.939925314131042],[123.16699282124999,11.907739515168718],[123.21671184864783,11.957048281586598],[123.23383475103762,11.963117096661358],[123.26551667489628,12.006125123581546],[123.29815733521471,12.024028438974685],[123.31915076127727,12.070349537267614],[123.33570295113797,12.091842411664807],[123.35585811585815,12.09718442922919],[123.4093628667704,12.168989319039305],[123.42250830283884,12.19902581240253],[123.46068263217992,12.212786635017972],[123.53537705783077,12.211306235911268],[123.59414796405176,12.145119760704315],[123.61440124096251,12.089198180378782],[123.60304839582226,12.076190960921581],[123.64615447163939,12.06125743802095],[123.65164812700972,12.04922679170973],[123.70580384162902,12.017130221133582],[123.72886633858153,11.98765106214545],[123.71481124455558,11.962243106220942],[123.72525897418025,11.933120686543583],[123.7559954793947,11.923364206895407],[123.76917218183696,11.930360532947686],[123.85166106302344,11.908988068648696],[123.88182245912834,11.888859701682929],[123.8991148439404,11.867946502660626],[123.92945005641351,11.864392633355619],[123.94767887934745,11.843466017486456],[123.97322955036053,11.830516773654367],[124.01155995620702,11.791401567665385],[124.03327135322574,11.749709006501226],[124.05428262717895,11.728283024477394],[124.07437089486984,11.749231889198654],[124.0582200120539,11.786260200389497],[124.05974503900208,11.81707264312069],[124.07003666604413,11.858876715276264],[124.03996443939432,11.905273608024842],[124.02601640598807,11.952401875721911],[124.01132811135662,11.955335963261673],[124.01621084181954,11.994419985719249],[124.04020080096346,11.966055614825393],[124.04810228444478,11.981849779614553],[124.00998591619157,12.022119912627977],[123.98052908932131,12.084159425478683],[123.9562225640066,12.106535168025673],[123.95034993504939,12.124554385487757],[123.92578913574403,12.145784202204892],[123.90133098150858,12.196934487443038],[123.87490188966953,12.219096262089868],[123.85710115401578,12.195115179086097],[123.82782719447842,12.235951630544493],[123.80291865401199,12.247728125123352],[123.77909808361142,12.229561789102924],[123.76275553977526,12.234110042898912],[123.7124613446313,12.30093858488007],[123.69965923489667,12.33146113107662],[123.67130384801398,12.34948039786485],[123.6429885499854,12.351375446795362],[123.63899316211105,12.372368922318294],[123.61701870136302,12.375579509790922],[123.59200317488738,12.354648463653158],[123.59636862443327,12.394664462519442],[123.56786159152199,12.423033264073897],[123.55747190319012,12.462500728831172],[123.55723106372103,12.46252749861679],[123.52578554234964,12.455441979154244],[123.51513713980195,12.46751725476642]]]]},"properties":{"id":"S1C_IW_GRDH_1SDV_20260404T095701_20260404T095726_007065_00E4DE_A2F9","date":"2026-04-04","instrumentMode":"IW","orbit_pass":"ASCENDING","pass_hour":"6 PM","platform_number":"C","relativeOrbitNumber_start":69,"system:time_start":1775296621000,"TileNumber":"Y5","satellite":"Sentinel-1C"}},
{"type":"Feature","geometry":{"type":"MultiPolygon","coordinates":[[[[124.30771562617723,13.979241643420302],[124.32402256136699,13.946137282719732],[124.35173589842391,13.959599328351715],[124.33380135736239,13.97477809324403],[124.30771562617723,13.979241643420302]]],[[[123.8069630243496,13.944723792480715],[123.81507858560371,13.911507892174336],[123.84161473016005,13.90431984163342],[123.83856020052256,13.970845204981092],[123.81643862182298,13.972000113746562],[123.8069630243496,13.944723792480715]]],[[[123.76333070538949,13.40281370236544],[123.80798414376571,13.358842491730112],[123.83937177607645,13.350682325722389],[123.8209512296016,13.385173479249755],[123.79479418971803,13.400637607543594],[123.76333070538949,13.40281370236544]]],[[[121.96967513614327,14.199262616218734],[121.98005595538085,14.1181248568123],[121.99262173857818,14.10692799974796],[122.04060162154404,14.086937883990425],[122.05346618210427,14.067331213146199],[122.07697895652582,14.056187940354201],[122.13403315784525,14.01451764724588],[122.1641098349854,14.000801406933586],[122.19100264627357,14.012635894874553],[122.18283805828604,14.028318554214424],[122.12280965064463,14.087722712184334],[122.08306117739598,14.10954549931933],[122.0168613557643,14.158350418689853],[122.00607483200712,14.1689809048906],[121.96967513614327,14.199262616218734]]],[[[123.08384842928481,13.077067420521844],[123.0446930918243,13.120329642163767],[123.03452187839261,13.14043568136521],[123.012413703404,13.134857363561565],[122.99358290672349,13.158477198299629],[122.97361059530695,13.156100510699309],[122.94834973590585,13.137189525488608],[122.93077196254504,13.109239809896737],[122.95171189793916,13.084683587869858],[122.9532770971528,13.042781376595165],[123.08961046011994,13.068380465204667],[123.08384842928481,13.077067420521844]]],[[[123.9765381696133,13.280540638071205],[123.94793751471803,13.291037357096815],[123.91806158797988,13.286765562623927],[123.91272850012615,13.272554402067472],[123.95066649882895,13.235641981558306],[124.08473825386676,13.259792498170121],[124.0936252689742,13.26395282463081],[124.05254361436151,13.278119392932966],[124.03614746781662,13.26173663041583],[124.00334181477274,13.288344103176307],[123.9765381696133,13.280540638071205]]],[[[123.83922015985715,13.337104388649864],[123.8555047924178,13.323579922661319],[123.85117501784207,13.269312664275525],[123.86694237619173,13.251650153981677],[123.87372024186168,13.226946713948083],[123.88849766929405,13.225867633862165],[123.90869301027271,13.24682097813733],[123.88758802613526,13.270530016758856],[123.90415804361496,13.304178340232841],[123.92140138711164,13.312276064084719],[123.88513105086317,13.346504189306854],[123.85257514808478,13.355605161660623],[123.83922015985715,13.337104388649864]]],[[[123.59458940163782,13.944130735825224],[123.60510848237561,13.91365721790706],[123.62552665353476,13.90769989513708],[123.67814853042094,13.942605696998024],[123.66825824082615,13.96502161625616],[123.64285471018141,13.967808530168178],[123.59458940163782,13.944130735825224]]],[[[124.06448506081269,13.697752005058689],[124.02452702650153,13.660010203475741],[124.0474914167809,13.632823037891116],[124.0481736710494,13.609751659883397],[124.04608677952936,13.603700641314992],[124.08827880846303,13.601515654435765],[124.13078294786486,13.576397599671198],[124.1556023312491,13.548260669388497],[124.18678925302606,13.522344325692627],[124.21526951960087,13.525452314367339],[124.20707816409065,13.547877190610492],[124.21576897969976,13.566872919812491],[124.23951811649913,13.586145145535735],[124.26479235473421,13.595041046468841],[124.30075943961769,13.59368102188466],[124.31645097824398,13.570471390627866],[124.3435356239194,13.573815721776464],[124.34940380908941,13.609872054393838],[124.3425277952509,13.642869351074077],[124.3617956027665,13.659426024809727],[124.39187668982474,13.658355847931036],[124.4101010609771,13.666636396073807],[124.411309480993,13.687562975184933],[124.38955793242485,13.733629943316851],[124.39856534933182,13.775166479927528],[124.41824337792453,13.786421193646637],[124.41808282744532,13.791946057976908],[124.41538059296778,13.801644623833184],[124.41181334417396,13.81664498202998],[124.40959270199848,13.827030288096692],[124.40789823558771,13.841776514609995],[124.40373349706792,13.847122986094005],[124.40397872114498,13.860045401098304],[124.40252505809276,13.863474453310017],[124.40038917206026,13.879117027539207],[124.35768874147185,13.909594962785043],[124.3525786337296,13.933130096652382],[124.33808213314555,13.940902296962545],[124.31133197437643,13.929727788067817],[124.28846127257094,13.945655678605844],[124.27970800415538,13.999142667119733],[124.2512990876197,14.04412161542001],[124.22456234727167,14.071821510215031],[124.20889301575203,14.100538152837881],[124.18618729737163,14.074122407305401],[124.1711511855441,14.05796706682031],[124.14202439627189,14.063853121800685],[124.12278778560568,14.051867069228933],[124.13311063326454,14.023605238627201],[124.13769900778387,14.00937178855166],[124.12814316205412,14.006482287383983],[124.12677866229079,13.991312494079104],[124.14674211731581,13.928265235727187],[124.1450520788882,13.904819267333524],[124.12738959052466,13.884088926233588],[124.13659759161871,13.867184443256095],[124.12792019044527,13.771108680522614],[124.11419066914341,13.748585762313823],[124.09134668463571,13.703192105615786],[124.06448506081269,13.697752005058689]]],[[[122.01557272293559,13.957298409570914],[122.04939871848845,13.78082471641467],[122.05155763601533,13.779759304799159],[122.08262418085344,13.782153847325295],[122.12200252941652,13.74768944406692],[122.1383138899403,13.712413488948641],[122.15590508678142,13.702893314271916],[122.173393628652,13.669218234852428],[122.20120954263591,13.634107266860541],[122.20810777907695,13.600017403267854],[122.23771617985656,13.59779681291817],[122.25611000979221,13.606911225817507],[122.28563812922826,13.589730242782428],[122.31880045329193,13.589556360326595],[122.3358743630017,13.572665298159942],[122.33109420173493,13.556813183478633],[122.36652181511684,13.542816085663755],[122.39954591302848,13.521229598982918],[122.41718161260653,13.479247129417518],[122.45826782424541,13.431378679553195],[122.48539698298887,13.410733028933553],[122.49550573586232,13.370168637731576],[122.51904978948346,13.338731973173774],[122.52213994998044,13.306033352957247],[122.50890533038516,13.291380713968236],[122.51180377415234,13.265125576021012],[122.51574559723892,13.259119123266265],[122.50298368938465,13.242165644550813],[122.54177785610221,13.212008776471697],[122.56340896147293,13.178271158770873],[122.59638844540477,13.159654421867089],[122.62299148985143,13.170070906788322],[122.65936881586245,13.205971094937984],[122.6989120721182,13.219981607622238],[122.70226978128063,13.231927549935294],[122.68160184713079,13.267047426925917],[122.67553751722474,13.3467181825286],[122.67757980348162,13.370181983352891],[122.6674709854638,13.405917209466772],[122.62262131941564,13.484914685297015],[122.61031420681195,13.51627102796281],[122.63208801892095,13.531565726654572],[122.60027236158903,13.555471027778779],[122.55362570322482,13.580847733888683],[122.54270978638485,13.602081974112238],[122.49759708857529,13.647685186078224],[122.49678996386301,13.670471240464337],[122.47931474798605,13.70094916730918],[122.4818252048021,13.72647305564963],[122.52233168988617,13.733826146729221],[122.50818739834905,13.768883596541308],[122.51331538805374,13.79945519836038],[122.4968568862844,13.843497700074575],[122.47321471173115,13.864575911112937],[122.44803417400497,13.907976343699648],[122.44325849687004,13.936300544962533],[122.4968568862844,13.922874189757904],[122.52588559107662,13.937196817038853],[122.53778695584259,13.956906062641572],[122.56307007572849,13.933518058497752],[122.565000855304,13.903133725633923],[122.62045426049747,13.886452245289586],[122.64852874287293,13.860272825468376],[122.65133791670728,13.82022120916279],[122.66609757828516,13.810692104599232],[122.68643998580987,13.826205310948154],[122.73507543321632,13.81529391605497],[122.75263087737247,13.801368135032059],[122.74564351998342,13.77610728024739],[122.77194327913591,13.7697129562468],[122.83429044926964,13.735912950012866],[122.86076408990559,13.687861680544266],[122.84072933845702,13.68202474117101],[122.81717635081945,13.645834701997398],[122.8728170488146,13.598951709770445],[122.89356074559858,13.573949535607674],[122.92375331798715,13.554396381794213],[122.9519125460356,13.547970832448266],[122.97355704923848,13.519272002045769],[122.9989472085494,13.52114482181188],[123.03473593133725,13.498546081791218],[123.042097886238,13.506773130852963],[123.0914780093551,13.480375269978154],[123.11517367134769,13.474890592159186],[123.14084469385796,13.453277321346812],[123.15426657133003,13.455694197454124],[123.19094266727076,13.42915357025351],[123.20310267067397,13.394760503356371],[123.20188090732759,13.361629406207726],[123.2269365196396,13.325742612662774],[123.23860156570626,13.287898218069772],[123.26025943763017,13.266539050736624],[123.29158904442045,13.250383765480763],[123.3270121564287,13.193913722089956],[123.30322286772542,13.184455966219128],[123.3091757914548,13.167600522609037],[123.28952005765962,13.149130973061729],[123.28831608410842,13.109913147014929],[123.2870408136892,13.107032556948383],[123.76373750600953,13.198458953292047],[123.76593932288603,13.204392632365185],[123.78624160583644,13.236627476120642],[123.85302558693914,13.224641399581422],[123.86493582817329,13.239240493979128],[123.84361241519791,13.265250380362227],[123.81630042948947,13.259096813747451],[123.81590357267939,13.286952813260193],[123.77973127675708,13.309426712135808],[123.74162386357823,13.325706927993352],[123.73110036155514,13.376219632497929],[123.70069372851275,13.443850812973963],[123.6778542439199,13.478025320592765],[123.62371630633467,13.492379195946455],[123.60231708631127,13.51491543650602],[123.60134051798182,13.53494574595047],[123.58249639240707,13.5556136736936],[123.5320416385428,13.56438473011249],[123.54762176197544,13.594840413810113],[123.53545285562736,13.624876900311078],[123.56754500635168,13.707633391587638],[123.5943219260628,13.727850893389641],[123.63939000260915,13.718196995442984],[123.65316860897862,13.707936560858359],[123.67752872733287,13.720805526400557],[123.70047969922966,13.710910804201673],[123.75688731779297,13.706415998209987],[123.80561639742659,13.687723442660412],[123.83534968849959,13.696383054712522],[123.86945288411634,13.73789284232029],[123.90203109454674,13.727877689157621],[123.93386907441663,13.734891833006074],[123.97656938323543,13.72429258489683],[123.9672944718729,13.756380253162737],[123.94013406271989,13.769106539033888],[123.94669342085797,13.786983034584733],[123.89833001116895,13.797635901289276],[123.812318408211,13.830316605619634],[123.78853800193322,13.845878896746703],[123.75346271754567,13.871656923659977],[123.73248268821807,13.913750854199844],[123.70683391712839,13.915396295023227],[123.6973048598899,13.882131348333125],[123.61032113318952,13.89335940935954],[123.55185785216821,13.932581643441125],[123.53265248425242,13.918044941457529],[123.49928061547642,13.923881963453526],[123.46759873345219,13.95961273724726],[123.44254298967509,13.949722402973208],[123.4446343552248,13.920947856893905],[123.41459779605071,13.93180576094404],[123.4113471439961,13.987281399497588],[123.40171099361717,13.98967149194424],[123.38635389609382,14.035591306820956],[123.35075244393158,14.005545897111038],[123.34555753899247,14.029518038384643],[123.35843542123541,14.048495961115558],[123.34098701081155,14.071429119591706],[123.27574145172407,14.072004316225097],[123.27554523195928,14.04784941305808],[123.25791836865066,14.026838121742134],[123.25250953579953,14.00065872960389],[123.23252824876516,14.004511430141052],[123.2321938410334,13.965632500155925],[123.2493657937635,13.96456676736398],[123.2937472547356,13.92368572424497],[123.28362067589543,13.89616861051532],[123.30332985842979,13.861944982696352],[123.32127332896674,13.815311710537118],[123.31279656904543,13.789154616635454],[123.2896181534732,13.775781800119997],[123.26772396655072,13.745830051323534],[123.20614826609959,13.727489699560266],[123.16011243724832,13.734780386423472],[123.12853314589815,13.7288274642526],[123.05213091346195,13.765106746590199],[123.04389940381098,13.795085271623268],[123.06878113122731,13.875875215784127],[123.09287369575337,13.886264921191406],[123.09262843478568,13.914794277539523],[123.07699039604653,13.989921187687449],[123.0539947688584,13.999075788221397],[123.03280514333686,14.031912562133908],[123.03381288913896,14.06940469228691],[123.04917003972061,14.075263956463704],[123.03077622074113,14.102553646165157],[122.98504816754225,14.130512239424556],[122.93789758978312,14.188373533549093],[122.91306485555006,14.191695566053921],[122.90204643810718,14.217393316020349],[122.86448746676584,14.268730978845596],[122.84525087781441,14.281751526196748],[122.80748677349214,14.275580155104656],[122.78933823241003,14.309977649389452],[122.74511726942055,14.324313704590232],[122.73533854168488,14.308969868112897],[122.71389021835914,14.308880724875793],[122.70983247498012,14.336509269884376],[122.68158848655268,14.343826702599605],[122.66290490240365,14.335211717720483],[122.67474376271137,14.307302214637224],[122.66618232297995,14.295628235736778],[122.63625283917632,14.297202314636372],[122.61781441654581,14.28788725081932],[122.54477878498498,14.335033343412805],[122.50758990934509,14.346528881099337],[122.48484850301581,14.327345863503147],[122.47382561236675,14.335688841402261],[122.43032710181008,14.314534850766],[122.41829638935566,14.315997452660781],[122.40634156354287,14.286393467490432],[122.37586362657677,14.272302680865566],[122.35685890420088,14.24641320623332],[122.35529375763878,14.217901654053147],[122.3304610223942,14.201015081858495],[122.33281097136172,14.15476530700702],[122.35061616498241,14.136960093480477],[122.34631315033022,14.12203100545132],[122.27850356640543,14.130900145322137],[122.26059583086644,14.180217823022236],[122.26851520561989,14.207320233292949],[122.26692331222085,14.218829204704905],[122.27240799653484,14.230761697502329],[122.27300552353431,14.238016650498846],[122.24865884229105,14.241690965520498],[122.24591207267565,14.210655659288578],[122.24111851602252,14.19457613528864],[122.21447092500804,14.190108059358845],[122.18251700132686,14.160361413519967],[122.18123726758431,14.139898592958186],[122.16330718086579,14.133999244164817],[122.197472801706,14.085528775235916],[122.22123090950365,14.078510146000012],[122.26325351572459,14.050694307403077],[122.28453674815847,14.020907492277741],[122.31431466522824,14.023524999341213],[122.31286099702083,14.013585694300597],[122.29266570836978,13.996944312865581],[122.30313124424819,13.973422536626305],[122.27953362283147,13.961811078348829],[122.26051110303591,13.971340172168183],[122.21227256966992,13.9789429354062],[122.19164479507685,13.998139309757992],[122.17931538649474,13.989662569425533],[122.19642047760041,13.962457584154992],[122.21846178999292,13.94440268663067],[122.2436066843467,13.935765417360246],[122.2390137634114,13.908413320257278],[122.20532974775503,13.904899525650828],[122.1693893931028,13.922330142074271],[122.13852798706849,13.916029426568823],[122.09971592520688,13.924724733249672],[122.05623520527105,13.942400607786256],[122.01557272293559,13.957298409570914]]]]},"properties":{"id":"S1C_IW_GRDH_1SDV_20260404T095726_20260404T095751_007065_00E4DE_022E","date":"2026-04-04","instrumentMode":"IW","orbit_pass":"ASCENDING","pass_hour":"6 PM","platform_number":"C","relativeOrbitNumber_start":69,"system:time_start":1775296646000,"TileNumber":"Y4","satellite":"Sentinel-1C"}},
{"type":"Feature","geometry":{"type":"MultiPolygon","coordinates":[[[[122.1396650081181,14.895738582556938],[122.14140409080946,14.912509251443952],[122.1396873619895,14.900108458338408],[122.1396650081181,14.895738582556938]]],[[[122.01316924674116,14.871931416147957],[122.0239335590492,14.847285981213137],[122.06198304001424,14.850340400735062],[122.0646361844417,14.865733260129112],[122.0349207374854,14.875516556282838],[122.01316924674116,14.871931416147957]]],[[[122.3067787300914,14.680408584098657],[122.3808979054357,14.679547992260702],[122.42035653477872,14.68576840026188],[122.43934780525335,14.70405518450877],[122.39724948251552,14.734640128765973],[122.36077845652679,14.713918716072358],[122.3329091334184,14.711541958000252],[122.3067787300914,14.680408584098657]]],[[[122.15145932366447,14.838670966710078],[122.13960262519679,14.829989067816344],[122.0961397438397,14.82949856442414],[122.10759517260348,14.804616852040537],[122.14299152512274,14.795489003122098],[122.1632403071895,14.782749416153527],[122.18466183760306,14.76701765248576],[122.21578186446048,14.756284634366162],[122.25531185295621,14.727349479470215],[122.25734072788373,14.756079468014423],[122.23339976166189,14.790615232269532],[122.18792590779346,14.81114045687663],[122.21428806235436,14.840204868138931],[122.15145932366447,14.838670966710078]]],[[[121.81050307409792,14.954085910681005],[121.8184581189153,14.930613190755784],[121.85057257810375,14.922912275021432],[121.85310539710375,14.904973353823635],[121.87238206136594,14.875244516012554],[121.87814318871067,14.834305518834817],[121.91529199829284,14.788412448135809],[121.93720398274647,14.712456091949173],[121.91499324532958,14.710012561531128],[121.9023962641927,14.687070418055972],[121.91005697555636,14.6500197589071],[121.93781933569524,14.627380899043857],[121.97516434570915,14.641944330075173],[122.01236660159078,14.675820180101795],[122.0272064717192,14.725655044376891],[122.01790033526154,14.816277371148617],[121.98185746491555,14.841257267521703],[121.96661181261045,14.869594860112029],[121.96434654697396,14.892590394906946],[121.98993734168106,14.91386478534462],[122.01689258254227,14.91674094550325],[122.01135437376102,14.948025931956087],[121.98753390899152,14.958469199944632],[121.9984988107548,14.984630699565047],[122.02853980744437,14.99070846721911],[122.04704506165781,15.006029920651942],[121.9923631057912,15.044645799572212],[121.96633532826458,15.052725653181676],[121.90891104588712,15.044516455753143],[121.88474268588608,15.02783048384432],[121.83914837331808,15.037422006023261],[121.81295564038957,14.981201664073085],[121.81050307409792,14.954085910681005]]]]},"properties":{"id":"S1C_IW_GRDH_1SDV_20260404T095751_20260404T095805_007065_00E4DE_A635","date":"2026-04-04","instrumentMode":"IW","orbit_pass":"ASCENDING","pass_hour":"6 PM","platform_number":"C","relativeOrbitNumber_start":69,"system:time_start":1775296671000,"TileNumber":"Y3","satellite":"Sentinel-1C"}},
{"type":"Feature","geometry":{"type":"Polygon","coordinates":[[[122.1969377214749,17.521694261442654],[122.19002667119483,17.527946148331733],[122.00799918214449,17.4940063740577],[121.32410750366074,17.364891366823926],[121.32581022296262,17.307665279720187],[121.37202629701424,17.079376126394052],[121.44742018285068,16.708475926858867],[121.60356002672012,15.944514380460241],[121.60532202964389,15.947903595586334],[121.65212025725909,15.974172145733382],[121.6536007391889,15.99529040200456],[121.72057197378118,16.042391945467152],[121.74558302491438,16.071487600013267],[121.7610783930475,16.077279897982013],[121.77940975860324,16.063309554053482],[121.81434684073031,16.087696368096655],[121.83550972849382,16.091348389543725],[121.86242045405248,16.118116363002436],[121.88744936543293,16.127226330513825],[121.91281721232316,16.1253178530879],[121.96874321796558,16.13634071148992],[121.98610697329367,16.157008649986313],[122.0193852312633,16.178162614613495],[122.05310051732631,16.178421248803232],[122.06955906962837,16.201158192424238],[122.06684786894033,16.228501398576938],[122.09557347612167,16.26163698463885],[122.14349542362811,16.25664280585402],[122.13477338442974,16.228073370261004],[122.0966169042208,16.200578494289932],[122.08719032200365,16.154569531875236],[122.04673738917144,16.112413192587773],[122.03166115258415,16.103655478109918],[121.99149358846246,16.027061545799274],[122.00885729101594,16.03120406783229],[122.05106267456793,16.064856856711227],[122.07180645984175,16.08937302824218],[122.07319768221335,16.121019259848957],[122.17548494635632,16.21880735897537],[122.20400984808343,16.23723683527635],[122.2045538984446,16.258341751645553],[122.22049517432276,16.276253973184343],[122.19431129527085,16.289006962267635],[122.19521209335659,16.333522155971878],[122.22427197538003,16.35423915350453],[122.23487130909541,16.380030602589635],[122.20542335151646,16.41395102149139],[122.20555713288364,16.439430273360472],[122.2321467791894,16.46844566838773],[122.24916717820655,16.509527383938757],[122.2800910467224,16.524933520051405],[122.30168200795909,16.551719389030943],[122.31838137027138,16.588810184601595],[122.31965660577632,16.591637253516172],[122.36953616002704,16.690103089806104],[122.39115832713294,16.716880044611152],[122.42436082679563,16.78205870803559],[122.43868339479526,16.798147137127966],[122.43232920629575,16.817762671206875],[122.4610146074292,16.86670137340091],[122.460564215256,16.89702320057204],[122.47947530226358,16.94588156268771],[122.4683899999856,16.967641970731254],[122.4890132860176,17.01716479717346],[122.51183494256104,17.040468033285144],[122.52189468468698,17.100260111178443],[122.51510791887932,17.136427928944293],[122.4559000285546,17.108848347589653],[122.41866210268502,17.138577216162215],[122.4147425435163,17.177456121227635],[122.42742864418778,17.1940350614955],[122.42073105519614,17.222845254276],[122.4217076191104,17.269005930698608],[122.43433576552586,17.295461729162266],[122.41245050670047,17.33208430929618],[122.37214468981442,17.354732107394064],[122.35829917133495,17.340231132676305],[122.331290442453,17.341310225154885],[122.31511730990619,17.331892562461988],[122.2491537622549,17.365210983807327],[122.23803724452652,17.42119053719792],[122.19592998989422,17.50240861282394],[122.1969377214749,17.521694261442654]]]},"properties":{"id":"S1C_IW_GRDH_1SDV_20260404T095811_20260404T095840_007065_00E4DF_5640","date":"2026-04-04","instrumentMode":"IW","orbit_pass":"ASCENDING","pass_hour":"6 PM","platform_number":"C","relativeOrbitNumber_start":69,"system:time_start":1775296691000,"TileNumber":"Y2","satellite":"Sentinel-1C"}},
{"type":"Feature","geometry":{"type":"MultiPolygon","coordinates":[[[[122.15677016912494,18.54398776968345],[122.11824795859387,18.53391907402755],[122.12344284749798,18.509946985085687],[122.15109814824729,18.523605189703822],[122.15677016912494,18.54398776968345]]],[[[121.58102881200467,18.38365181865964],[121.57141213289894,18.388892234623818],[121.13517702326361,18.27168359920958],[121.13145406967985,18.26985885498416],[121.17577168873908,18.01671708458056],[121.26681513001564,17.586375901864052],[121.30720673710289,17.395983262200446],[121.32172941526098,17.362589056774247],[121.42602166348024,17.382423769888433],[122.19178303514974,17.526357366692448],[122.18842976905502,17.529390645527275],[122.19177850703481,17.545425551391205],[122.1636416352473,17.61863951902419],[122.16023935149947,17.682101479196064],[122.16674072446126,17.70016530037785],[122.14618867614374,17.73789372114226],[122.13858595177838,17.792223427620893],[122.158598375555,17.816315980396425],[122.15315377379044,17.837755344568578],[122.1738886367049,17.894243197205824],[122.19072621367027,17.914005931301933],[122.17923059428384,17.930937175365575],[122.18121492234154,17.98376855642822],[122.19051213379645,18.012828542232977],[122.17494992975124,18.032114120438823],[122.18280237571481,18.05981852650349],[122.16870267541546,18.08114644285753],[122.18286031658295,18.11290418256966],[122.19827095736753,18.11430434932118],[122.20774211831578,18.137620968719943],[122.23592360154545,18.15815066648502],[122.26564804955123,18.168767739964377],[122.2673067707509,18.176143162300026],[122.30294836057793,18.217893660541833],[122.33370281570882,18.27813165818496],[122.3380014139022,18.30821274716674],[122.32576114099763,18.339386344547925],[122.32173900478091,18.37461327036538],[122.29505136128203,18.40739651801229],[122.26503715386251,18.4282740525908],[122.24072163288194,18.47550044992526],[122.23959347259793,18.512756241189297],[122.16211661531383,18.51886069556805],[122.12483409974969,18.422347958799367],[122.13226293602023,18.386166788441546],[122.064466766633,18.340612574802726],[122.05092445262615,18.318718432045678],[121.99677314057526,18.281244128886627],[121.94029416732337,18.26630612744906],[121.89894934365432,18.268406358721222],[121.83618307791654,18.287749927752543],[121.74569006537334,18.32369921118209],[121.62848710142525,18.363554670277914],[121.58102881200467,18.38365181865964]]]]},"properties":{"id":"S1C_IW_GRDH_1SDV_20260404T095840_20260404T095857_007065_00E4DF_6A88","date":"2026-04-04","instrumentMode":"IW","orbit_pass":"ASCENDING","pass_hour":"6 PM","platform_number":"C","relativeOrbitNumber_start":69,"system:time_start":1775296720000,"TileNumber":"Y1","satellite":"Sentinel-1C"}},
{"type":"Feature","geometry":{"type":"MultiPolygon","coordinates":[[[[120.39175983506979,17.51983478688945],[120.38912004807001,17.516624207690274],[120.38967302009932,17.511973361922344],[120.39175983506979,17.51983478688945]]],[[[120.4426426301148,17.055223235270073],[120.44606498480624,17.03953244508215],[120.61920075748283,17.006524774008113],[120.62254901691445,17.00962849932284],[120.66405528661164,17.16946261577013],[120.69534441165632,17.306363744361043],[120.7521074847159,17.57392276887183],[120.85552052948404,18.072697324159908],[120.95814104887336,18.563360099913808],[120.95561763065504,18.561311357976336],[120.92740486824107,18.558502127322814],[120.9069955812137,18.567589806505932],[120.87088575851377,18.609411687442],[120.85209064440754,18.64767969892472],[120.79100095917178,18.631016013126544],[120.77781101583732,18.60166176975322],[120.78872688885869,18.57471097321467],[120.77171540369254,18.5479117530127],[120.72702627675459,18.527230444233677],[120.66706916856971,18.531430919861457],[120.63078107524754,18.547229481180448],[120.58075881023363,18.515043698490643],[120.5628109262446,18.487771866400823],[120.57183616265345,18.461989335201228],[120.5940023524695,18.414776369923228],[120.59879142362387,18.358676433000475],[120.59307043536808,18.32101039357086],[120.56469715365962,18.27401592877566],[120.54815838207517,18.23180159294974],[120.51793456504181,18.19331067716611],[120.51827350139084,18.158605473933104],[120.50610461332076,18.122803385477543],[120.47062796779826,18.08524879064235],[120.48493272531326,18.01338595833403],[120.49813167127286,17.997823711746967],[120.4750915046158,17.972589629066942],[120.47251863369664,17.957018415375792],[120.47152870268107,17.94897867923237],[120.43807203763014,17.926348755020648],[120.44724444116876,17.874386871886998],[120.437844620178,17.864309234713755],[120.45070024024736,17.840827657908317],[120.45438342301127,17.825189610916862],[120.44869366420629,17.81716768640707],[120.4340499332925,17.815152128165515],[120.40109275395207,17.784241619418953],[120.43450029777372,17.743003897358097],[120.42820850275041,17.726482945988927],[120.41400180215504,17.70861082423838],[120.36837635289294,17.682565223047497],[120.36591490611231,17.661433566441467],[120.3476013690119,17.63047398779482],[120.33447377387284,17.569170323803036],[120.35424990799521,17.53924970311084],[120.38124970227067,17.524004051906793],[120.39324468061844,17.529899014349674],[120.4200126824859,17.518131455973815],[120.40006270387602,17.497521431126682],[120.42611717709856,17.48893769310502],[120.43006348408959,17.454923698161842],[120.45717481201139,17.416004614119107],[120.44133170225653,17.337042898483674],[120.42672810300058,17.33433617638134],[120.41472418468524,17.255592905511403],[120.41919669415735,17.23582569616097],[120.40618950813138,17.205780328069505],[120.41831827664913,17.190811125747423],[120.4293679131714,17.143691750512854],[120.43578896620704,17.073162165186965],[120.4426426301148,17.055223235270073]]]]},"properties":{"id":"S1C_IW_GRDH_1SDV_20260406T215308_20260406T215337_007101_00E61A_8EC6","date":"2026-04-06","instrumentMode":"IW","orbit_pass":"DESCENDING","pass_hour":"6 AM","platform_number":"C","relativeOrbitNumber_start":105,"system:time_start":1775512388000,"TileNumber":"A1","satellite":"Sentinel-1C"}},
{"type":"Feature","geometry":{"type":"MultiPolygon","coordinates":[[[[119.91027950211247,16.38910486603902],[119.96304403590912,16.36933319823086],[119.96233947959786,16.392284241660395],[119.94168049174195,16.42006886846461],[119.92004937909284,16.425593721494423],[119.91027950211247,16.38910486603902]]],[[[119.92044624547783,16.29982026407713],[119.94538156466565,16.28442748432692],[119.94727216580557,16.26882509949179],[119.97860633648085,16.250212780163793],[119.99305822096458,16.222200752828417],[120.0104086454746,16.226316437909905],[120.01708389210822,16.250863836411465],[119.99929208757376,16.27038573670246],[120.02024091833208,16.308921318965837],[119.99745045554286,16.32523715511699],[119.9903426503818,16.347278484393524],[119.97441921296807,16.34775115849464],[119.9644174073602,16.324349825883438],[119.92044624547783,16.29982026407713]]],[[[120.10349229569746,16.090122166268827],[120.08928563614947,16.109875948061003],[120.10333180725834,16.138766502249048],[120.08035406637653,16.15967965929502],[120.03196833544197,16.18934606592266],[120.01911724097288,16.166872200113673],[119.99233141622143,16.20017271578869],[119.98211560502462,16.19949499541888],[119.95271229564798,16.233477785958833],[119.89808826484534,16.24383627815582],[119.92209609239538,16.276182591318257],[119.9123708426999,16.296382317876496],[119.92736232007084,16.32988355830003],[119.9314201113109,16.360633526538205],[119.89887312062457,16.390487152821088],[119.86464061042722,16.377872378060463],[119.8518073056207,16.358136377504206],[119.81520696213805,16.358827614103273],[119.78598647359674,16.32232981078552],[119.77340738372455,16.262658107328168],[119.78220514509322,16.237647052828493],[119.76629514393893,16.213318182321732],[119.7568284103851,16.167420677165133],[119.77130713607389,16.1637552577299],[119.78009601932393,16.130026651670683],[119.76777110731695,16.113728653588346],[119.76731178098933,16.067153330929013],[119.75878150080085,16.039159057860356],[119.76212143855233,16.008872836666278],[119.74770962155952,15.973583541247846],[119.76667858139581,15.920386472567115],[119.80742586715697,15.930637929329468],[119.81374439690099,15.954538701956922],[119.8480839299142,15.965682004850462],[119.8901287687582,15.889587453210455],[119.91143885151281,15.836613305977343],[119.89111430816578,15.821621852695142],[119.88690932017894,15.802545838013758],[119.90229767665932,15.746102491972788],[119.86794921830445,15.741852993682027],[119.90010829729242,15.698782509347499],[119.92404923126956,15.698167148672656],[119.93286933739863,15.682578114187887],[119.92143174348524,15.637523352389938],[119.9020747243254,15.617247881233045],[119.91551000007998,15.572268926364355],[119.93094297432756,15.568750640662204],[119.93150923787924,15.56920550028018],[119.94774042237493,15.568697191843857],[119.94882526225615,15.564110871112863],[120.3127947157334,15.49393945994486],[120.33167604272376,15.547271337191843],[120.37075683583052,15.726784737892615],[120.44482528263819,16.08471780098054],[120.52293672787673,16.470969884339848],[120.6013186378493,16.856193395197995],[120.620431819124,16.976337035838135],[120.62004074943205,17.008219507219234],[120.44640163931061,17.037988808195834],[120.44726676813501,16.994289595204872],[120.43190516404191,16.950804450827896],[120.42575153449604,16.940691244192685],[120.40344265139072,16.90563374128847],[120.39499718976785,16.87787581288623],[120.36891138265929,16.850175893660776],[120.33598540349699,16.836495426797807],[120.325372745652,16.797264261218036],[120.3408726102921,16.72719389561661],[120.33355519209917,16.673952224953105],[120.31181262621243,16.64646184483779],[120.31579012677497,16.624411619391967],[120.29786899259042,16.601045945347323],[120.3196695756181,16.570224649194593],[120.31742216660828,16.53580038597834],[120.30713059490336,16.51539995654615],[120.32794115404386,16.475629256686968],[120.33702880657057,16.41546704478199],[120.32507395109401,16.3946118831966],[120.32832915598512,16.371424547441183],[120.34462718582556,16.34062107523577],[120.3430619934276,16.29335009869511],[120.36630279487281,16.283178888406887],[120.39753880910607,16.251644161048876],[120.42575153449604,16.17283846122598],[120.41284242953753,16.147408192312163],[120.36424274926318,16.092958129439783],[120.32288452981527,16.06623475022806],[120.23240498602446,16.03342915072084],[120.17240324296037,16.029197418174945],[120.11292331959815,16.05362886061673],[120.10131629933241,16.069244619033558],[120.10227941784014,16.07888079377019],[120.10349229569746,16.090122166268827]]]]},"properties":{"id":"S1C_IW_GRDH_1SDV_20260406T215337_20260406T215402_007101_00E61A_4FFA","date":"2026-04-06","instrumentMode":"IW","orbit_pass":"DESCENDING","pass_hour":"6 AM","platform_number":"C","relativeOrbitNumber_start":105,"system:time_start":1775512417000,"TileNumber":"A2","satellite":"Sentinel-1C"}},
{"type":"Feature","geometry":{"type":"MultiPolygon","coordinates":[[[[119.93150923787924,15.56920550028018],[119.91551000007998,15.572268926364355],[119.93094297432756,15.568750640662204],[119.93150923787924,15.56920550028018]]],[[[120.19407452963485,14.872586861481473],[120.24722916387165,15.13743607439089],[120.30119237161388,15.407625627990237],[120.31489253137161,15.4947423473424],[119.94834105231264,15.56615796605206],[119.94893545314757,15.563645011114502],[119.9397719889144,15.54753422654331],[119.96521114569158,15.519357169422888],[119.9489532761794,15.497026042260178],[119.9502018531707,15.479800545169857],[119.91967925183418,15.473499779276398],[119.90630193065674,15.44129171541279],[119.89024475647705,15.43182057764391],[119.90191867512868,15.408883015398157],[119.96273631128695,15.350714022056257],[119.96499261888344,15.335932098365987],[119.97612707034476,15.312383554762286],[120.01056465868179,15.27226952909292],[120.0097754187406,15.228837842068167],[120.02143151935384,15.20887443776736],[120.03436289965329,15.164328021573763],[120.0621564328091,15.048801664421802],[120.05166420619173,14.93108581309165],[120.05812988075212,14.906043549546045],[120.04943023763319,14.893379647981739],[120.07859719317659,14.858513941579893],[120.08038527047928,14.818288417077932],[120.08827791257329,14.782441722388503],[120.13073746262297,14.774361781581689],[120.16664675636855,14.764516950649467],[120.1929993414631,14.864821628453738],[120.19172007811609,14.870054164986692],[120.19407452963485,14.872586861481473]]]]},"properties":{"id":"S1C_IW_GRDH_1SDV_20260406T215402_20260406T215416_007101_00E61A_B4A5","date":"2026-04-06","instrumentMode":"IW","orbit_pass":"DESCENDING","pass_hour":"6 AM","platform_number":"C","relativeOrbitNumber_start":105,"system:time_start":1775512442000,"TileNumber":"A3","satellite":"Sentinel-1C"}},
{"type":"Feature","geometry":{"type":"MultiPolygon","coordinates":[[[[122.0245979504879,14.434551561723543],[122.0334760346053,14.415885721297117],[122.03674449790641,14.436357500669622],[122.0245979504879,14.434551561723543]]],[[[124.13311063326454,14.023605238627201],[124.14202439627189,14.063853121800685],[124.12278778560568,14.051867069228933],[124.13311063326454,14.023605238627201]]],[[[122.1396650081181,14.895738582556938],[122.14140409080946,14.912509251443952],[122.1396873619895,14.900108458338408],[122.1396650081181,14.895738582556938]]],[[[124.06448506081269,13.697752005058689],[124.02452702650153,13.660010203475741],[124.0474914167809,13.632823037891116],[124.06448506081269,13.697752005058689]]],[[[122.01316924674116,14.871931416147957],[122.0239335590492,14.847285981213137],[122.06198304001424,14.850340400735062],[122.0646361844417,14.865733260129112],[122.0349207374854,14.875516556282838],[122.01316924674116,14.871931416147957]]],[[[121.82084820585527,14.304711483346507],[121.80918769349265,14.271861251075888],[121.83368593022372,14.269934925854178],[121.85146883569813,14.297929179692096],[121.82084820585527,14.304711483346507]]],[[[122.3067787300914,14.680408584098657],[122.3808979054357,14.679547992260702],[122.42035653477872,14.68576840026188],[122.43934780525335,14.70405518450877],[122.39724948251552,14.734640128765973],[122.36077845652679,14.713918716072358],[122.3329091334184,14.711541958000252],[122.3067787300914,14.680408584098657]]],[[[123.8069630243496,13.944723792480715],[123.81507858560371,13.911507892174336],[123.84161473016005,13.90431984163342],[123.83856020052256,13.970845204981092],[123.81643862182298,13.972000113746562],[123.8069630243496,13.944723792480715]]],[[[123.9765381696133,13.280540638071205],[123.94793751471803,13.291037357096815],[123.91806158797988,13.286765562623927],[123.91272850012615,13.272554402067472],[123.95066649882895,13.235641981558306],[123.96778943084952,13.230955496657291],[123.9765381696133,13.280540638071205]]],[[[123.76333070538949,13.40281370236544],[123.80798414376571,13.358842491730112],[123.83937177607645,13.350682325722389],[123.8209512296016,13.385173479249755],[123.79479418971803,13.400637607543594],[123.76333070538949,13.40281370236544]]],[[[121.74069140165561,13.917607978143042],[121.74366567037825,13.890911340147854],[121.79926170053906,13.900846201184185],[121.78736928221927,13.937928095343317],[121.7602980851535,13.94009074625012],[121.74069140165561,13.917607978143042]]],[[[121.96967513614327,14.199262616218734],[121.92902151858776,14.232545370137753],[121.91027994336403,14.198116662979324],[121.93483620026433,14.179165479382677],[121.95614622922285,14.14673889044494],[121.98005595538085,14.1181248568123],[121.99262173857818,14.10692799974796],[122.04060162154404,14.086937883990425],[122.05346618210427,14.067331213146199],[122.07697895652582,14.056187940354201],[122.13403315784525,14.01451764724588],[122.1641098349854,14.000801406933586],[122.19100264627357,14.012635894874553],[122.18283805828604,14.028318554214424],[122.12280965064463,14.087722712184334],[122.08306117739598,14.10954549931933],[122.0168613557643,14.158350418689853],[122.00607483200712,14.1689809048906],[121.96967513614327,14.199262616218734]]],[[[122.15145932366447,14.838670966710078],[122.13960262519679,14.829989067816344],[122.0961397438397,14.82949856442414],[122.10759517260348,14.804616852040537],[122.14299152512274,14.795489003122098],[122.1632403071895,14.782749416153527],[122.18466183760306,14.76701765248576],[122.21578186446048,14.756284634366162],[122.25531185295621,14.727349479470215],[122.25734072788373,14.756079468014423],[122.23339976166189,14.790615232269532],[122.18792590779346,14.81114045687663],[122.21428806235436,14.840204868138931],[122.15145932366447,14.838670966710078]]],[[[123.83922015985715,13.337104388649864],[123.8555047924178,13.323579922661319],[123.85117501784207,13.269312664275525],[123.86694237619173,13.251650153981677],[123.87372024186168,13.226946713948083],[123.88849766929405,13.225867633862165],[123.90869301027271,13.24682097813733],[123.88758802613526,13.270530016758856],[123.90415804361496,13.304178340232841],[123.92140138711164,13.312276064084719],[123.88513105086317,13.346504189306854],[123.85257514808478,13.355605161660623],[123.83922015985715,13.337104388649864]]],[[[123.59458940163782,13.944130735825224],[123.60510848237561,13.91365721790706],[123.62552665353476,13.90769989513708],[123.67814853042094,13.942605696998024],[123.66825824082615,13.96502161625616],[123.64285471018141,13.967808530168178],[123.59458940163782,13.944130735825224]]],[[[121.96633532826458,15.052725653181676],[121.95144718813677,14.990033162536909],[121.91224177314061,14.793431584921706],[121.91529199829284,14.788412448135809],[121.93720398274647,14.712456091949173],[121.91499324532958,14.710012561531128],[121.9023962641927,14.687070418055972],[121.91005697555636,14.6500197589071],[121.93781933569524,14.627380899043857],[121.97516434570915,14.641944330075173],[122.01236660159078,14.675820180101795],[122.0272064717192,14.725655044376891],[122.01790033526154,14.816277371148617],[121.98185746491555,14.841257267521703],[121.96661181261045,14.869594860112029],[121.96434654697396,14.892590394906946],[121.98993734168106,14.91386478534462],[122.01689258254227,14.91674094550325],[122.01135437376102,14.948025931956087],[121.98753390899152,14.958469199944632],[121.9984988107548,14.984630699565047],[122.02853980744437,14.99070846721911],[122.04704506165781,15.006029920651942],[121.9923631057912,15.044645799572212],[121.96633532826458,15.052725653181676]]],[[[121.86906006172937,13.53467373417548],[121.8437590635781,13.49365003793362],[121.8130893819984,13.457629444877629],[121.82584241372217,13.405114545120673],[121.8250245365659,13.390788327977253],[122.11901556823722,13.335035399019008],[122.12064252430419,13.336707510354733],[122.13884900199852,13.364929142701776],[122.13073790519215,13.387291576044433],[122.10196780400057,13.419183053577772],[122.1232020303556,13.438201112292612],[122.12212289606344,13.458672861146434],[122.09263044851984,13.485271392555536],[122.05499117393258,13.476232794035583],[122.0531763037721,13.49465333185436],[122.0305329721318,13.530419739403174],[121.97244871518981,13.52514020347229],[121.94261739075289,13.531244716802327],[121.92120472667774,13.525345344788006],[121.91861851137404,13.525586117542836],[121.90242743672836,13.532319392471013],[121.86636222624284,13.570886116596474],[121.85557126964144,13.538785031433799],[121.85542411455093,13.536408313701978],[121.86219304652073,13.53494126843848],[121.86319188154872,13.537759473233411],[121.86906006172937,13.53467373417548]]],[[[121.79142262502238,14.110111798922263],[121.77858586481108,14.120483618642673],[121.75135315113175,13.968464038661809],[121.78079207635706,13.943011477747499],[121.81562661845668,13.940590213441014],[121.81973341764875,13.899624430578278],[121.84515926111018,13.90298656482671],[121.8724355641394,13.895522045351456],[121.90265484835847,13.857445823970993],[121.9546524902467,13.848960097925879],[121.97344308024844,13.840371866916794],[121.97824999085522,13.8056087344484],[122.01423497827989,13.802469529291677],[122.02596236882898,13.7911433895183],[122.05155763601533,13.779759304799159],[122.08262418085344,13.782153847325295],[122.12200252941652,13.74768944406692],[122.1383138899403,13.712413488948641],[122.15590508678142,13.702893314271916],[122.173393628652,13.669218234852428],[122.20120954263591,13.634107266860541],[122.20810777907695,13.600017403267854],[122.23771617985656,13.59779681291817],[122.25611000979221,13.606911225817507],[122.28563812922826,13.589730242782428],[122.31880045329193,13.589556360326595],[122.3358743630017,13.572665298159942],[122.33109420173493,13.556813183478633],[122.36652181511684,13.542816085663755],[122.39954591302848,13.521229598982918],[122.41718161260653,13.479247129417518],[122.45826782424541,13.431378679553195],[122.48539698298887,13.410733028933553],[122.49550573586232,13.370168637731576],[122.51904978948346,13.338731973173774],[122.52213994998044,13.306033352957247],[122.50890533038516,13.291380713968236],[122.51180377415234,13.265125576021012],[122.51566452181667,13.25924266759354],[122.69998481342763,13.223798301829158],[122.70226978128063,13.231927549935294],[122.68160184713079,13.267047426925917],[122.67553751722474,13.3467181825286],[122.67757980348162,13.370181983352891],[122.6674709854638,13.405917209466772],[122.62262131941564,13.484914685297015],[122.61031420681195,13.51627102796281],[122.63208801892095,13.531565726654572],[122.60027236158903,13.555471027778779],[122.55362570322482,13.580847733888683],[122.54270978638485,13.602081974112238],[122.49759708857529,13.647685186078224],[122.49678996386301,13.670471240464337],[122.47931474798605,13.70094916730918],[122.4818252048021,13.72647305564963],[122.52233168988617,13.733826146729221],[122.50818739834905,13.768883596541308],[122.51331538805374,13.79945519836038],[122.4968568862844,13.843497700074575],[122.47321471173115,13.864575911112937],[122.44803417400497,13.907976343699648],[122.44325849687004,13.936300544962533],[122.4968568862844,13.922874189757904],[122.52588559107662,13.937196817038853],[122.53778695584259,13.956906062641572],[122.56307007572849,13.933518058497752],[122.565000855304,13.903133725633923],[122.62045426049747,13.886452245289586],[122.64852874287293,13.860272825468376],[122.65133791670728,13.82022120916279],[122.66609757828516,13.810692104599232],[122.68643998580987,13.826205310948154],[122.73507543321632,13.81529391605497],[122.75263087737247,13.801368135032059],[122.74564351998342,13.77610728024739],[122.77194327913591,13.7697129562468],[122.83429044926964,13.735912950012866],[122.86076408990559,13.687861680544266],[122.84072933845702,13.68202474117101],[122.81717635081945,13.645834701997398],[122.8728170488146,13.598951709770445],[122.89356074559858,13.573949535607674],[122.92375331798715,13.554396381794213],[122.9519125460356,13.547970832448266],[122.97355704923848,13.519272002045769],[122.9989472085494,13.52114482181188],[123.03473593133725,13.498546081791218],[123.042097886238,13.506773130852963],[123.0914780093551,13.480375269978154],[123.11517367134769,13.474890592159186],[123.14084469385796,13.453277321346812],[123.15426657133003,13.455694197454124],[123.19094266727076,13.42915357025351],[123.20310267067397,13.394760503356371],[123.20188090732759,13.361629406207726],[123.2269365196396,13.325742612662774],[123.23860156570626,13.287898218069772],[123.26025943763017,13.266539050736624],[123.29158904442045,13.250383765480763],[123.3270121564287,13.193913722089956],[123.30322286772542,13.184455966219128],[123.3091757914548,13.167600522609037],[123.28952005765962,13.149130973061729],[123.28831608410842,13.109913147014929],[123.9170679819897,12.98619475540515],[123.9447001810909,13.113061266302505],[123.93435068449863,13.125466493569895],[123.91042309905791,13.126652628517498],[123.9030834246553,13.142616223943032],[123.86522569207241,13.137042348173592],[123.85722157195875,13.113654352815612],[123.83837297836794,13.106261129758657],[123.83863157993403,13.08714943717316],[123.80564315292263,13.052515594989696],[123.78751240750762,13.046955129396089],[123.75554516639151,13.064323349672552],[123.78685693816841,13.117854808640516],[123.76396835335088,13.128685993611198],[123.75530432221336,13.175729516453364],[123.76593932288603,13.204392632365185],[123.78624160583644,13.236627476120642],[123.85302558693914,13.224641399581422],[123.86493582817329,13.239240493979128],[123.84361241519791,13.265250380362227],[123.81630042948947,13.259096813747451],[123.81590357267939,13.286952813260193],[123.77973127675708,13.309426712135808],[123.74162386357823,13.325706927993352],[123.73110036155514,13.376219632497929],[123.70069372851275,13.443850812973963],[123.6778542439199,13.478025320592765],[123.62371630633467,13.492379195946455],[123.60231708631127,13.51491543650602],[123.60134051798182,13.53494574595047],[123.58249639240707,13.5556136736936],[123.5320416385428,13.56438473011249],[123.54762176197544,13.594840413810113],[123.53545285562736,13.624876900311078],[123.56754500635168,13.707633391587638],[123.5943219260628,13.727850893389641],[123.63939000260915,13.718196995442984],[123.65316860897862,13.707936560858359],[123.67752872733287,13.720805526400557],[123.70047969922966,13.710910804201673],[123.75688731779297,13.706415998209987],[123.80561639742659,13.687723442660412],[123.83534968849959,13.696383054712522],[123.86945288411634,13.73789284232029],[123.90203109454674,13.727877689157621],[123.93386907441663,13.734891833006074],[123.97656938323543,13.72429258489683],[123.9672944718729,13.756380253162737],[123.94013406271989,13.769106539033888],[123.94669342085797,13.786983034584733],[123.89833001116895,13.797635901289276],[123.812318408211,13.830316605619634],[123.78853800193322,13.845878896746703],[123.75346271754567,13.871656923659977],[123.73248268821807,13.913750854199844],[123.70683391712839,13.915396295023227],[123.6973048598899,13.882131348333125],[123.61032113318952,13.89335940935954],[123.55185785216821,13.932581643441125],[123.53265248425242,13.918044941457529],[123.49928061547642,13.923881963453526],[123.46759873345219,13.95961273724726],[123.44254298967509,13.949722402973208],[123.4446343552248,13.920947856893905],[123.41459779605071,13.93180576094404],[123.4113471439961,13.987281399497588],[123.40171099361717,13.98967149194424],[123.38635389609382,14.035591306820956],[123.35075244393158,14.005545897111038],[123.34555753899247,14.029518038384643],[123.35843542123541,14.048495961115558],[123.34098701081155,14.071429119591706],[123.27574145172407,14.072004316225097],[123.27554523195928,14.04784941305808],[123.25791836865066,14.026838121742134],[123.25250953579953,14.00065872960389],[123.23252824876516,14.004511430141052],[123.2321938410334,13.965632500155925],[123.2493657937635,13.96456676736398],[123.2937472547356,13.92368572424497],[123.28362067589543,13.89616861051532],[123.30332985842979,13.861944982696352],[123.32127332896674,13.815311710537118],[123.31279656904543,13.789154616635454],[123.2896181534732,13.775781800119997],[123.26772396655072,13.745830051323534],[123.20614826609959,13.727489699560266],[123.16011243724832,13.734780386423472],[123.12853314589815,13.7288274642526],[123.05213091346195,13.765106746590199],[123.04389940381098,13.795085271623268],[123.06878113122731,13.875875215784127],[123.09287369575337,13.886264921191406],[123.09262843478568,13.914794277539523],[123.07699039604653,13.989921187687449],[123.0539947688584,13.999075788221397],[123.03280514333686,14.031912562133908],[123.03381288913896,14.06940469228691],[123.04917003972061,14.075263956463704],[123.03077622074113,14.102553646165157],[122.98504816754225,14.130512239424556],[122.93789758978312,14.188373533549093],[122.91306485555006,14.191695566053921],[122.90204643810718,14.217393316020349],[122.86448746676584,14.268730978845596],[122.84525087781441,14.281751526196748],[122.80748677349214,14.275580155104656],[122.78933823241003,14.309977649389452],[122.74511726942055,14.324313704590232],[122.73533854168488,14.308969868112897],[122.71389021835914,14.308880724875793],[122.70983247498012,14.336509269884376],[122.68158848655268,14.343826702599605],[122.66290490240365,14.335211717720483],[122.67474376271137,14.307302214637224],[122.66618232297995,14.295628235736778],[122.63625283917632,14.297202314636372],[122.61781441654581,14.28788725081932],[122.54477878498498,14.335033343412805],[122.50758990934509,14.346528881099337],[122.48484850301581,14.327345863503147],[122.47382561236675,14.335688841402261],[122.43032710181008,14.314534850766],[122.41829638935566,14.315997452660781],[122.40634156354287,14.286393467490432],[122.37586362657677,14.272302680865566],[122.35685890420088,14.24641320623332],[122.35529375763878,14.217901654053147],[122.3304610223942,14.201015081858495],[122.33281097136172,14.15476530700702],[122.35061616498241,14.136960093480477],[122.34631315033022,14.12203100545132],[122.27850356640543,14.130900145322137],[122.26059583086644,14.180217823022236],[122.26851520561989,14.207320233292949],[122.26692331222085,14.218829204704905],[122.27240799653484,14.230761697502329],[122.27300552353431,14.238016650498846],[122.24865884229105,14.241690965520498],[122.24591207267565,14.210655659288578],[122.24111851602252,14.19457613528864],[122.21447092500804,14.190108059358845],[122.18251700132686,14.160361413519967],[122.18123726758431,14.139898592958186],[122.16330718086579,14.133999244164817],[122.197472801706,14.085528775235916],[122.22123090950365,14.078510146000012],[122.26325351572459,14.050694307403077],[122.28453674815847,14.020907492277741],[122.31431466522824,14.023524999341213],[122.31286099702083,14.013585694300597],[122.29266570836978,13.996944312865581],[122.30313124424819,13.973422536626305],[122.27953362283147,13.961811078348829],[122.26051110303591,13.971340172168183],[122.21227256966992,13.9789429354062],[122.19164479507685,13.998139309757992],[122.17931538649474,13.989662569425533],[122.19642047760041,13.962457584154992],[122.21846178999292,13.94440268663067],[122.2436066843467,13.935765417360246],[122.2390137634114,13.908413320257278],[122.20532974775503,13.904899525650828],[122.1693893931028,13.922330142074271],[122.13852798706849,13.916029426568823],[122.09971592520688,13.924724733249672],[122.05623520527105,13.942400607786256],[122.01557272293559,13.957298409570914],[121.98834992460114,13.979959602287076],[121.97257358620784,13.978184846889734],[121.92179777047936,14.002308626645403],[121.90254344363603,14.016417198186877],[121.84504779849281,14.076673007320075],[121.79142262502238,14.110111798922263]]]]},"properties":{"id":"S1C_IW_GRDH_1SDV_20260408T213747_20260408T213816_007130_00E70C_E67B","date":"2026-04-08","instrumentMode":"IW","orbit_pass":"DESCENDING","pass_hour":"6 AM","platform_number":"C","relativeOrbitNumber_start":134,"system:time_start":1775684267000,"TileNumber":"C1","satellite":"Sentinel-1C"}},
{"type":"Feature","geometry":{"type":"MultiPolygon","coordinates":[[[[123.1280381667375,11.572152009285626],[123.16275223665623,11.564263857017723],[123.13822275400129,11.590255961190964],[123.1280381667375,11.572152009285626]]],[[[121.9127725850945,12.064396648166895],[121.92019695292987,12.048018353014022],[121.95053230028172,12.032246554577043],[121.96504219495615,12.03679037497454],[121.95123237547912,12.09486125283306],[121.91869430417289,12.083940912547531],[121.9127725850945,12.064396648166895]]],[[[121.53984016376035,11.950029595864054],[121.54869146965034,11.937111648869042],[121.540442107715,11.90697255848168],[121.55560308154837,11.891967712098317],[121.58248252990781,11.899035364178632],[121.58258058161576,11.938632209744366],[121.56044122240414,11.966318721298325],[121.53984016376035,11.950029595864054]]],[[[121.38556412827869,12.103993485667692],[121.38212621447843,12.067888104670944],[121.38017308664226,12.059745819332182],[121.36993498516898,12.020813424178655],[121.38918494095832,11.989742400073464],[121.4233461233508,12.017758914227374],[121.38556412827869,12.103993485667692]]],[[[121.5170139609734,12.72866894949514],[121.50904488778758,12.734427934051018],[121.46744638751576,12.524175016316606],[121.48988931851206,12.536976681680105],[121.50749823067062,12.556039286231965],[121.51857025920108,12.583868535185667],[121.55847029788401,12.617838019839136],[121.54869146965034,12.645488882983177],[121.54736266763193,12.678637805231865],[121.5170139609734,12.72866894949514]]],[[[122.01933171325268,12.799715801631343],[122.04013791710271,12.786503458533831],[122.05935662333135,12.7878011143338],[122.07446404579396,12.809142328854826],[122.07102158650831,12.82757179665756],[122.04427146856192,12.820785061083052],[122.01933171325268,12.799715801631343]]],[[[122.6989120721182,13.219981607622238],[122.70050216598867,13.225638940367727],[122.51574559723892,13.259119123266265],[122.50298368938465,13.242165644550813],[122.54177785610221,13.212008776471697],[122.56340896147293,13.178271158770873],[122.59638844540477,13.159654421867089],[122.62299148985143,13.170070906788322],[122.65936881586245,13.205971094937984],[122.6989120721182,13.219981607622238]]],[[[122.03237909528679,12.952961693613291],[122.05178950750934,12.938148610675572],[122.06009684035361,12.907956048490322],[122.08570097701742,12.915438367315557],[122.09269727926846,12.962365975402014],[122.04556461831133,12.963953410698917],[122.03237909528679,12.952961693613291]]],[[[121.68234854608356,12.93399719904991],[121.70149150168837,12.901713284303305],[121.72120070339791,12.903951757746166],[121.73535832048539,12.932909114421497],[121.70329292691544,12.953960590416232],[121.68234854608356,12.93399719904991]]],[[[123.85061768516164,12.720785273521539],[123.86054581515515,12.69451444110851],[123.89543374651383,12.864126205860483],[123.89045075393352,12.86929114120535],[123.87714926065748,12.875422431126692],[123.855085620509,12.852181584400599],[123.83197857794418,12.839767438016008],[123.84496351541371,12.80441121872848],[123.85061768516164,12.720785273521539]]],[[[122.11662930887977,13.332582849744531],[122.120601743,13.336665597597321],[121.82513313427157,13.392690661075926],[121.82415244580719,13.375510604796684],[121.822328634972,13.340230168084112],[121.84224746983145,13.32658092135907],[121.86840011435645,13.28275684223108],[121.917940714806,13.263288404906698],[121.947187917177,13.250691420567154],[121.98036806759846,13.208900741417517],[122.02281874275378,13.197213480967122],[122.03623169033234,13.203367010607899],[122.05684616017643,13.249309103345418],[122.04611310965771,13.265468941354847],[122.07446855394214,13.306077896200778],[122.11662930887977,13.332582849744531]]],[[[122.28988771443888,12.620259279844184],[122.27536885922719,12.620794353018916],[122.2726532382898,12.592724294691026],[122.24678603675613,12.57351897843376],[122.26161255958006,12.539143770668616],[122.25103111354724,12.529989233926608],[122.278664167257,12.481273548518693],[122.3159065409737,12.4897815498276],[122.32797289621985,12.508866453058415],[122.32346474843513,12.542960787021599],[122.28988771443888,12.620259279844184]]],[[[121.88268260535739,11.820238553967139],[121.88060870424042,11.813806668793815],[122.38719992826057,11.71524546822812],[122.38066164533028,11.727199450841214],[122.37444114896981,11.741276794208268],[122.31138057918098,11.740469708360093],[122.28063946868158,11.757895926383524],[122.26019902017003,11.78033857137045],[122.22429872695669,11.795481640417785],[122.16979961994163,11.827292901518208],[122.1071938959991,11.826436726469728],[122.051727073947,11.857766350620187],[122.02359910668359,11.892422525794991],[121.95250761876835,11.93945711476625],[121.9456628960681,11.920604047078019],[121.91780249831665,11.905750736766336],[121.88905465292989,11.90332948862022],[121.88310172859892,11.871808122711359],[121.89026748275417,11.85290594100518],[121.88268260535739,11.820238553967139]]],[[[122.61245016822012,12.49293413162087],[122.59835043571502,12.491627591960865],[122.5340279323662,12.505152074175754],[122.51970082523023,12.496719894296971],[122.48296226607373,12.500853469986668],[122.44959042508945,12.481483142809862],[122.43121889887391,12.462710286369079],[122.42288931756686,12.438127324293447],[122.43026022320515,12.415751519260775],[122.45680076473647,12.390967856449238],[122.49304880265801,12.383614771190473],[122.54853785076428,12.347826047344595],[122.55700567165188,12.315774047233447],[122.59974614099566,12.30192407261738],[122.61837625262385,12.287070821908484],[122.65351846555865,12.293977899774973],[122.68586033488482,12.337048391736356],[122.68401422179932,12.376426743413738],[122.69773041426427,12.398896110417407],[122.66980757169334,12.46123884315805],[122.65239922639445,12.48529567173637],[122.61245016822012,12.49293413162087]]],[[[123.61695184842098,12.69561359571162],[123.59941860612503,12.679181873265549],[123.60975484793691,12.658821603735765],[123.58116754806024,12.634470437798404],[123.60990196971863,12.601499874824365],[123.63641131062951,12.541979749155733],[123.68251843557404,12.486347980543375],[123.68231332352228,12.466090350139051],[123.71687135653357,12.433966978212608],[123.72284656749899,12.423314162283228],[123.78668307736818,12.340370430423329],[123.79303279130438,12.377599489505844],[123.7929391343217,12.409687139681012],[123.77903569309923,12.418649926902493],[123.7818538785309,12.423158094201883],[123.76881987598506,12.498806717040956],[123.74051794158774,12.568859206371755],[123.72485311565201,12.616906043006162],[123.6888191842115,12.644672828766705],[123.65938018176698,12.65279730566261],[123.61695184842098,12.69561359571162]]],[[[123.91130153627506,12.97842767874241],[123.91840158174041,12.987697714251107],[123.65844994844244,13.039148605729144],[123.28902603552491,13.11152010344276],[123.28831608410842,13.109913147014929],[123.2870408136892,13.107032556948383],[123.28952005765962,13.068800229840306],[123.30557278128286,13.02584570662598],[123.31809841019262,13.009623538057856],[123.35809211553179,13.021694296471868],[123.36974370736023,13.038621095485972],[123.40149697337466,13.046620672558502],[123.4501279709953,13.027754196790069],[123.46466013783497,13.001837938072134],[123.49170902573073,12.983858859657005],[123.53185884553369,12.938817430103489],[123.55682533454821,12.948475870912937],[123.59718460986089,12.902961808451224],[123.63482832734289,12.89176501414014],[123.67974938504086,12.926764468234284],[123.73055185958295,12.84935448675756],[123.76397730426048,12.862589118061052],[123.79567704945767,12.866169780972534],[123.83973744271188,12.906903684508876],[123.88250909830217,12.93659686815872],[123.8836684980181,12.977790023816617],[123.91130153627506,12.97842767874241]]],[[[123.08384842928481,13.077067420521844],[123.0446930918243,13.120329642163767],[123.03452187839261,13.14043568136521],[123.012413703404,13.134857363561565],[122.99358290672349,13.158477198299629],[122.97361059530695,13.156100510699309],[122.94834973590585,13.137189525488608],[122.93077196254504,13.109239809896737],[122.95171189793916,13.084683587869858],[122.9532770971528,13.042781376595165],[122.98586862253748,13.00961463941389],[123.01799202432208,13.006604676666827],[123.02493927231876,12.995501557897587],[123.06463421000392,13.001400938110335],[123.07417219528635,12.959891134593827],[123.15239826070362,12.889508684890469],[123.17600918016257,12.880104485272856],[123.19657899102992,12.844712562376003],[123.24298037677252,12.841551115287556],[123.28468188337476,12.809655114874406],[123.30667863347355,12.778842751643317],[123.31535164031403,12.751833989007137],[123.36009868154447,12.69848525644429],[123.36366147899744,12.729070260073664],[123.28595718478415,12.822992317753723],[123.27648159939265,12.892135099958812],[123.23021848891855,12.91210297029794],[123.18028993191257,12.915746088200988],[123.15789627889096,12.95898152158959],[123.14230283181293,12.973379919237471],[123.13273805136683,13.008905640702752],[123.09987449341493,13.035646798555396],[123.09142890500895,13.065638787106863],[123.08384842928481,13.077067420521844]]],[[[122.00164244314941,12.598369586676348],[121.99239433957185,12.568712095137407],[122.0065921188383,12.547473401615916],[122.01384706222551,12.488506190448012],[122.00406820783962,12.44388847850148],[121.97698363733008,12.402102214831686],[121.95288221270374,12.40588356770807],[121.94135097315853,12.387512041226364],[121.93763652701115,12.337338221096463],[121.92160165226326,12.30264194236063],[121.94638079566505,12.295404859318676],[121.98158101903311,12.261881303305163],[122.01331194052214,12.239643761706615],[122.0155860812161,12.223519717730124],[121.99611768935753,12.210021961259226],[121.96946114017517,12.211970599939601],[121.96024867774298,12.190138881264424],[121.96970195069376,12.153266510423231],[122.0028018061123,12.125959036233183],[122.01687029009337,12.136491398917535],[122.0479189924585,12.179178376338022],[122.04273305822306,12.22639583687186],[122.05757746330703,12.25073357396858],[122.09689331823724,12.361065092790117],[122.08927273542903,12.385269128197276],[122.10080845760393,12.400184795770915],[122.1091291102034,12.482789678772045],[122.11654013425095,12.516598583651367],[122.13913882437366,12.543888288566324],[122.1360709998613,12.589482584360809],[122.12143622377367,12.617869170487898],[122.12288096888273,12.627068323563945],[122.1613407136046,12.634483795412992],[122.15840216364371,12.657978789449341],[122.12259560899113,12.670348338446537],[122.11551007096055,12.655414816258562],[122.08216941130591,12.639455675432558],[122.07343843721304,12.624990423252758],[122.03428754403828,12.619866876777746],[122.00795658881727,12.603296841402004],[122.00164244314941,12.598369586676348]]],[[[123.51513713980195,12.46751725476642],[123.47115258342134,12.495560529625802],[123.44537902429789,12.519978541677833],[123.4028079575417,12.525895804526785],[123.36653314329234,12.50274859030735],[123.34512950533771,12.440548589465887],[123.3269719912149,12.450612761504127],[123.32504121515939,12.47066092734264],[123.35608550778107,12.48718629935128],[123.34420202122375,12.545770023374407],[123.31566820373413,12.577795294957241],[123.28124392661216,12.578098509545141],[123.24141522191472,12.604456216904898],[123.23325955273174,12.582428293790542],[123.24707828910468,12.52728701010421],[123.24846507753887,12.47225277799166],[123.26896804184827,12.459874369563225],[123.28408882181633,12.42106232295912],[123.27303478360362,12.388238881179795],[123.26010783590118,12.382134382460599],[123.26821001301685,12.344998961957284],[123.23610002213401,12.284729774517048],[123.22647727174243,12.280899427474505],[123.21581108802437,12.236326210721693],[123.22313739348581,12.218766247002383],[123.25192090610973,12.246604419181057],[123.27797541579717,12.230493714179122],[123.2936625275527,12.204336603085572],[123.26384896161449,12.191708423210313],[123.27993746084708,12.159103536122968],[123.21703293444975,12.132023413424674],[123.20403458938733,12.08769989344759],[123.20375813595876,12.056388092076354],[123.18771426699834,12.037646489259314],[123.19220907605795,12.01826725953673],[123.16786237836672,11.984627825866507],[123.14482221739804,11.939925314131042],[123.16699282124999,11.907739515168718],[123.21671184864783,11.957048281586598],[123.23383475103762,11.963117096661358],[123.26551667489628,12.006125123581546],[123.29815733521471,12.024028438974685],[123.31915076127727,12.070349537267614],[123.33570295113797,12.091842411664807],[123.35585811585815,12.09718442922919],[123.4093628667704,12.168989319039305],[123.42250830283884,12.19902581240253],[123.46068263217992,12.212786635017972],[123.53537705783077,12.211306235911268],[123.59414796405176,12.145119760704315],[123.61440124096251,12.089198180378782],[123.60304839582226,12.076190960921581],[123.64615447163939,12.06125743802095],[123.65164812700972,12.04922679170973],[123.70580384162902,12.017130221133582],[123.7180027794376,12.001538220237126],[123.76517089151008,12.230881455651604],[123.76275553977526,12.234110042898912],[123.7124613446313,12.30093858488007],[123.69965923489667,12.33146113107662],[123.67130384801398,12.34948039786485],[123.6429885499854,12.351375446795362],[123.63899316211105,12.372368922318294],[123.61701870136302,12.375579509790922],[123.59200317488738,12.354648463653158],[123.59636862443327,12.394664462519442],[123.56786159152199,12.423033264073897],[123.55747190319012,12.462500728831172],[123.55723106372103,12.46252749861679],[123.52578554234964,12.455441979154244],[123.51513713980195,12.46751725476642]]]]},"properties":{"id":"S1C_IW_GRDH_1SDV_20260408T213816_20260408T213841_007130_00E70C_1356","date":"2026-04-08","instrumentMode":"IW","orbit_pass":"DESCENDING","pass_hour":"6 AM","platform_number":"C","relativeOrbitNumber_start":134,"system:time_start":1775684296000,"TileNumber":"C2","satellite":"Sentinel-1C"}},
{"type":"Feature","geometry":{"type":"MultiPolygon","coordinates":[[[[122.78653793230306,10.065840908781745],[122.80267090950309,10.062193427573535],[122.78677421410733,10.066068396870953],[122.78653793230306,10.065840908781745]]],[[[122.68528059448563,10.451811795833782],[122.72878363040981,10.457729007950736],[122.70173468904554,10.481161631451238],[122.68528059448563,10.451811795833782]]],[[[123.24495581317271,11.462489347819158],[123.25047168601934,11.425376264600336],[123.27321755548132,11.439449156824253],[123.27430561086284,11.457401546669251],[123.24495581317271,11.462489347819158]]],[[[123.16365743164725,11.504396027775528],[123.19432712464315,11.517492394981934],[123.1925658321271,11.520555795330706],[123.16655139175174,11.515882634406903],[123.16365743164725,11.504396027775528]]],[[[121.41555162434678,11.84165121584455],[121.43937655206756,11.844821644752734],[121.48465879485356,11.829063150996364],[121.51667955710867,11.830828975384657],[121.53353942377456,11.84943229182897],[121.51207778908027,11.866755905998886],[121.42986085918145,11.871549435789216],[121.41555162434678,11.84165121584455]]],[[[123.10701796436962,11.134428871950817],[123.11998058925927,11.095647998904822],[123.13741119723616,11.117832035817422],[123.13651494179037,11.150303225913694],[123.10701796436962,11.134428871950817]]],[[[123.18121297639568,11.483295547377427],[123.20973335174178,11.462105875480972],[123.23526167394563,11.473628177210117],[123.23766517662268,11.50836908314623],[123.20030231640538,11.505929913230403],[123.18121297639568,11.483295547377427]]],[[[123.14835377881872,11.25979201342084],[123.16282807021895,11.263122944940694],[123.18541785629564,11.288718219234005],[123.15718285621901,11.312668036231981],[123.14835377881872,11.25979201342084]]],[[[122.6790468419301,10.748096752986113],[122.6511016662481,10.743218536452455],[122.61795267646036,10.725020965557865],[122.60977018211354,10.6815625294685],[122.59158152811442,10.674312018060858],[122.55085210327792,10.631295119940669],[122.52681757760926,10.617864277130495],[122.5112597500928,10.582508072594662],[122.51645018152409,10.515496684239068],[122.47942175540987,10.504210748300173],[122.47648769131864,10.478909782909536],[122.50055793152363,10.462192581738472],[122.50919966813808,10.42876716494533],[122.52256806214253,10.408888521670244],[122.55589090872559,10.423875540949568],[122.61549571063472,10.440757703353016],[122.64555453909962,10.453912075319206],[122.64637050714326,10.473474159930502],[122.66754236661617,10.477246506249985],[122.6837778741699,10.50706005115407],[122.68489271995149,10.535134574736032],[122.70012051883276,10.553216253178396],[122.70940436413655,10.586164562492229],[122.72776248648687,10.620013567189064],[122.71824679845778,10.659668339136209],[122.72151977685,10.695787032379837],[122.7089228234686,10.724646342661076],[122.6790468419301,10.748096752986113]]],[[[122.81968683277664,10.06215328199141],[122.81288642164154,10.059106851753226],[123.2048212605495,9.980175547159542],[123.2059475330864,9.985470117394316],[123.23053061487295,10.011720865328682],[123.28424047182278,10.131608213750749],[123.28864156025031,10.184274687661587],[123.33014687573825,10.25755111719407],[123.33341097278169,10.28375720738786],[123.32742237162319,10.34181473884375],[123.35917117004229,10.437047765867476],[123.40016372178772,10.47234595120318],[123.4041296410687,10.473092728440418],[123.49666759716258,10.92892673553703],[123.4613559377741,10.929399348897963],[123.3910403789252,10.959297676003198],[123.35027528773557,10.951842056473449],[123.31815194016912,10.953282315231903],[123.25885036372655,10.988567160313293],[123.2272263667892,10.99436847484933],[123.18932402085133,11.00206039163645],[123.16001884368085,10.97859665387002],[123.1289924239194,10.971256939434818],[123.07079218891907,10.914180429147159],[123.03894981141258,10.920650586607206],[122.99723931123029,10.91683364323287],[122.98618521821838,10.900575722147842],[122.9528445141993,10.894159125207462],[122.96038040543284,10.876144342707736],[122.94480923795439,10.848176853685855],[122.94795289549589,10.832039366739654],[122.96568228435763,10.805431885936667],[122.9617449269089,10.74814135996428],[122.94740440030981,10.725921700738553],[122.95041876545889,10.694364595086876],[122.93438827764157,10.667320155524228],[122.9198070869569,10.612415224293988],[122.8992684429474,10.60267212600745],[122.88509291802693,10.5712443710103],[122.84818053168378,10.547343624427674],[122.82170238690202,10.550759292116776],[122.79572367122636,10.526314474155056],[122.81211086536261,10.509164733663516],[122.8272004318941,10.440236019459556],[122.86174061521515,10.394414250542518],[122.86802795883541,10.36375349990314],[122.85090055952968,10.307029270081346],[122.84246838953457,10.297192498019974],[122.8477480122752,10.189906491215819],[122.86551747377716,10.143286578374823],[122.86354211567276,10.091980184116965],[122.84668675703986,10.072774832507694],[122.81968683277664,10.06215328199141]]],[[[121.88008741028709,11.812189905940423],[121.84863287708745,11.766724878309185],[121.90209304787122,11.761686127824035],[121.9215079772595,11.770590937526118],[121.98986602293381,11.75350816648464],[122.01339668926306,11.740286891409319],[122.0551918223142,11.737571269214694],[122.07016544128004,11.744411545945843],[122.09803935841268,11.70951910242505],[122.0941777734753,11.680298625724403],[122.1013033655169,11.653329980923258],[122.08786810979413,11.569819913733038],[122.07747839461284,11.541089953881968],[122.08483142448195,11.514807990785169],[122.05108496002137,11.42540300395432],[122.06278124446274,11.375853450526167],[122.05750159322048,11.339271009305016],[122.03481371669008,11.321412353986569],[122.02886080126947,11.292660030331731],[122.05367125559974,11.260090770695099],[122.0542598534039,11.233612610441591],[122.03547812853402,11.202617396866605],[122.03925941421451,11.157937217030206],[122.0367890746726,11.122264406688926],[122.04974279526792,11.044626990061637],[122.05438029531379,11.039079868770534],[122.03531759812303,10.991973970679307],[121.99062406422242,10.935071333623082],[121.95980719672873,10.854169847191402],[121.94586799831765,10.799666311608895],[121.92735387407664,10.762223219969526],[121.93450182294457,10.747691024001728],[121.9667589061639,10.725462366680565],[121.97963676740264,10.68719880850536],[121.97966800481505,10.633792201323775],[121.96523389657501,10.566870000839224],[121.9427511492919,10.525302272171317],[121.9215079772595,10.503978823358164],[121.92471406531182,10.487854718688393],[121.91596086859957,10.448993639783835],[121.92961017978126,10.430983364957678],[121.96349485817011,10.417267148183026],[122.01007018673754,10.44331277548061],[122.03740889797295,10.480479383439858],[122.06564392882235,10.50452281374894],[122.09641173851622,10.576662168656853],[122.14225126830124,10.584965054592695],[122.21015893703563,10.637114206547869],[122.2408509554893,10.635348426978233],[122.2763141442002,10.657033029006147],[122.31329350972699,10.65545446835129],[122.3473209298029,10.670463822992119],[122.40432608580132,10.673139261020987],[122.44022181394868,10.686512158865547],[122.47630484937906,10.68952646688766],[122.50299258306421,10.679698664893232],[122.52741953149467,10.68069745842749],[122.55284084850659,10.692282188739892],[122.58260981222193,10.690944464974597],[122.60003599398213,10.725364323069643],[122.58807223979206,10.747539378011407],[122.59770834801485,10.76358766361857],[122.6271116591992,10.784483070535977],[122.66577653060715,10.783319205952276],[122.6786900619045,10.7994344365791],[122.71743967456649,10.781910150410535],[122.73235539979814,10.785258898293803],[122.78260053886163,10.851668307492886],[122.78755900329534,10.895371958148791],[122.778489211891,10.931579877957622],[122.75975212022999,10.949202224401029],[122.78189149043135,10.985882797828918],[122.81295804312116,10.999474116809585],[122.83881193259461,11.000669186888626],[122.87513128248344,11.030794877653706],[122.90696042342803,11.019736289598768],[122.91937453137857,11.061081085703947],[122.94100114134723,11.05677807045459],[122.97831935686416,11.062017504366285],[123.01165111669305,11.095367140135128],[123.01924948737867,11.144573313873174],[123.02921112172521,11.167747244760863],[123.054159742805,11.168928942358217],[123.09484906735435,11.15686255522442],[123.11398308421704,11.159698560528538],[123.12767250872369,11.181681927838662],[123.11625722015775,11.211477640824791],[123.09214237502322,11.226411142543133],[123.09677091979557,11.28116450330033],[123.10887743773273,11.308463115147546],[123.09810421084178,11.331574628360002],[123.13271127838964,11.343030073117008],[123.15064136255208,11.396757781095815],[123.12911282099833,11.41650264141073],[123.15644266184913,11.449892420780504],[123.16713556056169,11.474207881900549],[123.13258196137474,11.498670547252694],[123.10178294314733,11.498692824846556],[123.1036825148456,11.502358166233318],[123.1116018668095,11.501372757402297],[123.11324282220788,11.50228239252579],[123.13498541088423,11.508779260970101],[123.16275223665623,11.564263857017723],[123.12465365429452,11.568749726634847],[123.06862511176442,11.524974754888099],[123.04196862233636,11.51782237267633],[123.0079411984327,11.492534797724971],[122.94003355410513,11.480076093130764],[122.91960190277399,11.48574807578552],[122.91321647473902,11.466783507383795],[122.9172118974971,11.461361223030524],[122.89485839635817,11.458489541596439],[122.89505012657911,11.459091547673713],[122.87490837021271,11.455836370714408],[122.88902141666871,11.48830753046146],[122.90928806201401,11.501060560899976],[122.89362319424231,11.537504857344288],[122.87792267702889,11.544474406846232],[122.83342090011996,11.59834928808931],[122.82687489921288,11.614281643926493],[122.7909301523385,11.611855841428467],[122.7767546595796,11.607432442087767],[122.72617948642946,11.610174809596598],[122.71204418009623,11.589087673541684],[122.65815592263252,11.557673329012802],[122.6345806360148,11.520533477903744],[122.58321178740678,11.51487487846561],[122.58672115445327,11.554222016930423],[122.57166277814878,11.571585758901202],[122.49839082275595,11.598598968352787],[122.49138551271956,11.61489699791834],[122.46276700670083,11.628880741189882],[122.41307930512721,11.676824960333864],[122.38821980424653,11.713380716068293],[122.38600441406788,11.717431322522646],[121.88120172372605,11.815645859851271],[121.88008741028709,11.812189905940423]]]]},"properties":{"id":"S1C_IW_GRDH_1SDV_20260408T213841_20260408T213906_007130_00E70C_6891","date":"2026-04-08","instrumentMode":"IW","orbit_pass":"DESCENDING","pass_hour":"6 AM","platform_number":"C","relativeOrbitNumber_start":134,"system:time_start":1775684321000,"TileNumber":"C3","satellite":"Sentinel-1C"}},
{"type":"Feature","geometry":{"type":"Polygon","coordinates":[[[122.78653793230306,10.065840908781745],[122.74855081367959,10.044245502807337],[122.69669146451636,9.99074966023862],[122.65366564447238,9.975619978057013],[122.61305214200405,9.97450516693722],[122.50801799502298,9.986205889715265],[122.451574711024,9.975726954460633],[122.44341902010856,9.926529711231115],[122.42816890598874,9.895784203478932],[122.4104528627641,9.878630064299589],[122.39917131711054,9.852232203901142],[122.39328979620944,9.792440051097731],[122.40215447765578,9.760405917401748],[122.38266824009922,9.714040184583565],[122.39600534924243,9.694406765525956],[122.41089430947753,9.705826498888651],[122.41693195284309,9.664838470814844],[122.43739473753828,9.675303969499389],[122.46273582363132,9.650306239638482],[122.44664740296993,9.632229059136998],[122.4689651697652,9.603338499238863],[122.4872652995273,9.564348140648057],[122.50578395208979,9.558943702589582],[122.53424192102727,9.515521001629528],[122.54060509838192,9.494086061896134],[122.57118119630044,9.457548213128845],[122.61012245719414,9.423712568822136],[122.62584525916812,9.422463973795283],[122.67446282662156,9.383955191445624],[122.72927860410667,9.376682450640375],[122.80950231224325,9.360709911118214],[122.87333876478434,9.321371696415811],[122.88017459447026,9.273017200357586],[122.87764178602372,9.265766704831751],[122.87465861496733,9.245455531804295],[122.88761676462609,9.214308718259147],[122.90770058807672,9.143779114821646],[122.93285442499943,9.103343947469602],[122.94027876192209,9.077298368811958],[122.96820616522818,9.069035656670964],[123.01883480209877,9.036671507809425],[123.03161459513848,9.045536207686755],[123.05661224865268,9.047636430663662],[123.07013669559026,9.062935627625754],[123.1098494758368,9.055020738818161],[123.11287872115068,9.054494820125914],[123.19931217311652,9.475362479621543],[123.18669317020287,9.48243001170906],[123.17273619894512,9.532470009885762],[123.12789099405558,9.543889801660757],[123.1290815847069,9.576552704370863],[123.1529778809176,9.581413100512787],[123.14943739129966,9.600306361676187],[123.12352110947096,9.604435424865294],[123.10867229998999,9.631243592189932],[123.11579350563825,9.652352958380387],[123.15052090603407,9.647920640162795],[123.15316962841487,9.688164024704614],[123.16354153764473,9.709705907986983],[123.1484697765454,9.766434595167352],[123.15387861904175,9.776512193452547],[123.13625185558726,9.830962224073147],[123.14214229526412,9.843800023124572],[123.15196122685957,9.853378174856692],[123.15258108680942,9.900087243446235],[123.18314369110819,9.920768582328009],[123.18258637707235,9.940103242866918],[123.1861179516553,9.945137565982751],[123.20472580528693,9.979726807012451],[123.20521308928471,9.982017541150569],[122.81589210441226,10.060453353798625],[122.80502532031701,10.055585011733896],[122.80267090950309,10.062193427573535],[122.78677421410733,10.066068396870953],[122.78653793230306,10.065840908781745]]]},"properties":{"id":"S1C_IW_GRDH_1SDV_20260408T213906_20260408T213931_007130_00E70C_9E66","date":"2026-04-08","instrumentMode":"IW","orbit_pass":"DESCENDING","pass_hour":"6 AM","platform_number":"C","relativeOrbitNumber_start":134,"system:time_start":1775684346000,"TileNumber":"C4","satellite":"Sentinel-1C"}},
{"type":"Feature","geometry":{"type":"MultiPolygon","coordinates":[[[[122.95356688885958,8.280844934008439],[122.9610983416962,8.31644197987993],[122.94039027453498,8.308290692871852],[122.95356688885958,8.280844934008439]]],[[[122.7829884725419,7.469435711890438],[122.7992552937307,7.540268511039024],[122.78013021475238,7.502045086684547],[122.7829884725419,7.469435711890438]]],[[[122.80868179342701,7.579642426053593],[122.8349063743631,7.703686114061989],[122.826897192468,7.7098392085452],[122.80245240032484,7.72446060595902],[122.78441533239415,7.677091622791845],[122.79559434769148,7.637851525742486],[122.78714878508238,7.614396618004626],[122.79065814658637,7.592814573406299],[122.80868179342701,7.579642426053593]]],[[[121.89412906645987,7.106331100453525],[121.89801056041037,7.096483842253842],[122.20743762264401,7.033013372390466],[122.20884801533369,7.035204010734801],[122.20182937597241,7.067585994786033],[122.25021950289008,7.105229729397728],[122.2566852121534,7.162707534396478],[122.2462241973432,7.190246944180079],[122.27574787416633,7.231029859489871],[122.2793107216815,7.26275635927794],[122.28893346524951,7.274278714726583],[122.28766703209453,7.305523637776784],[122.30206101561083,7.332692943672511],[122.32923928086905,7.324978645222807],[122.36437251256523,7.34417955193722],[122.38861215949386,7.387000334147324],[122.35473638312384,7.399744454960761],[122.3440613070169,7.425437769733654],[122.36113520456794,7.474893624523588],[122.40525803299116,7.493202728634974],[122.4447031971627,7.532625633495794],[122.44803417400497,7.5000162226503],[122.48104041284674,7.539416830102654],[122.49406994124816,7.564271907429045],[122.46917030914462,7.578193195747684],[122.4503484131058,7.564115819573095],[122.42980088527803,7.581729270307554],[122.44444902397107,7.604983452608381],[122.46948246572674,7.620001753600284],[122.4822622053586,7.652432764417159],[122.52562695383685,7.69346540368343],[122.54277667927126,7.72521866870809],[122.57771372654871,7.742564604834604],[122.62618419777674,7.773729231597914],[122.65883815528291,7.784399834109098],[122.6809776045824,7.771151835374345],[122.69151888051255,7.787953749793179],[122.72399901938233,7.783236000101661],[122.74735129589095,7.751389104271312],[122.78273874847817,7.771936642323192],[122.81273507963861,7.746310231759116],[122.82066341099353,7.718084125057982],[122.83609192335946,7.727466085369657],[122.83890898658117,7.723141489490118],[122.92860920903375,8.158656808306654],[122.92521593801322,8.156516305124242],[122.91755519767024,8.148993802312447],[122.85292943157356,8.134996673118605],[122.82055641394568,8.120299462737618],[122.73709094393377,8.11308019299447],[122.7101356329029,8.115559445603175],[122.68099096524016,8.132530830310628],[122.67562225412138,8.157613240062238],[122.65627421993447,8.148177779216418],[122.6218187039265,8.104202124995313],[122.57212200892302,8.07878971015951],[122.53111163473257,8.079507661264566],[122.5132976024569,8.067441292084968],[122.46125984316528,8.073264856153598],[122.44275454906614,8.062349036134131],[122.34703106663802,8.038541849556765],[122.29414162870216,8.011715928049824],[122.28494255333642,8.000001874166301],[122.25105335766838,7.987320183079746],[122.22100797310085,7.951388725306884],[122.23004210955193,7.939028086669922],[122.23121486719683,7.931224666733586],[122.22028556938734,7.903168050080358],[122.1915912756066,7.877345371816109],[122.16103301942715,7.862527780573932],[122.13684691028547,7.804109091249626],[122.09948848986471,7.759406601508409],[122.0929203081739,7.735265031067989],[122.11576867097979,7.720888889512596],[122.13040343532234,7.68741442585538],[122.13265086229889,7.640107788683102],[122.10614146953111,7.592685266461514],[122.14073963491569,7.573988273823838],[122.11183128003128,7.54998495371429],[122.10157092687352,7.526280306332434],[122.07192237404617,7.516746791495956],[122.06889460586844,7.468490412819341],[122.05333680784389,7.442926390811595],[122.05890626509388,7.431002735755857],[122.04649215241771,7.373056728790965],[122.03320396901263,7.359674959007793],[122.03379701389065,7.324983119161104],[122.05938783792632,7.309924722787819],[122.05832653666765,7.289698302129747],[122.01007018673755,7.274336688781835],[122.00299803948228,7.260522403547504],[121.96214371937613,7.238293720900087],[121.921837966423,7.192396232816196],[121.90384104552544,7.149807329787149],[121.89412906645987,7.106331100453525]]]]},"properties":{"id":"S1C_IW_GRDH_1SDV_20260408T213931_20260408T213956_007130_00E70C_6721","date":"2026-04-08","instrumentMode":"IW","orbit_pass":"DESCENDING","pass_hour":"6 AM","platform_number":"C","relativeOrbitNumber_start":134,"system:time_start":1775684371000,"TileNumber":"C5","satellite":"Sentinel-1C"}},
{"type":"Feature","geometry":{"type":"MultiPolygon","coordinates":[[[[121.94834282232225,6.344444649226856],[121.9621972653692,6.330242414891021],[121.98515272244138,6.334710440745122],[121.97219012152432,6.358343684376907],[121.94834282232225,6.344444649226856]]],[[[120.54143194800419,6.34614947171903],[120.58407972280395,6.337449043904013],[120.59697655678893,6.388299927386814],[120.56276640047085,6.382347029531409],[120.54143194800419,6.34614947171903]]],[[[120.66281964956744,6.410064779540718],[120.69093880925465,6.395278431508223],[120.71151748591748,6.414711135650948],[120.70635392311934,6.433537479930055],[120.66281964956744,6.410064779540718]]],[[[121.93966546068367,6.718059349384234],[121.96729850784614,6.708976175390167],[121.97988206762108,6.725349996001848],[121.98000241811094,6.753629618005094],[121.95336824556226,6.742941120442798],[121.93966546068367,6.718059349384234]]],[[[121.95748841589862,6.30055819743778],[121.98578594056582,6.282119775358318],[121.98734215962406,6.305052981139992],[121.95748841589862,6.30055819743778]]],[[[121.57982491333586,6.669575577001334],[121.59858878546359,6.639770894131248],[121.61229602284864,6.660528035703584],[121.59979274693201,6.679095733561843],[121.57982491333586,6.669575577001334]]],[[[122.1910160695178,6.927405217352197],[122.23310993394213,6.947729833514183],[122.23339084522942,6.964540595183214],[122.26711949846585,6.95498032083798],[122.28291368501728,6.977565659285982],[122.27086514122016,6.999125395901907],[122.22168128290885,6.988276383650748],[122.20984679366028,6.975313820762755],[122.1910160695178,6.927405217352197]]],[[[122.20039348389273,7.022071961706439],[122.208540482512,7.034726349297959],[121.89717196627049,7.098611374158542],[121.89901177749813,7.093943704596579],[121.89449474105348,7.076455142494053],[121.92828579618256,6.971104411659077],[121.95552646584075,6.944323047098227],[121.97228817892568,6.951288198240649],[122.00689079599876,6.925688484123837],[122.06262066763234,6.906144216858965],[122.10870547900927,6.885641263330731],[122.14060144074493,6.901167861012024],[122.18018937462776,6.953499858096344],[122.18874188818258,7.002492059480739],[122.20039348389273,7.022071961706439]]],[[[121.79245712390065,6.62753516115787],[121.79511477376948,6.597654712417313],[121.8211514708054,6.583283037759143],[121.8498769896523,6.58432645996762],[121.87667166835122,6.555930926355839],[121.86477485027962,6.540703075261078],[121.86443148765994,6.513569401557489],[121.90577621881575,6.465687593436663],[121.9180521907929,6.444582699622065],[121.94708089731962,6.428146468674189],[121.95314085188551,6.406787310611465],[122.04300067727716,6.409453857746668],[122.08865294791221,6.431022537127901],[122.17820061041849,6.455061579006667],[122.19355770890397,6.466387705344858],[122.19815950862638,6.525729381602271],[122.21404285966952,6.580745822453537],[122.23329726592729,6.593235753855375],[122.30021051804309,6.589579246035141],[122.32515024489017,6.620944621147569],[122.30185148449922,6.644310254350002],[122.25747894477372,6.644831959591298],[122.23372083930236,6.664973748556995],[122.1865747892882,6.668469673807883],[122.1723324068554,6.664046235341983],[122.13781005386417,6.675176144796938],[122.13815342512041,6.704606250301566],[122.1155457758258,6.72153296962763],[122.09488672193744,6.715473040061891],[122.06233081371397,6.748907444813773],[122.02995326601003,6.740497552782676],[122.00877253875159,6.743632307378687],[121.97946287897733,6.715004845144914],[121.94024061065045,6.692312507468847],[121.9380200256006,6.674369098201193],[121.91204126900573,6.67264785591267],[121.8854383158921,6.656216105704815],[121.84879341973448,6.680197136946544],[121.80816655949187,6.662088685462463],[121.79245712390065,6.62753516115787]]]]},"properties":{"id":"S1C_IW_GRDH_1SDV_20260408T213956_20260408T214013_007130_00E70C_285B","date":"2026-04-08","instrumentMode":"IW","orbit_pass":"DESCENDING","pass_hour":"6 AM","platform_number":"C","relativeOrbitNumber_start":134,"system:time_start":1775684396000,"TileNumber":"C6","satellite":"Sentinel-1C"}},
{"type":"Feature","geometry":{"type":"MultiPolygon","coordinates":[[[[121.94834282232225,6.344444649226856],[121.9621972653692,6.330242414891021],[121.98515272244138,6.334710440745122],[121.97219012152432,6.358343684376907],[121.94834282232225,6.344444649226856]]],[[[121.81069035119098,6.12904776734624],[121.8394605370791,6.117213342934193],[121.85043436423518,6.130599536395048],[121.84092751255298,6.148730255078747],[121.81069035119098,6.12904776734624]]],[[[121.7976609371155,6.161104247334862],[121.79987260587629,6.135442127500531],[121.82417469039717,6.146358013687977],[121.82042910797473,6.161750828741072],[121.7976609371155,6.161104247334862]]],[[[121.93966546068367,6.718059349384234],[121.96729850784614,6.708976175390167],[121.97988206762108,6.725349996001848],[121.98000241811094,6.753629618005094],[121.95336824556226,6.742941120442798],[121.93966546068367,6.718059349384234]]],[[[121.65088508607296,6.000911058805186],[121.66609956097835,5.99108766018463],[121.68903270358139,6.000625650240496],[121.68406527675663,6.03050610671379],[121.65088508607296,6.000911058805186]]],[[[121.95748841589862,6.30055819743778],[121.98578594056582,6.282119775358318],[121.98734215962406,6.305052981139992],[121.95748841589862,6.30055819743778]]],[[[121.57982491333586,6.669575577001334],[121.59858878546359,6.639770894131248],[121.61229602284864,6.660528035703584],[121.59979274693201,6.679095733561843],[121.57982491333586,6.669575577001334]]],[[[121.75666834301099,6.081892758891286],[121.77446910630599,6.058049996649538],[121.83761916668055,6.008982165349435],[121.85986534984707,6.021842099690457],[121.81057894091187,6.047165301980049],[121.77548133409961,6.089103137855596],[121.75666834301099,6.081892758891286]]],[[[122.1910160695178,6.927405217352197],[122.23310993394213,6.947729833514183],[122.23339084522942,6.964540595183214],[122.26711949846585,6.95498032083798],[122.28291368501728,6.977565659285982],[122.27086514122016,6.999125395901907],[122.22168128290885,6.988276383650748],[122.20984679366028,6.975313820762755],[122.1910160695178,6.927405217352197]]],[[[122.78241772298635,7.357088633453255],[122.8071880378286,7.308685090145789],[122.80288046435604,7.289140890098735],[122.83302403619348,7.287852205991437],[122.84631214814476,7.305817954753643],[122.89942008297115,7.320684556123999],[122.92397182234068,7.345111507401682],[122.92344125407635,7.369694559982349],[122.97245122625536,7.370760275915297],[122.93599802810309,7.400747696662877],[122.94125975913617,7.41363007037774],[122.89929072019723,7.440843945552495],[122.87467203620879,7.364495225806448],[122.85958689495826,7.405804327636848],[122.82451609012114,7.436942244521442],[122.8077453900526,7.427239223911818],[122.78241772298635,7.357088633453255]]],[[[121.79245712390065,6.62753516115787],[121.79511477376948,6.597654712417313],[121.8211514708054,6.583283037759143],[121.8498769896523,6.58432645996762],[121.87667166835122,6.555930926355839],[121.86477485027962,6.540703075261078],[121.86443148765994,6.513569401557489],[121.90577621881575,6.465687593436663],[121.9180521907929,6.444582699622065],[121.94708089731962,6.428146468674189],[121.95314085188551,6.406787310611465],[122.04300067727716,6.409453857746668],[122.08865294791221,6.431022537127901],[122.17820061041849,6.455061579006667],[122.19355770890397,6.466387705344858],[122.19815950862638,6.525729381602271],[122.21404285966952,6.580745822453537],[122.23329726592729,6.593235753855375],[122.30021051804309,6.589579246035141],[122.32515024489017,6.620944621147569],[122.30185148449922,6.644310254350002],[122.25747894477372,6.644831959591298],[122.23372083930236,6.664973748556995],[122.1865747892882,6.668469673807883],[122.1723324068554,6.664046235341983],[122.13781005386417,6.675176144796938],[122.13815342512041,6.704606250301566],[122.1155457758258,6.72153296962763],[122.09488672193744,6.715473040061891],[122.06233081371397,6.748907444813773],[122.02995326601003,6.740497552782676],[122.00877253875159,6.743632307378687],[121.97946287897733,6.715004845144914],[121.94024061065045,6.692312507468847],[121.9380200256006,6.674369098201193],[121.91204126900573,6.67264785591267],[121.8854383158921,6.656216105704815],[121.84879341973448,6.680197136946544],[121.80816655949187,6.662088685462463],[121.79245712390065,6.62753516115787]]],[[[121.89412906645987,7.106331100453525],[121.89901177749813,7.093943704596579],[121.89449474105348,7.076455142494053],[121.92828579618256,6.971104411659077],[121.95552646584075,6.944323047098227],[121.97228817892568,6.951288198240649],[122.00689079599876,6.925688484123837],[122.06262066763234,6.906144216858965],[122.10870547900927,6.885641263330731],[122.14060144074493,6.901167861012024],[122.18018937462776,6.953499858096344],[122.18874188818258,7.002492059480739],[122.20039348389273,7.022071961706439],[122.20884801533369,7.035204010734801],[122.20182937597241,7.067585994786033],[122.25021950289008,7.105229729397728],[122.2566852121534,7.162707534396478],[122.2462241973432,7.190246944180079],[122.27574787416633,7.231029859489871],[122.2793107216815,7.26275635927794],[122.28893346524951,7.274278714726583],[122.28766703209453,7.305523637776784],[122.30206101561083,7.332692943672511],[122.32923928086905,7.324978645222807],[122.36437251256523,7.34417955193722],[122.38861215949386,7.387000334147324],[122.35473638312384,7.399744454960761],[122.3440613070169,7.425437769733654],[122.36113520456794,7.474893624523588],[122.40525803299116,7.493202728634974],[122.4447031971627,7.532625633495794],[122.44803417400497,7.5000162226503],[122.48104041284674,7.539416830102654],[122.49406994124816,7.564271907429045],[122.46917030914462,7.578193195747684],[122.4503484131058,7.564115819573095],[122.42980088527803,7.581729270307554],[122.44444902397107,7.604983452608381],[122.46948246572674,7.620001753600284],[122.4822622053586,7.652432764417159],[122.52562695383685,7.69346540368343],[122.54277667927126,7.72521866870809],[122.57771372654871,7.742564604834604],[122.62618419777674,7.773729231597914],[122.65883815528291,7.784399834109098],[122.6809776045824,7.771151835374345],[122.69151888051255,7.787953749793179],[122.72399901938233,7.783236000101661],[122.74735129589095,7.751389104271312],[122.78273874847817,7.771936642323192],[122.81273507963861,7.746310231759116],[122.82066341099353,7.718084125057982],[122.83609192335946,7.727466085369657],[122.83532489574895,7.723078315176619],[122.83080342854306,7.716510061930418],[122.826897192468,7.7098392085452],[122.80245240032484,7.72446060595902],[122.78441533239415,7.677091622791845],[122.79559434769148,7.637851525742486],[122.78714878508238,7.614396618004626],[122.79065814658637,7.592814573406299],[122.80868179342701,7.579642426053593],[122.82745460832251,7.533432764385387],[122.7992552937307,7.540268511039024],[122.78013021475238,7.502045086684547],[122.7829884725419,7.469435711890438],[122.79927759306753,7.486714725563157],[122.8202799254751,7.46748264040278],[122.80908753396827,7.438730324085523],[122.8410860671177,7.436304581439762],[122.87642891289323,7.467883945699046],[122.85703179856945,7.492408984357199],[122.88366601644162,7.508336945304202],[122.89025658930349,7.538449198549201],[122.91972229589113,7.535782664742969],[122.92991580073928,7.511003447136485],[122.95603726243344,7.473176911990081],[122.97326722956991,7.483562129910187],[122.98462010512259,7.46039263725256],[123.01448269300882,7.479317118428313],[122.99809102943325,7.495811288465815],[123.02535401802812,7.54114251805309],[123.03559205260429,7.582518495615988],[123.029050573126,7.616496880209092],[123.05711170805112,7.626913355142821],[123.04277125825696,7.649842016482358],[123.08183291506613,7.676132910790345],[123.09027846560461,7.699123994686643],[123.11990918538511,7.722404954881344],[123.14555349037043,7.690089866756894],[123.12719537489131,7.666380847010652],[123.17635252892686,7.622186673278156],[123.19040760956592,7.614641848396266],[123.19164280888681,7.584324448213577],[123.1764817883174,7.57257023792509],[123.14494259510175,7.574554537706202],[123.10384311410175,7.553115222529895],[123.11749240835547,7.513375705592802],[123.15850271840132,7.495106744874439],[123.1673138986286,7.470091216957526],[123.18480695189484,7.470367661057373],[123.19557127886705,7.488083679273419],[123.18195315538428,7.503208968717394],[123.20815480185732,7.517522680093255],[123.22468020888837,7.536629932853326],[123.30087289719702,7.529245623089388],[123.29193686974716,7.512916427818906],[123.28838299571817,7.463282179811828],[123.31857110027366,7.447278476062309],[123.3241405157167,7.425237124206778],[123.3428285885806,7.408510989865614],[123.36746066958652,7.402830106653735],[123.38385676458755,7.377368631190794],[123.40968391345528,7.358586892126782],[123.42230314115669,7.371941902485449],[123.45313338286668,7.3720133058793],[123.44037587620745,7.413112823279026],[123.44885261601245,7.432888923031816],[123.43730804588228,7.449632829067299],[123.38175209185518,7.488556321650857],[123.38189032207804,7.529214417729653],[123.33811090422729,7.548406358121642],[123.35138559479758,7.577840950741877],[123.39261449912581,7.566916148065057],[123.38123931162902,7.605705846927454],[123.45784217624468,7.629776063297762],[123.48188567482958,7.681738008124291],[123.48178307217793,7.730199473511774],[123.44651603196066,7.748263302460571],[123.42479576598556,7.78151033959032],[123.42908992709359,7.784636186312197],[123.42633861995922,7.812055188112776],[123.44380936187738,7.82265896879097],[123.46317083747955,7.81283106374383],[123.51608254462703,7.835915869854912],[123.54047374813263,7.852173770609045],[123.52711029151313,7.926152556382221],[123.4743038113855,8.181842601357356],[123.4713914175113,8.184751538581297],[122.8263328014813,8.055394463889522],[122.23065469224622,7.93495205595357],[122.23121486719683,7.931224666733586],[122.22028556938734,7.903168050080358],[122.1915912756066,7.877345371816109],[122.16103301942715,7.862527780573932],[122.13684691028547,7.804109091249626],[122.09948848986471,7.759406601508409],[122.0929203081739,7.735265031067989],[122.11576867097979,7.720888889512596],[122.13040343532234,7.68741442585538],[122.13265086229889,7.640107788683102],[122.10614146953111,7.592685266461514],[122.14073963491569,7.573988273823838],[122.11183128003128,7.54998495371429],[122.10157092687352,7.526280306332434],[122.07192237404617,7.516746791495956],[122.06889460586844,7.468490412819341],[122.05333680784389,7.442926390811595],[122.05890626509388,7.431002735755857],[122.04649215241771,7.373056728790965],[122.03320396901263,7.359674959007793],[122.03379701389065,7.324983119161104],[122.05938783792632,7.309924722787819],[122.05832653666765,7.289698302129747],[122.01007018673755,7.274336688781835],[122.00299803948228,7.260522403547504],[121.96214371937613,7.238293720900087],[121.921837966423,7.192396232816196],[121.90384104552544,7.149807329787149],[121.89412906645987,7.106331100453525]]]]},"properties":{"id":"S1C_IW_GRDH_1SDV_20260409T100346_20260409T100415_007138_00E754_EC51","date":"2026-04-09","instrumentMode":"IW","orbit_pass":"ASCENDING","pass_hour":"6 PM","platform_number":"C","relativeOrbitNumber_start":142,"system:time_start":1775729026000,"TileNumber":"X7","satellite":"Sentinel-1C"}},
{"type":"Feature","geometry":{"type":"MultiPolygon","coordinates":[[[[122.23004210955193,7.939028086669922],[122.23093602901675,7.933080057107261],[123.46036705863867,8.18059396717814],[123.47370935128583,8.18560481114437],[123.45524487221687,8.290204948533546],[123.38525025742102,8.636119787157801],[123.38197505753449,8.637381304156268],[123.35492611158674,8.634411567114393],[123.32926403656363,8.551659549749553],[123.29599022792938,8.520695565815721],[123.26593143497367,8.514760442595136],[123.24593233098237,8.524129075207172],[123.18948456597491,8.534041636302065],[123.13101238079186,8.525801241939039],[123.06263650905223,8.518086977488565],[123.021461198891,8.475203817005877],[123.0226963683078,8.455427670047131],[123.01004585084054,8.430706398533273],[122.98107066552875,8.412776374901755],[122.99027423091555,8.347891973286343],[122.98016543121808,8.32246177466714],[122.9610983416962,8.31644197987993],[122.94039027453498,8.308290692871852],[122.95356688885958,8.280844934008439],[122.96498217396297,8.26581775832348],[122.99783238696382,8.248788463078629],[123.00016899536439,8.222573435653342],[122.98916833547396,8.200830863282466],[122.9600058765296,8.186120284610308],[122.92521593801322,8.156516305124242],[122.91755519767024,8.148993802312447],[122.85292943157356,8.134996673118605],[122.82055641394568,8.120299462737618],[122.73709094393377,8.11308019299447],[122.7101356329029,8.115559445603175],[122.68099096524016,8.132530830310628],[122.67562225412138,8.157613240062238],[122.65627421993447,8.148177779216418],[122.6218187039265,8.104202124995313],[122.57212200892302,8.07878971015951],[122.53111163473257,8.079507661264566],[122.5132976024569,8.067441292084968],[122.46125984316528,8.073264856153598],[122.44275454906614,8.062349036134131],[122.34703106663802,8.038541849556765],[122.29414162870216,8.011715928049824],[122.28494255333642,8.000001874166301],[122.25105335766838,7.987320183079746],[122.22100797310085,7.951388725306884],[122.23004210955193,7.939028086669922]]],[[[123.15316962841487,9.688164024704614],[123.07216944919959,9.673841708806375],[122.49977917192163,9.560696249102428],[122.50578395208979,9.558943702589582],[122.53424192102727,9.515521001629528],[122.54060509838192,9.494086061896134],[122.57118119630044,9.457548213128845],[122.61012245719414,9.423712568822136],[122.62584525916812,9.422463973795283],[122.67446282662156,9.383955191445624],[122.72927860410667,9.376682450640375],[122.80950231224325,9.360709911118214],[122.87333876478434,9.321371696415811],[122.88017459447026,9.273017200357586],[122.87764178602372,9.265766704831751],[122.87465861496733,9.245455531804295],[122.88761676462609,9.214308718259147],[122.90770058807672,9.143779114821646],[122.93285442499943,9.103343947469602],[122.94027876192209,9.077298368811958],[122.96820616522818,9.069035656670964],[123.01883480209877,9.036671507809425],[123.03161459513848,9.045536207686755],[123.05661224865268,9.047636430663662],[123.07013669559026,9.062935627625754],[123.1098494758368,9.055020738818161],[123.13011160477203,9.04427425409633],[123.15209944095332,9.075367610639084],[123.18137344904748,9.091219673210727],[123.20614826609959,9.094456963073897],[123.21351465099987,9.119691059802411],[123.24733696350094,9.153205634123271],[123.27214739683079,9.188887366875777],[123.21583110770442,9.469534218132315],[123.20420848711129,9.472619998356869],[123.18669317020287,9.48243001170906],[123.17273619894512,9.532470009885762],[123.12789099405558,9.543889801660757],[123.1290815847069,9.576552704370863],[123.1529778809176,9.581413100512787],[123.14943739129966,9.600306361676187],[123.12352110947096,9.604435424865294],[123.10867229998999,9.631243592189932],[123.11579350563825,9.652352958380387],[123.15052090603407,9.647920640162795],[123.15316962841487,9.688164024704614]]]]},"properties":{"id":"S1C_IW_GRDH_1SDV_20260409T100415_20260409T100440_007138_00E754_16AB","date":"2026-04-09","instrumentMode":"IW","orbit_pass":"ASCENDING","pass_hour":"6 PM","platform_number":"C","relativeOrbitNumber_start":142,"system:time_start":1775729055000,"TileNumber":"X6","satellite":"Sentinel-1C"}},
{"type":"Feature","geometry":{"type":"MultiPolygon","coordinates":[[[[120.96519133529193,10.825511210373854],[120.98314815987466,10.829511063573285],[120.97995984390724,10.828391796876726],[120.96816111222206,10.826683992009116],[120.96519133529193,10.825511210373854]]],[[[122.68528059448563,10.451811795833782],[122.72878363040981,10.457729007950736],[122.70173468904554,10.481161631451238],[122.68528059448563,10.451811795833782]]],[[[121.07997304804466,10.847855805081162],[121.0053612708608,10.83476756613818],[121.02292778905374,10.804392948449339],[121.04270837242298,10.798622827706907],[121.06787105317817,10.84694170097545],[121.06938713812248,10.846906012112314],[121.07997304804466,10.847855805081162]]],[[[122.6790468419301,10.748096752986113],[122.6511016662481,10.743218536452455],[122.61795267646036,10.725020965557865],[122.60977018211354,10.6815625294685],[122.59158152811442,10.674312018060858],[122.55085210327792,10.631295119940669],[122.52681757760926,10.617864277130495],[122.5112597500928,10.582508072594662],[122.51645018152409,10.515496684239068],[122.47942175540987,10.504210748300173],[122.47648769131864,10.478909782909536],[122.50055793152363,10.462192581738472],[122.50919966813808,10.42876716494533],[122.52256806214253,10.408888521670244],[122.55589090872559,10.423875540949568],[122.61549571063472,10.440757703353016],[122.64555453909962,10.453912075319206],[122.64637050714326,10.473474159930502],[122.66754236661617,10.477246506249985],[122.6837778741699,10.50706005115407],[122.68489271995149,10.535134574736032],[122.70012051883276,10.553216253178396],[122.70940436413655,10.586164562492229],[122.72776248648687,10.620013567189064],[122.71824679845778,10.659668339136209],[122.72151977685,10.695787032379837],[122.7089228234686,10.724646342661076],[122.6790468419301,10.748096752986113]]],[[[122.90696042342803,11.019736289598768],[122.90902414496314,11.023976150605023],[122.88353310632891,11.148484653080105],[122.87008556693583,11.201226396240925],[122.16021942743124,11.063187687116038],[122.05438029531379,11.039079868770534],[122.03531759812303,10.991973970679307],[121.99062406422242,10.935071333623082],[121.95980719672873,10.854169847191402],[121.94586799831765,10.799666311608895],[121.92735387407664,10.762223219969526],[121.93450182294457,10.747691024001728],[121.9667589061639,10.725462366680565],[121.97963676740264,10.68719880850536],[121.97966800481505,10.633792201323775],[121.96523389657501,10.566870000839224],[121.9427511492919,10.525302272171317],[121.9215079772595,10.503978823358164],[121.92471406531182,10.487854718688393],[121.91596086859957,10.448993639783835],[121.92961017978126,10.430983364957678],[121.96349485817011,10.417267148183026],[122.01007018673754,10.44331277548061],[122.03740889797295,10.480479383439858],[122.06564392882235,10.50452281374894],[122.09641173851622,10.576662168656853],[122.14225126830124,10.584965054592695],[122.21015893703563,10.637114206547869],[122.2408509554893,10.635348426978233],[122.2763141442002,10.657033029006147],[122.31329350972699,10.65545446835129],[122.3473209298029,10.670463822992119],[122.40432608580132,10.673139261020987],[122.44022181394868,10.686512158865547],[122.47630484937906,10.68952646688766],[122.50299258306421,10.679698664893232],[122.52741953149467,10.68069745842749],[122.55284084850659,10.692282188739892],[122.58260981222193,10.690944464974597],[122.60003599398213,10.725364323069643],[122.58807223979206,10.747539378011407],[122.59770834801485,10.76358766361857],[122.6271116591992,10.784483070535977],[122.66577653060715,10.783319205952276],[122.6786900619045,10.7994344365791],[122.71743967456649,10.781910150410535],[122.73235539979814,10.785258898293803],[122.78260053886163,10.851668307492886],[122.78755900329534,10.895371958148791],[122.778489211891,10.931579877957622],[122.75975212022999,10.949202224401029],[122.78189149043135,10.985882797828918],[122.81295804312116,10.999474116809585],[122.83881193259461,11.000669186888626],[122.87513128248344,11.030794877653706],[122.90696042342803,11.019736289598768]]],[[[122.78653793230306,10.065840908781745],[122.74855081367959,10.044245502807337],[122.69669146451636,9.99074966023862],[122.65366564447238,9.975619978057013],[122.61305214200405,9.97450516693722],[122.50801799502298,9.986205889715265],[122.451574711024,9.975726954460633],[122.44341902010856,9.926529711231115],[122.42816890598874,9.895784203478932],[122.4104528627641,9.878630064299589],[122.39917131711054,9.852232203901142],[122.39328979620944,9.792440051097731],[122.40215447765578,9.760405917401748],[122.38266824009922,9.714040184583565],[122.39600534924243,9.694406765525956],[122.41089430947753,9.705826498888651],[122.41693195284309,9.664838470814844],[122.43739473753828,9.675303969499389],[122.46273582363132,9.650306239638482],[122.44664740296993,9.632229059136998],[122.4689651697652,9.603338499238863],[122.4872652995273,9.564348140648057],[122.50374515127557,9.559538757646585],[123.15316962841487,9.688164024704614],[123.16354153764473,9.709705907986983],[123.1484697765454,9.766434595167352],[123.15387861904175,9.776512193452547],[123.13625185558726,9.830962224073147],[123.14214229526412,9.843800023124572],[123.14422217951945,9.845824164047503],[123.12120414495882,9.98352849479729],[122.96391328584468,10.75551143226478],[122.9617449269089,10.74814135996428],[122.94740440030981,10.725921700738553],[122.95041876545889,10.694364595086876],[122.93438827764157,10.667320155524228],[122.9198070869569,10.612415224293988],[122.8992684429474,10.60267212600745],[122.88509291802693,10.5712443710103],[122.84818053168378,10.547343624427674],[122.82170238690202,10.550759292116776],[122.79572367122636,10.526314474155056],[122.81211086536261,10.509164733663516],[122.8272004318941,10.440236019459556],[122.86174061521515,10.394414250542518],[122.86802795883541,10.36375349990314],[122.85090055952968,10.307029270081346],[122.84246838953457,10.297192498019974],[122.8477480122752,10.189906491215819],[122.86551747377716,10.143286578374823],[122.86354211567276,10.091980184116965],[122.84668675703986,10.072774832507694],[122.81968683277664,10.06215328199141],[122.80502532031701,10.055585011733896],[122.80267090950309,10.062193427573535],[122.78677421410733,10.066068396870953],[122.78653793230306,10.065840908781745]]]]},"properties":{"id":"S1C_IW_GRDH_1SDV_20260409T100440_20260409T100505_007138_00E754_61FA","date":"2026-04-09","instrumentMode":"IW","orbit_pass":"ASCENDING","pass_hour":"6 PM","platform_number":"C","relativeOrbitNumber_start":142,"system:time_start":1775729080000,"TileNumber":"X5","satellite":"Sentinel-1C"}},
{"type":"Feature","geometry":{"type":"MultiPolygon","coordinates":[[[[120.93660849294291,11.152969803651814],[120.95385630276706,11.131552680595036],[120.96736733470496,11.132239432724008],[120.98718360903031,11.160082019469419],[120.94290921718127,11.162177828090849],[120.93660849294291,11.152969803651814]]],[[[121.9127725850945,12.064396648166895],[121.92019695292987,12.048018353014022],[121.95053230028172,12.032246554577043],[121.96504219495615,12.03679037497454],[121.95123237547912,12.09486125283306],[121.91869430417289,12.083940912547531],[121.9127725850945,12.064396648166895]]],[[[121.53984016376035,11.950029595864054],[121.54869146965034,11.937111648869042],[121.540442107715,11.90697255848168],[121.55560308154837,11.891967712098317],[121.58248252990781,11.899035364178632],[121.58258058161576,11.938632209744366],[121.56044122240414,11.966318721298325],[121.53984016376035,11.950029595864054]]],[[[121.41555162434678,11.84165121584455],[121.43937655206756,11.844821644752734],[121.48465879485356,11.829063150996364],[121.51667955710867,11.830828975384657],[121.53353942377456,11.84943229182897],[121.51207778908027,11.866755905998886],[121.42986085918145,11.871549435789216],[121.41555162434678,11.84165121584455]]],[[[121.07997304804466,10.847855805081162],[121.08603744894454,10.85958772074004],[121.0716167120849,10.889757952876556],[121.01294825337602,10.860336783795672],[121.0038820060937,10.832522138106798],[121.06787105317817,10.84694170097545],[121.06938713812248,10.846906012112314],[121.07997304804466,10.847855805081162]]],[[[121.0309675527403,12.257756668394725],[121.03587251668677,12.225981111634404],[121.08217583970477,12.20200006689596],[121.08847213068275,12.173675811037121],[121.11769258390922,12.150626774032776],[121.13313893713416,12.166492250844255],[121.11562351194561,12.197362561664452],[121.07473806361133,12.294325767601045],[121.04197702139057,12.28974623230859],[121.0309675527403,12.257756668394725]]],[[[121.38556412827869,12.103993485667692],[121.35735142555347,12.117348500087866],[121.34678785396343,12.091583789705572],[121.38212621447843,12.067888104670944],[121.38017308664226,12.059745819332182],[121.3661269598462,12.04619012380687],[121.36993498516898,12.020813424178655],[121.38918494095832,11.989742400073464],[121.4233461233508,12.017758914227374],[121.38556412827869,12.103993485667692]]],[[[122.61245016822012,12.49293413162087],[122.59835043571502,12.491627591960865],[122.5340279323662,12.505152074175754],[122.51970082523023,12.496719894296971],[122.48296226607373,12.500853469986668],[122.44959042508945,12.481483142809862],[122.43121889887391,12.462710286369079],[122.42288931756686,12.438127324293447],[122.43026022320515,12.415751519260775],[122.45680076473647,12.390967856449238],[122.49304880265801,12.383614771190473],[122.54853785076428,12.347826047344595],[122.55700567165188,12.315774047233447],[122.59974614099566,12.30192407261738],[122.61837625262385,12.287070821908484],[122.65351846555865,12.293977899774973],[122.65866547354018,12.30230798671991],[122.61882926640223,12.493523831778907],[122.61245016822012,12.49293413162087]]],[[[122.28988771443888,12.620259279844184],[122.27536885922719,12.620794353018916],[122.2726532382898,12.592724294691026],[122.24678603675613,12.57351897843376],[122.26161255958006,12.539143770668616],[122.25103111354724,12.529989233926608],[122.278664167257,12.481273548518693],[122.3159065409737,12.4897815498276],[122.32797289621985,12.508866453058415],[122.32346474843513,12.542960787021599],[122.28988771443888,12.620259279844184]]],[[[121.43640234455819,12.489674525976344],[121.33554151675348,12.47160189535236],[121.00864431398043,12.407689868119721],[121.01439747744442,12.399578335814041],[121.02329343537302,12.377242703950495],[121.08202419574341,12.33046227764477],[121.09931212128933,12.302820346703172],[121.09320764228384,12.269444002065304],[121.11775946576141,12.242252388985518],[121.18653664518939,12.243322542001524],[121.20723579348086,12.239242439994616],[121.24920040071775,12.211694139064377],[121.25978630286616,12.261404227334845],[121.27525938391605,12.285554704405536],[121.3290852042509,12.294900963209175],[121.34248473954119,12.322962112092545],[121.39343443263292,12.288560125141863],[121.3799680019551,12.35350693952929],[121.3884179591462,12.368453807686434],[121.41182829133676,12.368868518951956],[121.44036203787363,12.358447637805302],[121.44201641101772,12.369492786740592],[121.4156407491566,12.404082045588588],[121.40939356193627,12.445301975111024],[121.43640234455819,12.489674525976344]]],[[[122.00164244314941,12.598369586676348],[121.99239433957185,12.568712095137407],[122.0065921188383,12.547473401615916],[122.01384706222551,12.488506190448012],[122.00406820783962,12.44388847850148],[121.97698363733008,12.402102214831686],[121.95288221270374,12.40588356770807],[121.94135097315853,12.387512041226364],[121.93763652701115,12.337338221096463],[121.92160165226326,12.30264194236063],[121.94638079566505,12.295404859318676],[121.98158101903311,12.261881303305163],[122.01331194052214,12.239643761706615],[122.0155860812161,12.223519717730124],[121.99611768935753,12.210021961259226],[121.96946114017517,12.211970599939601],[121.96024867774298,12.190138881264424],[121.96970195069376,12.153266510423231],[122.0028018061123,12.125959036233183],[122.01687029009337,12.136491398917535],[122.0479189924585,12.179178376338022],[122.04273305822306,12.22639583687186],[122.05757746330703,12.25073357396858],[122.09689331823724,12.361065092790117],[122.08927273542903,12.385269128197276],[122.10080845760393,12.400184795770915],[122.1091291102034,12.482789678772045],[122.11654013425095,12.516598583651367],[122.13913882437366,12.543888288566324],[122.1360709998613,12.589482584360809],[122.12143622377367,12.617869170487898],[122.12234758020918,12.623672145629413],[122.00164244314941,12.598369586676348]]],[[[121.88008741028709,11.812189905940423],[121.84863287708745,11.766724878309185],[121.90209304787122,11.761686127824035],[121.9215079772595,11.770590937526118],[121.98986602293381,11.75350816648464],[122.01339668926306,11.740286891409319],[122.0551918223142,11.737571269214694],[122.07016544128004,11.744411545945843],[122.09803935841268,11.70951910242505],[122.0941777734753,11.680298625724403],[122.1013033655169,11.653329980923258],[122.08786810979413,11.569819913733038],[122.07747839461284,11.541089953881968],[122.08483142448195,11.514807990785169],[122.05108496002137,11.42540300395432],[122.06278124446274,11.375853450526167],[122.05750159322048,11.339271009305016],[122.03481371669008,11.321412353986569],[122.02886080126947,11.292660030331731],[122.05367125559974,11.260090770695099],[122.0542598534039,11.233612610441591],[122.03547812853402,11.202617396866605],[122.03925941421451,11.157937217030206],[122.0367890746726,11.122264406688926],[122.04974279526792,11.044626990061637],[122.05335590191467,11.040305215654053],[122.8682022742431,11.198980619541674],[122.86068234667594,11.263281404815366],[122.79388375350997,11.60772628115556],[122.7909301523385,11.611855841428467],[122.7767546595796,11.607432442087767],[122.72617948642946,11.610174809596598],[122.71204418009623,11.589087673541684],[122.65815592263252,11.557673329012802],[122.6345806360148,11.520533477903744],[122.58321178740678,11.51487487846561],[122.58672115445327,11.554222016930423],[122.57166277814878,11.571585758901202],[122.49839082275595,11.598598968352787],[122.49138551271956,11.61489699791834],[122.46276700670083,11.628880741189882],[122.41307930512721,11.676824960333864],[122.38821980424653,11.713380716068293],[122.38066164533028,11.727199450841214],[122.37444114896981,11.741276794208268],[122.31138057918098,11.740469708360093],[122.28063946868158,11.757895926383524],[122.26019902017003,11.78033857137045],[122.22429872695669,11.795481640417785],[122.16979961994163,11.827292901518208],[122.1071938959991,11.826436726469728],[122.051727073947,11.857766350620187],[122.02359910668359,11.892422525794991],[121.95250761876835,11.93945711476625],[121.9456628960681,11.920604047078019],[121.91780249831665,11.905750736766336],[121.88905465292989,11.90332948862022],[121.88310172859892,11.871808122711359],[121.89026748275417,11.85290594100518],[121.88268260535739,11.820238553967139],[121.88008741028709,11.812189905940423]]]]},"properties":{"id":"S1C_IW_GRDH_1SDV_20260409T100505_20260409T100530_007138_00E754_8A19","date":"2026-04-09","instrumentMode":"IW","orbit_pass":"ASCENDING","pass_hour":"6 PM","platform_number":"C","relativeOrbitNumber_start":142,"system:time_start":1775729105000,"TileNumber":"X4","satellite":"Sentinel-1C"}},
{"type":"Feature","geometry":{"type":"MultiPolygon","coordinates":[[[[121.03996149645734,13.567902999756013],[121.07803337203761,13.526223779132149],[121.09731452158452,13.535868773562262],[121.08863259879288,13.568553998683061],[121.03996149645734,13.567902999756013]]],[[[120.83609589802501,13.67130503110798],[120.83915933008862,13.658650166257761],[120.88268461270408,13.630571207903085],[120.93253283779917,13.631248989193594],[120.94476420976412,13.645736567166582],[120.9292375928718,13.660933164647027],[120.88548935419065,13.658413777449645],[120.83609589802501,13.67130503110798]]],[[[122.01933171325268,12.799715801631343],[122.04013791710271,12.786503458533831],[122.05935662333135,12.7878011143338],[122.07446404579396,12.809142328854826],[122.07102158650831,12.82757179665756],[122.04427146856192,12.820785061083052],[122.01933171325268,12.799715801631343]]],[[[122.00795658881727,12.603296841402004],[122.12203371025494,12.621673638707911],[122.12288096888273,12.627068323563945],[122.1613407136046,12.634483795412992],[122.15840216364371,12.657978789449341],[122.12259560899113,12.670348338446537],[122.11551007096055,12.655414816258562],[122.08216941130591,12.639455675432558],[122.07343843721304,12.624990423252758],[122.03428754403828,12.619866876777746],[122.00795658881727,12.603296841402004]]],[[[120.30548962679552,13.68026339040375],[120.41026514896542,13.626825494834474],[120.4073711863832,13.656505315721613],[120.38268999201996,13.653705028796772],[120.34548331840092,13.67458252749518],[120.30548962679552,13.68026339040375]]],[[[122.03237909528679,12.952961693613291],[122.05178950750934,12.938148610675572],[122.06009684035361,12.907956048490322],[122.08570097701742,12.915438367315557],[122.09269727926846,12.962365975402014],[122.04556461831133,12.963953410698917],[122.03237909528679,12.952961693613291]]],[[[121.68234854608356,12.93399719904991],[121.70149150168837,12.901713284303305],[121.72120070339791,12.903951757746166],[121.73535832048539,12.932909114421497],[121.70329292691544,12.953960590416232],[121.68234854608356,12.93399719904991]]],[[[120.28206592603631,13.834838123129938],[120.27369621075964,13.79064846871876],[120.29373095317162,13.781021221459953],[120.32830240940308,13.788450137079654],[120.32280877398503,13.822718315903042],[120.30184207729023,13.833727811095176],[120.28206592603631,13.834838123129938]]],[[[122.0168613557643,14.158350418689853],[122.0076601733753,14.167418589639048],[121.94970782162387,14.156537123325702],[121.95614622922285,14.14673889044494],[121.98005595538085,14.1181248568123],[121.99262173857818,14.10692799974796],[122.04060162154404,14.086937883990425],[122.05346618210427,14.067331213146199],[122.07697895652582,14.056187940354201],[122.13403315784525,14.01451764724588],[122.1641098349854,14.000801406933586],[122.19100264627357,14.012635894874553],[122.18283805828604,14.028318554214424],[122.12280965064463,14.087722712184334],[122.08306117739598,14.10954549931933],[122.0168613557643,14.158350418689853]]],[[[121.74069140165561,13.917607978143042],[121.74366567037825,13.890911340147854],[121.79926170053906,13.900846201184185],[121.78736928221927,13.937928095343317],[121.7602980851535,13.94009074625012],[121.74069140165561,13.917607978143042]]],[[[120.70066852919862,13.911485641338496],[120.62135449300403,13.902924137580102],[120.61525889177639,13.870479729903703],[120.6162488467754,13.831832697639033],[120.64878241253422,13.777783962749082],[120.66314073559866,13.771122023184597],[120.6765269843641,13.79229386419331],[120.6510610525693,13.849570993937775],[120.68376855009598,13.856259624567627],[120.70754895459758,13.843158823020827],[120.72189387879281,13.862029750434413],[120.69975442076053,13.890318283119518],[120.70066852919862,13.911485641338496]]],[[[120.19692389461571,13.818326123394153],[120.09392760693501,13.800043792682894],[120.1236474436603,13.770528971977583],[120.14790502321235,13.764607284739856],[120.15805838206447,13.748523330320868],[120.23650287222962,13.712574043219131],[120.27136853005246,13.68503465760484],[120.28379607997975,13.703004855783162],[120.25955195460462,13.710322237512187],[120.24845321950376,13.727784029651447],[120.26320842688264,13.755426009251615],[120.24852012670452,13.79312774146422],[120.21737775670142,13.824127366416766],[120.20892335231426,13.820729549634878],[120.19692389461571,13.818326123394153]]],[[[122.31431466522824,14.023524999341213],[122.29266614355821,14.139019910185267],[122.27850356640543,14.130900145322137],[122.26059583086644,14.180217823022236],[122.26851520561989,14.207320233292949],[122.24591207267565,14.210655659288578],[122.24111851602252,14.19457613528864],[122.21447092500804,14.190108059358845],[122.18251700132686,14.160361413519967],[122.18123726758431,14.139898592958186],[122.16330718086579,14.133999244164817],[122.197472801706,14.085528775235916],[122.22123090950365,14.078510146000012],[122.26325351572459,14.050694307403077],[122.28453674815847,14.020907492277741],[122.31431466522824,14.023524999341213]]],[[[121.86906006172937,13.53467373417548],[121.8437590635781,13.49365003793362],[121.8130893819984,13.457629444877629],[121.82584241372217,13.405114545120673],[121.82415244580719,13.375510604796684],[121.822328634972,13.340230168084112],[121.84224746983145,13.32658092135907],[121.86840011435645,13.28275684223108],[121.917940714806,13.263288404906698],[121.947187917177,13.250691420567154],[121.98036806759846,13.208900741417517],[122.02281874275378,13.197213480967122],[122.03623169033234,13.203367010607899],[122.05684616017643,13.249309103345418],[122.04611310965771,13.265468941354847],[122.07446855394214,13.306077896200778],[122.11662930887977,13.332582849744531],[122.12064252430419,13.336707510354733],[122.13884900199852,13.364929142701776],[122.13073790519215,13.387291576044433],[122.10196780400057,13.419183053577772],[122.1232020303556,13.438201112292612],[122.12212289606344,13.458672861146434],[122.09263044851984,13.485271392555536],[122.05499117393258,13.476232794035583],[122.0531763037721,13.49465333185436],[122.0305329721318,13.530419739403174],[121.97244871518981,13.52514020347229],[121.94261739075289,13.531244716802327],[121.92120472667774,13.525345344788006],[121.91861851137404,13.525586117542836],[121.90242743672836,13.532319392471013],[121.86636222624284,13.570886116596474],[121.85557126964144,13.538785031433799],[121.85542411455093,13.536408313701978],[121.86219304652073,13.53494126843848],[121.86319188154872,13.537759473233411],[121.86906006172937,13.53467373417548]]],[[[121.5170139609734,12.72866894949514],[121.4978353966571,12.742527814831263],[121.47633361799761,12.778485986888818],[121.49170856397129,12.844743779528585],[121.48290184123846,12.89586743327848],[121.4984908930768,12.943709076330235],[121.48478804436286,13.01394440328659],[121.5048272818474,13.056247866635996],[121.53819468893956,13.072965061782602],[121.55748922135784,13.095470124843647],[121.55779249893241,13.125390666215052],[121.50832323910258,13.151293609713965],[121.47120114845167,13.135735813693287],[121.4374458369553,13.160666621508778],[121.44922676011849,13.188027722795399],[121.4401614189988,13.224873257607069],[121.39650681972569,13.245220113369182],[121.38053876631014,13.24134069506376],[121.3535612248593,13.288040847585092],[121.31749153636073,13.320855370929602],[121.29921809526128,13.351498329375787],[121.24992279637775,13.377811527267722],[121.20345446464495,13.424596408769792],[121.15455593932928,13.416373806158925],[121.14256987430248,13.40488268136632],[121.11438839897872,13.418951189862495],[121.0577488988957,13.405654124852575],[121.02863092311306,13.424088031349998],[121.01875852028158,13.439743912835068],[120.97740927085107,13.470146093325804],[120.95555967594068,13.49846142852315],[120.92076978960046,13.514585480362866],[120.85708044454675,13.486524412636324],[120.79762279720967,13.475479188726053],[120.78163686198354,13.466503014920542],[120.74614688787219,13.466957885827206],[120.70665709008136,13.48420117637067],[120.66786742361954,13.492695795860236],[120.61499579788136,13.48737163809165],[120.56726114148981,13.505511254309681],[120.53201196496912,13.503638430946],[120.50402220002641,13.511432951609686],[120.46289144160508,13.509537811561868],[120.42336151278083,13.530428661695659],[120.38905312492734,13.524622966217187],[120.34983092818258,13.509832079497164],[120.3118348885152,13.473869430380894],[120.30436589319253,13.446008995651528],[120.30702350317908,13.421622160273996],[120.34541197423468,13.38118258350145],[120.38205687156893,13.375033442175189],[120.39045780014175,13.40864175088597],[120.4244985479452,13.423651069790816],[120.45999743020896,13.415183203156465],[120.46990115301493,13.393333641011127],[120.46454571069079,13.363640518997245],[120.48412119108461,13.316944762846108],[120.47852502399378,13.29438620931194],[120.5027602240193,13.264264916044194],[120.544145180145,13.229787204993176],[120.58828580137921,13.22338387707983],[120.60500300357806,13.19624137654083],[120.64044840292185,13.193271623832198],[120.67592497868634,13.152096258070422],[120.71589639958319,13.078458652969317],[120.73680063190402,13.057523158629836],[120.7621684348664,13.008040506534982],[120.7657090136903,12.97236771874927],[120.78334025878357,12.902622942841068],[120.77961695196538,12.833109968611932],[120.78855296340909,12.803876129775475],[120.79421155170125,12.725150733373617],[120.82772612475765,12.729756987321897],[120.85867231904119,12.718016162617738],[120.86405890329242,12.689932706788426],[120.89943738846155,12.658616493924262],[120.92991086926693,12.604969057325027],[120.93599759553014,12.581255520509297],[120.9167877461423,12.529235615522714],[120.92944266717838,12.499074312009858],[120.98491834057472,12.423082273604784],[121.00573792608301,12.411787420583495],[121.00983887379294,12.406005679213228],[121.43640234455819,12.489674525976344],[121.43575137770374,12.518453530297766],[121.45168366682668,12.518417838100287],[121.48988931851206,12.536976681680105],[121.50749823067062,12.556039286231965],[121.51857025920108,12.583868535185667],[121.55847029788401,12.617838019839136],[121.54869146965034,12.645488882983177],[121.54736266763193,12.678637805231865],[121.5170139609734,12.72866894949514]]],[[[121.77642218309273,14.1222316658486],[121.77462134701678,14.123571133341917],[120.76324954272884,13.93048721090988],[120.7689284152487,13.929678746638185],[120.79694493853751,13.926695650504273],[120.84356037742116,13.910357500658794],[120.87605385377208,13.905523821209671],[120.9120655567216,13.876985535338623],[120.918419828697,13.844545599559648],[120.91348358136695,13.801983474499545],[120.92994659510524,13.775286819248029],[120.92665128031264,13.758493861764785],[120.9052431849827,13.755969997447252],[120.88337128494399,13.726753988276496],[120.87583984214592,13.708806092681321],[120.89772061922912,13.689935168269901],[120.92594234649542,13.714085693174388],[120.93559184658137,13.733179542577181],[120.94970488189948,13.743065390271743],[120.96311780566987,13.772972568330227],[120.98877107469698,13.786300855347907],[121.04781397128255,13.762792484095565],[121.04640049009966,13.748987102032576],[121.06237742471711,13.71860279017026],[121.05182276841151,13.699205661328794],[121.04801910750632,13.69123279021755],[121.052710114546,13.672130024627272],[121.03576105835518,13.633487408129382],[121.10207233041902,13.62353472465213],[121.11148106389416,13.63042845736687],[121.1785147498809,13.644849245689086],[121.20012793469684,13.627333852713889],[121.23445861573715,13.625443216803884],[121.26310835901278,13.597787875065974],[121.28756647170081,13.596597328681145],[121.31511034596657,13.619561684163875],[121.33489094479886,13.64161637199391],[121.39396509573044,13.670498009864234],[121.42286896157056,13.654561133016635],[121.46951119420818,13.686671160743982],[121.4490795986224,13.70627333296112],[121.44957897052065,13.723298188229888],[121.43435561429465,13.761757966303751],[121.44032193156401,13.798558855112821],[121.45350743858157,13.805662273464504],[121.47570039567776,13.839890284487385],[121.5020983222061,13.858007641073392],[121.51975188861587,13.860263939123566],[121.59351429785889,13.895504210984805],[121.6118456766676,13.89199936434856],[121.62532107573237,13.910366383013862],[121.70115703137552,13.925099233456741],[121.69136039455707,13.953191630426913],[121.71967118571081,13.972428158799785],[121.75135315113175,13.968464038661809],[121.78079207635706,13.943011477747499],[121.81562661845668,13.940590213441014],[121.81973341764875,13.899624430578278],[121.84515926111018,13.90298656482671],[121.8724355641394,13.895522045351456],[121.90265484835847,13.857445823970993],[121.9546524902467,13.848960097925879],[121.97344308024844,13.840371866916794],[121.97824999085522,13.8056087344484],[122.01423497827989,13.802469529291677],[122.02596236882898,13.7911433895183],[122.05155763601533,13.779759304799159],[122.08262418085344,13.782153847325295],[122.12200252941652,13.74768944406692],[122.1383138899403,13.712413488948641],[122.15590508678142,13.702893314271916],[122.173393628652,13.669218234852428],[122.20120954263591,13.634107266860541],[122.20810777907695,13.600017403267854],[122.23771617985656,13.59779681291817],[122.25611000979221,13.606911225817507],[122.28563812922826,13.589730242782428],[122.31880045329193,13.589556360326595],[122.3358743630017,13.572665298159942],[122.33109420173493,13.556813183478633],[122.36652181511684,13.542816085663755],[122.39954591302848,13.521229598982918],[122.41718161260653,13.479247129417518],[122.42518425373802,13.471319104362111],[122.3749366927574,13.729262594990152],[122.31779337442721,14.014028442105834],[122.31286099702083,14.013585694300597],[122.29266570836978,13.996944312865581],[122.30313124424819,13.973422536626305],[122.27953362283147,13.961811078348829],[122.26051110303591,13.971340172168183],[122.21227256966992,13.9789429354062],[122.19164479507685,13.998139309757992],[122.17931538649474,13.989662569425533],[122.19642047760041,13.962457584154992],[122.21846178999292,13.94440268663067],[122.2436066843467,13.935765417360246],[122.2390137634114,13.908413320257278],[122.20532974775503,13.904899525650828],[122.1693893931028,13.922330142074271],[122.13852798706849,13.916029426568823],[122.09971592520688,13.924724733249672],[122.05623520527105,13.942400607786256],[122.01557272293559,13.957298409570914],[121.98834992460114,13.979959602287076],[121.97257358620784,13.978184846889734],[121.92179777047936,14.002308626645403],[121.90254344363603,14.016417198186877],[121.84504779849281,14.076673007320075],[121.79142262502238,14.110111798922263],[121.77642218309273,14.1222316658486]]]]},"properties":{"id":"S1C_IW_GRDH_1SDV_20260409T100530_20260409T100555_007138_00E754_00B9","date":"2026-04-09","instrumentMode":"IW","orbit_pass":"ASCENDING","pass_hour":"6 PM","platform_number":"C","relativeOrbitNumber_start":142,"system:time_start":1775729130000,"TileNumber":"X3","satellite":"Sentinel-1C"}},
{"type":"Feature","geometry":{"type":"MultiPolygon","coordinates":[[[[122.0245979504879,14.434551561723543],[122.0334760346053,14.415885721297117],[122.03674449790641,14.436357500669622],[122.0245979504879,14.434551561723543]]],[[[120.01312416681542,13.893323710053247],[120.01738708411507,13.885056525603387],[120.04427551675046,13.87017654424365],[120.05758592156468,13.87880038373676],[120.04963081845312,13.886982895948655],[120.03450557046234,13.902817172575638],[120.01312416681542,13.893323710053247]]],[[[122.24591207267565,14.210655659288578],[122.26692331222085,14.218829204704905],[122.27240799653484,14.230761697502329],[122.27300552353431,14.238016650498846],[122.24865884229105,14.241690965520498],[122.24591207267565,14.210655659288578]]],[[[121.96967513614327,14.199262616218734],[121.92902151858776,14.232545370137753],[121.91027994336403,14.198116662979324],[121.93483620026433,14.179165479382677],[121.95083521039773,14.154821490244789],[122.00607483200712,14.1689809048906],[121.96967513614327,14.199262616218734]]],[[[120.19631744201016,13.82262469290537],[120.16535340868238,13.831600820847386],[120.14859169374392,13.851118293458116],[120.12384808979867,13.862332990535451],[120.08946844113697,13.867072993698978],[120.07824045634489,13.844496586052397],[120.09392760693501,13.800043792682894],[120.19691150966116,13.81841391023665],[120.19631744201016,13.82262469290537]]],[[[122.01316924674116,14.871931416147957],[122.0239335590492,14.847285981213137],[122.06198304001424,14.850340400735062],[122.0646361844417,14.865733260129112],[122.0349207374854,14.875516556282838],[122.01316924674116,14.871931416147957]]],[[[122.15145932366447,14.838670966710078],[122.13960262519679,14.829989067816344],[122.0961397438397,14.82949856442414],[122.10759517260348,14.804616852040537],[122.14299152512274,14.795489003122098],[122.1632403071895,14.782749416153527],[122.15145932366447,14.838670966710078]]],[[[121.82084820585527,14.304711483346507],[121.80525918764118,14.296025141861582],[121.80918769349265,14.271861251075888],[121.83368593022372,14.269934925854178],[121.85146883569813,14.297929179692096],[121.82084820585527,14.304711483346507]]],[[[121.81050307409792,14.954085910681005],[121.8184581189153,14.930613190755784],[121.85057257810375,14.922912275021432],[121.85310539710375,14.904973353823635],[121.87238206136594,14.875244516012554],[121.87814318871067,14.834305518834817],[121.91529199829284,14.788412448135809],[121.93720398274647,14.712456091949173],[121.91499324532958,14.710012561531128],[121.9023962641927,14.687070418055972],[121.91005697555636,14.6500197589071],[121.93781933569524,14.627380899043857],[121.97516434570915,14.641944330075173],[122.01236660159078,14.675820180101795],[122.0272064717192,14.725655044376891],[122.01790033526154,14.816277371148617],[121.98185746491555,14.841257267521703],[121.96661181261045,14.869594860112029],[121.96434654697396,14.892590394906946],[121.98993734168106,14.91386478534462],[122.01689258254227,14.91674094550325],[122.01135437376102,14.948025931956087],[121.98753390899152,14.958469199944632],[121.9984988107548,14.984630699565047],[122.02853980744437,14.99070846721911],[122.04704506165781,15.006029920651942],[121.9923631057912,15.044645799572212],[121.96633532826458,15.052725653181676],[121.90891104588712,15.044516455753143],[121.88474268588608,15.02783048384432],[121.83914837331808,15.037422006023261],[121.81295564038957,14.981201664073085],[121.81050307409792,14.954085910681005]]],[[[121.61878854006254,15.657361882437673],[121.6169010104897,15.658740869621893],[121.02781041915293,15.549058788593426],[120.37598547732402,15.42572503698185],[119.96336701848567,15.346582233893376],[119.96499261888344,15.335932098365987],[119.97612707034476,15.312383554762286],[120.01056465868179,15.27226952909292],[120.0097754187406,15.228837842068167],[120.02143151935384,15.20887443776736],[120.03436289965329,15.164328021573763],[120.0621564328091,15.048801664421802],[120.05166420619173,14.93108581309165],[120.05812988075212,14.906043549546045],[120.04943023763319,14.893379647981739],[120.07859719317659,14.858513941579893],[120.08038527047928,14.818288417077932],[120.08827791257329,14.782441722388503],[120.13073746262297,14.774361781581689],[120.15334507649717,14.743518231055976],[120.17177007599788,14.741493780202632],[120.19647350298084,14.772127793927691],[120.20863345126857,14.818364255629605],[120.21021196005626,14.847334999033132],[120.19172007811609,14.870054164986692],[120.19407452963485,14.872586861481473],[120.234228681293,14.876350414196729],[120.24209010132535,14.852231122606876],[120.26571441342428,14.850206654411796],[120.26743122736579,14.823081951499224],[120.29250467933063,14.812094720940069],[120.29441765798713,14.797388578258486],[120.25789762672628,14.76398102687571],[120.24600967480757,14.702106574353396],[120.25338057975902,14.680970378688567],[120.32006191355109,14.631893557358593],[120.36020726615902,14.62460293495026],[120.37439163867067,14.61381630975077],[120.39098394483378,14.580270492995965],[120.38368438679719,14.567615568632975],[120.38587832518829,14.532205891952207],[120.37386991215205,14.522065861112875],[120.38787154322138,14.481158119223265],[120.38744344144413,14.460690786951503],[120.44761450573925,14.43846664159174],[120.46510310545273,14.42652966080141],[120.50187736937431,14.435545927328214],[120.54012306790203,14.417419684518169],[120.579947271295,14.435394369099505],[120.6018504131298,14.462777679873618],[120.6100462473261,14.507168053473732],[120.59890740353744,14.559584764556934],[120.58400508964168,14.588778482912346],[120.57919368222704,14.657756298412139],[120.54776146798243,14.684399448555002],[120.53518684527793,14.728299335328018],[120.55239893529304,14.748088814653512],[120.53697044625987,14.803711597465243],[120.5527556970802,14.825338246520436],[120.580870328379,14.823523438325134],[120.57163102482521,14.848806539411324],[120.59944243743193,14.902618981652816],[120.61412179901178,14.872288122124257],[120.6120305328906,14.845618270675512],[120.59882267938698,14.824919132532388],[120.65486015684914,14.765871730035245],[120.69500551117207,14.770032010820225],[120.75901137748592,14.753038376660163],[120.81403227754373,14.75810390627449],[120.84496946796483,14.752356175000344],[120.86811668985918,14.724076540357714],[120.90281742920159,14.706133108024193],[120.96112906783225,14.63483204753699],[120.9608927071797,14.589536567261364],[120.98519036407482,14.562389546658677],[120.9953214918368,14.527202795197166],[120.98777219380224,14.493170911543727],[120.97548737776333,14.477309908731009],[120.91203884599572,14.44836136704988],[120.8839732478006,14.45342696129706],[120.90425771928756,14.478491511025805],[120.88915918602984,14.486772095060456],[120.87359694631286,14.440094217699063],[120.83894525422862,14.398009236459385],[120.79273113920144,14.363972932580184],[120.76682377534193,14.327631252231726],[120.6956476053061,14.28137696443702],[120.6510922076219,14.285952014485067],[120.62448035065148,14.266612904079619],[120.626638560488,14.229584536731194],[120.58635505602854,14.216675392921593],[120.58426816019727,14.190910766575337],[120.60077571027671,14.174362987437153],[120.60365186538561,14.145842621317557],[120.5961293875995,14.123752205580441],[120.61805026931314,14.118017804054334],[120.61689538143149,14.09110710286355],[120.62729847183417,14.055684019781319],[120.61557553425244,14.011048438791939],[120.63020132096986,13.989894483090106],[120.61728777763261,13.955376551491254],[120.62135449300403,13.902924137580102],[120.70360523949913,13.916971792173685],[120.70584109909015,13.921148466053042],[120.74278921299134,13.93703626380246],[120.7689284152487,13.929678746638185],[121.10892828972007,13.994999253823597],[121.77642218309273,14.1222316658486],[121.74212724138441,14.156388408654179],[121.73278099692752,14.18149313332362],[121.75289154042144,14.207650173222405],[121.76027130680275,14.23108728066349],[121.75514339539431,14.250421902848233],[121.7278581157476,14.27052354321964],[121.72870535335174,14.318360757366293],[121.65492064228617,14.405522790121289],[121.64869572006585,14.459816791620042],[121.62667220968083,14.513691648388933],[121.62627980624698,14.544044775423659],[121.60732418217023,14.602048765347888],[121.60415817576231,14.662300170329797],[121.6278315676186,14.685456228793559],[121.65898285699706,14.682147580942475],[121.66893553624529,14.69545353525879],[121.72634199497229,14.707461902359105],[121.65004683638145,14.78126446459458],[121.6271671513838,14.790989830315272],[121.59916847865524,14.834978846024903],[121.60868867631177,14.862308641142416],[121.58676328787523,14.880528568753997],[121.57156221151176,14.944935820649759],[121.54547200530186,15.0036175751145],[121.49999803265365,15.072452745281877],[121.49228827628595,15.112691669733568],[121.49400499890274,15.13934813097725],[121.48178711743859,15.18074200719011],[121.41139128568008,15.226403199318316],[121.3861616442849,15.275167908120592],[121.37156707006649,15.319085608083695],[121.38868548311669,15.369830176070263],[121.40363243873385,15.383818392868296],[121.43057873775986,15.365839245666798],[121.45742260957765,15.411964219697317],[121.47328801772287,15.417212553207452],[121.49482104101213,15.522380468880113],[121.5581982903839,15.587006211015566],[121.56036980322234,15.60193083793462],[121.59526232727436,15.628939627057806],[121.61878854006254,15.657361882437673]]]]},"properties":{"id":"S1C_IW_GRDH_1SDV_20260409T100555_20260409T100620_007138_00E754_9082","date":"2026-04-09","instrumentMode":"IW","orbit_pass":"ASCENDING","pass_hour":"6 PM","platform_number":"C","relativeOrbitNumber_start":142,"system:time_start":1775729155000,"TileNumber":"X2","satellite":"Sentinel-1C"}},
{"type":"Feature","geometry":{"type":"MultiPolygon","coordinates":[[[[119.91027950211247,16.38910486603902],[119.96304403590912,16.36933319823086],[119.96233947959786,16.392284241660395],[119.94168049174195,16.42006886846461],[119.92004937909284,16.425593721494423],[119.91027950211247,16.38910486603902]]],[[[119.92044624547783,16.29982026407713],[119.94538156466565,16.28442748432692],[119.94727216580557,16.26882509949179],[119.97860633648085,16.250212780163793],[119.99305822096458,16.222200752828417],[120.0104086454746,16.226316437909905],[120.01708389210822,16.250863836411465],[119.99929208757376,16.27038573670246],[120.02024091833208,16.308921318965837],[119.99745045554286,16.32523715511699],[119.9903426503818,16.347278484393524],[119.97441921296807,16.34775115849464],[119.9644174073602,16.324349825883438],[119.92044624547783,16.29982026407713]]],[[[120.10349229569746,16.090122166268827],[120.08928563614947,16.109875948061003],[120.10333180725834,16.138766502249048],[120.08035406637653,16.15967965929502],[120.03196833544197,16.18934606592266],[120.01911724097288,16.166872200113673],[119.99233141622143,16.20017271578869],[119.98211560502462,16.19949499541888],[119.95271229564798,16.233477785958833],[119.89808826484534,16.24383627815582],[119.92209609239538,16.276182591318257],[119.9123708426999,16.296382317876496],[119.92736232007084,16.32988355830003],[119.9314201113109,16.360633526538205],[119.89887312062457,16.390487152821088],[119.86464061042722,16.377872378060463],[119.8518073056207,16.358136377504206],[119.81520696213805,16.358827614103273],[119.78598647359674,16.32232981078552],[119.77340738372455,16.262658107328168],[119.78220514509322,16.237647052828493],[119.76629514393893,16.213318182321732],[119.7568284103851,16.167420677165133],[119.77130713607389,16.1637552577299],[119.78009601932393,16.130026651670683],[119.76777110731695,16.113728653588346],[119.76731178098933,16.067153330929013],[119.75878150080085,16.039159057860356],[119.76212143855233,16.008872836666278],[119.74770962155952,15.973583541247846],[119.76667858139581,15.920386472567115],[119.80742586715697,15.930637929329468],[119.81374439690099,15.954538701956922],[119.8480839299142,15.965682004850462],[119.8901287687582,15.889587453210455],[119.91143885151281,15.836613305977343],[119.89111430816578,15.821621852695142],[119.88690932017894,15.802545838013758],[119.90229767665932,15.746102491972788],[119.86794921830445,15.741852993682027],[119.90010829729242,15.698782509347499],[119.92404923126956,15.698167148672656],[119.93286933739863,15.682578114187887],[119.92143174348524,15.637523352389938],[119.9020747243254,15.617247881233045],[119.91551000007998,15.572268926364355],[119.93094297432756,15.568750640662204],[119.93150923787924,15.56920550028018],[119.94774042237493,15.568697191843857],[119.94893545314757,15.563645011114502],[119.9397719889144,15.54753422654331],[119.96521114569158,15.519357169422888],[119.9489532761794,15.497026042260178],[119.9502018531707,15.479800545169857],[119.91967925183418,15.473499779276398],[119.90630193065674,15.44129171541279],[119.89024475647705,15.43182057764391],[119.90191867512868,15.408883015398157],[119.96273631128695,15.350714022056257],[119.96364051938734,15.344790467122204],[120.81802650609846,15.507667398751433],[121.61878854006254,15.657361882437673],[121.59420990811869,15.680397651780266],[121.633392038327,15.7110628474938],[121.6410349990124,15.736305841589248],[121.63231742868307,15.753098789177342],[121.60032785617521,15.76007728092737],[121.57282855180507,15.755328396481177],[121.54900356820592,15.805685045240052],[121.54435719238059,15.844274063204645],[121.55230777120299,15.897988411019604],[121.58418144232508,15.933955528606504],[121.60532202964389,15.947903595586334],[121.65212025725909,15.974172145733382],[121.6536007391889,15.99529040200456],[121.72057197378118,16.042391945467152],[121.74558302491438,16.071487600013267],[121.7610783930475,16.077279897982013],[121.77940975860324,16.063309554053482],[121.81434684073031,16.087696368096655],[121.83550972849382,16.091348389543725],[121.86242045405248,16.118116363002436],[121.88744936543293,16.127226330513825],[121.91281721232316,16.1253178530879],[121.89350478566323,16.255624295800686],[121.79318201489488,16.739530769300156],[121.69062449237005,17.231195897783387],[121.6880128229366,17.233671480893513],[121.36717596987685,17.175847120872973],[120.59777376336521,17.034944622597468],[120.44774747481804,17.00710263233065],[120.44726676813501,16.994289595204872],[120.43190516404191,16.950804450827896],[120.42575153449604,16.940691244192685],[120.40344265139072,16.90563374128847],[120.39499718976785,16.87787581288623],[120.36891138265929,16.850175893660776],[120.33598540349699,16.836495426797807],[120.325372745652,16.797264261218036],[120.3408726102921,16.72719389561661],[120.33355519209917,16.673952224953105],[120.31181262621243,16.64646184483779],[120.31579012677497,16.624411619391967],[120.29786899259042,16.601045945347323],[120.3196695756181,16.570224649194593],[120.31742216660828,16.53580038597834],[120.30713059490336,16.51539995654615],[120.32794115404386,16.475629256686968],[120.33702880657057,16.41546704478199],[120.32507395109401,16.3946118831966],[120.32832915598512,16.371424547441183],[120.34462718582556,16.34062107523577],[120.3430619934276,16.29335009869511],[120.36630279487281,16.283178888406887],[120.39753880910607,16.251644161048876],[120.42575153449604,16.17283846122598],[120.41284242953753,16.147408192312163],[120.36424274926318,16.092958129439783],[120.32288452981527,16.06623475022806],[120.23240498602446,16.03342915072084],[120.17240324296037,16.029197418174945],[120.11292331959815,16.05362886061673],[120.10131629933241,16.069244619033558],[120.10227941784014,16.07888079377019],[120.10349229569746,16.090122166268827]]]]},"properties":{"id":"S1C_IW_GRDH_1SDV_20260409T100620_20260409T100645_007138_00E754_81A7","date":"2026-04-09","instrumentMode":"IW","orbit_pass":"ASCENDING","pass_hour":"6 PM","platform_number":"C","relativeOrbitNumber_start":142,"system:time_start":1775729180000,"TileNumber":"X1","satellite":"Sentinel-1C"}},
{"type":"Feature","geometry":{"type":"MultiPolygon","coordinates":[[[[125.61766131020485,10.992968337641784],[125.64228000000362,10.975506457382192],[125.65619688386042,10.985856026668026],[125.6481927247364,11.00694763709605],[125.61766131020485,10.992968337641784]]],[[[125.49423784964144,12.075517638702538],[125.4863452345147,12.036402424150022],[125.51920436352489,12.057957699658948],[125.49423784964144,12.075517638702538]]],[[[125.44835812653285,11.820211797622047],[125.43442793698361,11.779535916346134],[125.46278333688987,11.774992092632967],[125.47692315011308,11.782585921777434],[125.4647676463326,11.823774659839538],[125.44835812653285,11.820211797622047]]],[[[125.76190873448206,11.023374899515177],[125.80481865288432,10.974030551581086],[125.81472237552346,10.980991192719376],[125.78726321336403,11.021082968707416],[125.76190873448206,11.023374899515177]]],[[[125.66159239354302,10.787301173453988],[125.67278471485596,10.74842677938255],[125.72448794476234,10.72449922477159],[125.74999852728178,10.693428213341798],[125.80824330678347,10.698150396058567],[125.81740670452982,10.731388534104532],[125.79045142647266,10.743820513282067],[125.7376334071106,10.74383832088483],[125.72190172325226,10.749180313871467],[125.71511050363414,10.773473540542868],[125.7265480626853,10.801820023302875],[125.69947690520793,10.824396465073397],[125.67550025820734,10.810542029056288],[125.66159239354302,10.787301173453988]]],[[[125.43247040216359,11.764441864739055],[125.43013793765614,11.762308669727762],[125.34616661456964,11.350632027934317],[125.30500698576024,11.134027510974631],[125.31903079529833,11.12019988114754],[125.36540103382339,11.120373778297136],[125.37484093594223,11.099036927127816],[125.39547765392345,11.107678719685056],[125.40976908663188,11.083728888860193],[125.48030757049955,11.108115689379323],[125.51247997878579,11.08155725685846],[125.51801376257754,11.119227742350423],[125.5428776665303,11.156336402595556],[125.56889207728979,11.137706250858722],[125.58759357514377,11.113899146025416],[125.6322336507027,11.135235941890736],[125.66127575647384,11.143485291741014],[125.6724948869308,11.11819328397833],[125.69695305682451,11.104873938272105],[125.6842267438188,11.083220492184287],[125.7114495754356,11.05465553893032],[125.71379062538993,11.042410855173005],[125.74149940537298,11.01521480734996],[125.7552735981186,11.016815608596627],[125.76004042768791,11.049193139279001],[125.73312526902095,11.09433708388637],[125.69947240421168,11.129006582276375],[125.68643845744609,11.169985719239493],[125.6584308868803,11.207544697546366],[125.6338255714665,11.213956932220308],[125.6140806224877,11.231102124974345],[125.60935841689708,11.214148636279456],[125.60579112896355,11.196477242798046],[125.57058660164829,11.182346368796225],[125.55087283656549,11.187746314929807],[125.53672861712849,11.20594389843904],[125.53552465965227,11.231062051032207],[125.54844711972821,11.264919951309858],[125.57190641421171,11.287313583756319],[125.60948775721812,11.302559218199537],[125.63369176557937,11.340136077864264],[125.63107424738962,11.364357911572787],[125.5811233789441,11.402746320069886],[125.55885469159021,11.409573179147202],[125.52535791774747,11.456879778876187],[125.51029055497682,11.504106156710435],[125.47544716004556,11.541531425333874],[125.4698019760016,11.566493467259155],[125.47519749533595,11.596565599037943],[125.44490682344596,11.599370414801703],[125.46328717232691,11.651796060675364],[125.4540479381912,11.671750494892768],[125.49117892030047,11.672053725737925],[125.47535797625503,11.703173826133877],[125.46534728929392,11.760905780508557],[125.43247040216359,11.764441864739055]]]]},"properties":{"id":"S1C_IW_GRDH_1SDV_20260410T212207_20260410T212236_007159_00E813_1A04","date":"2026-04-10","instrumentMode":"IW","orbit_pass":"DESCENDING","pass_hour":"6 AM","platform_number":"C","relativeOrbitNumber_start":163,"system:time_start":1775856127000,"TileNumber":"E1","satellite":"Sentinel-1C"}},
{"type":"Feature","geometry":{"type":"MultiPolygon","coordinates":[[[[125.12996494361998,10.165269995987936],[125.14171021104372,10.174321976101611],[125.12988470187038,10.220536062616125],[125.12009253125144,10.18101953273956],[125.12996494361998,10.165269995987936]]],[[[125.61374619210517,9.887869300256973],[125.63076216165844,9.879062573792694],[125.6436445135813,9.900470700563316],[125.622236355186,9.909585150082988],[125.61374619210517,9.887869300256973]]],[[[125.1808477557904,9.022826000805265],[125.17620306687722,9.016855314790858],[125.27625468079128,9.00176117190902],[125.24159852664337,9.033135417577705],[125.22030637447178,9.091201858793761],[125.20626907173283,9.095562834515526],[125.1850883832636,9.072210545518347],[125.1808477557904,9.022826000805265]]],[[[125.92516534909872,9.868284953771182],[125.94386232890965,9.850912288185164],[125.96634068112355,9.862920633073884],[125.95572800746612,9.891195771676474],[125.92516534909872,9.868284953771182]]],[[[125.46528041405476,10.45936551072113],[125.48451255395032,10.427968962121346],[125.49545069304786,10.456560780793914],[125.46528041405476,10.45936551072113]]],[[[125.62522842436607,9.773529016611628],[125.66763886260922,9.758983448028998],[125.64350179917494,9.797603729117185],[125.62522842436607,9.773529016611628]]],[[[125.69669440767024,9.789082344260112],[125.70274989595617,9.764811505642735],[125.73995211215356,9.783718113221475],[125.69669440767024,9.789082344260112]]],[[[125.91575667224068,9.887097893560904],[125.92630692474047,9.880690117678103],[125.95562099695807,9.897643629717907],[125.97013985953232,9.942711779837838],[125.9296244232275,9.909857164370257],[125.91575667224068,9.887097893560904]]],[[[125.96663500253801,9.716095823483903],[125.98635758487605,9.691566313103394],[126.00581266277526,9.702709589636433],[125.99983297868542,9.730436298003053],[125.96663500253801,9.716095823483903]]],[[[125.61899011416399,9.7073604202526],[125.64273926121139,9.70004747890404],[125.66055341566353,9.724822300410816],[125.63165837251891,9.729696054314575],[125.61899011416399,9.7073604202526]]],[[[126.00668222633846,9.687276623708915],[126.0275195489682,9.710816252536693],[126.06828914768946,9.709130673274679],[126.0571903843641,9.73534578932972],[126.01834720915626,9.72893802071906],[126.00668222633846,9.687276623708915]]],[[[125.18694335386503,10.497941192940386],[125.16945029693052,10.44301328124924],[125.13775499265753,10.27887892921268],[125.21230226358442,10.248017541439221],[125.2589890524154,10.262701310178107],[125.26944561104723,10.307417223752749],[125.26304685471347,10.371971618482643],[125.2388071162801,10.396755328588577],[125.22094844744365,10.384608669073415],[125.19991482847868,10.405660123013268],[125.18248867066455,10.436316470227984],[125.1942607524765,10.475494105756768],[125.18694335386503,10.497941192940386]]],[[[125.12996494361998,10.165269995987936],[125.12153720819036,10.161515454390976],[125.11799673992975,10.112541083078288],[125.137496413138,10.067129614650634],[125.15656351630585,10.057404341154456],[125.18562344776306,10.042212196587679],[125.20530595768922,10.010142334607698],[125.22522919808925,9.96379889476954],[125.25003966293156,9.947527606936873],[125.25243418444367,9.92263247416752],[125.26680580702245,9.9079040766003],[125.28769677215303,9.908492639804148],[125.30137725860374,9.936807926063352],[125.27929576042393,9.963629436899822],[125.28325546425873,9.993483119955926],[125.25711172455061,10.027506036593389],[125.23619860781633,10.08491253917318],[125.21486624566684,10.131055262683901],[125.1661996340625,10.136419558318837],[125.12996494361998,10.165269995987936]]],[[[125.88973777493793,9.617411427901494],[125.91919904820885,9.606058566158051],[125.93662972299228,9.583879022067247],[125.94066077215659,9.563554421106456],[125.96472201821165,9.57415368592434],[125.97448748537249,9.601586120287113],[125.96864155898172,9.62332418868701],[125.98783802348436,9.64620832842161],[125.9853364761926,9.686754951013135],[125.96499848504568,9.689894133429698],[125.95706130628325,9.736982245388095],[125.91639872630464,9.757752729824517],[125.90930882581242,9.724746429766222],[125.92706491848969,9.655617019771807],[125.91061980183143,9.656838842894865],[125.88973777493793,9.617411427901494]]],[[[125.95054655404618,9.83675016459032],[125.98298650531386,9.809683453614449],[126.01273320099212,9.76287179852911],[126.03800289571986,9.76331773035215],[126.07694868509105,9.75061815495351],[126.11264822418224,9.749940390612567],[126.13330725013125,9.775549010669572],[126.16198820433922,9.783976679924228],[126.16719198900066,9.813330945016459],[126.14855296270169,9.820826720433862],[126.1418553540436,9.84627034094463],[126.12272581404176,9.840879327904117],[126.11531035471357,9.865645128742381],[126.11168506877745,9.931305387405445],[126.08468076182595,10.012144475234699],[126.06916755592349,10.02670789690648],[126.07121876813693,10.061653859076007],[126.04408065627285,10.049966576148076],[126.02974915424593,10.028830418360211],[126.03485921812111,10.004109179541231],[126.0223381124762,9.979713395195423],[125.97604373394694,9.922810826206039],[125.96420480330278,9.89725126383076],[125.96782556832413,9.868418676956615],[125.99482542216919,9.860784695966357],[125.95054655404618,9.83675016459032]]],[[[125.48139116037049,10.116126225124729],[125.50173806899201,10.097371225003291],[125.50314264320967,10.070652352003139],[125.52715492738443,10.062420838170375],[125.55142138520566,10.084100975767722],[125.57389072586666,10.06783859335922],[125.58735727695696,10.027100286693145],[125.57108150258067,10.011729784762476],[125.57230329714095,9.988002864580261],[125.59831323896869,9.989166670622968],[125.62716812476937,9.940571416463076],[125.64675247184198,9.931943059201208],[125.64866538027977,9.895779779673843],[125.63020472564305,9.873546655879862],[125.60246469442659,9.8795485959079],[125.59432231569801,9.851153048351534],[125.57697199328925,9.83971100533305],[125.62008703255633,9.825392871506605],[125.65863153380099,9.827716004270025],[125.68728569514658,9.848620295961176],[125.7073382587294,9.894754159720364],[125.69796080530122,9.915172343610958],[125.67299874993796,9.920902304213532],[125.68255011913882,9.975740368968921],[125.67336436756173,9.99431248672131],[125.6929085985944,10.037467657419372],[125.6918696099564,10.084439850510101],[125.66364354103489,10.116005857008906],[125.66387094274046,10.156280432513007],[125.65001652424117,10.187824080710808],[125.66397801394729,10.202543629314688],[125.6477601845095,10.244949695149927],[125.65688357037081,10.261591041100411],[125.64755066939293,10.299966061969611],[125.6774043103991,10.374027244876462],[125.66869567621495,10.433569640065926],[125.65586688194925,10.444610339225079],[125.6473098764639,10.473995814696703],[125.63284454557751,10.470330453776254],[125.60917116512223,10.432298755178236],[125.6095278943981,10.399372779918343],[125.59990516319533,10.367079958956843],[125.57733320596431,10.364475832524175],[125.56189578734688,10.386147111612727],[125.54913380672897,10.373242435135602],[125.56109757549726,10.32607854937291],[125.51859344340157,10.326341650200241],[125.52739574519819,10.28361006973634],[125.51553451306604,10.241226280259335],[125.54377844557798,10.208523227585388],[125.50502887879063,10.196746791817102],[125.50057420082874,10.152632880070605],[125.48139116037049,10.116126225124729]]],[[[125.31356843752967,8.993110516034704],[125.29898901931479,8.992459502813654],[125.83243541996634,8.885962823516476],[126.3060171162372,8.790644939574943],[126.30372076184229,8.797975825568246],[126.33698116217423,8.843998216856729],[126.3125988004554,8.885186918161354],[126.32737179897593,8.895933337967877],[126.32763043684392,8.920766110223125],[126.30222244732263,8.9217292800185],[126.31050751528169,8.954913853275983],[126.26460105637213,8.986729567952407],[126.26486412667175,8.996178417897065],[126.2073506404318,9.060438545586647],[126.20897825527986,9.073057737489894],[126.17022865253112,9.090367964074003],[126.16069064232144,9.111945596247539],[126.1704337162316,9.137291107807183],[126.1751648610976,9.142717831373451],[126.1817910754512,9.162373534786022],[126.17265441768612,9.180263468665043],[126.18731592412932,9.221844622100154],[126.18009213855943,9.242686441358396],[126.19870889913066,9.271773153730997],[126.19326877229948,9.289823627574501],[126.2103427454226,9.311115774335748],[126.16887753841792,9.309390093621467],[126.13124267288211,9.266172506279485],[126.09828107665803,9.248857837533377],[126.0497972178953,9.236020105898701],[126.02014864057783,9.278631272385718],[125.98349927754754,9.31175347585052],[125.98623724506525,9.347818617532035],[125.9534093030166,9.375344714872194],[125.93244264111709,9.38079368712115],[125.9313947346186,9.399218748367067],[125.90132254036261,9.413577034007579],[125.8948523930933,9.427266438387251],[125.93121189598438,9.439484413384662],[125.92063936020152,9.495129524948847],[125.87536607747884,9.502166013951078],[125.86193080661384,9.540603405472945],[125.79350147744071,9.561400667465493],[125.76822727100702,9.560468696292338],[125.74128538701038,9.570840577657611],[125.73890873655115,9.593434849904794],[125.70585781290046,9.58458354541403],[125.70217020594565,9.598915114204045],[125.63848085989878,9.614521938920898],[125.61035725256376,9.636866475827285],[125.59223993658216,9.701840065723678],[125.60102888002372,9.727921339595397],[125.56738495012507,9.739314352659258],[125.55576897544476,9.766207205747532],[125.51708178685118,9.76778127969046],[125.49756430974809,9.793884862223319],[125.46130291039331,9.801630289186168],[125.40045845126731,9.768347539319603],[125.39409531888656,9.719899444547929],[125.3980862226768,9.694063363414177],[125.39169186441138,9.657119770347116],[125.4049621916194,9.604439917494423],[125.42365472520954,9.557195732584816],[125.43058858889854,9.514745144707751],[125.45561310388867,9.445303545312933],[125.45353518333525,9.417960288977339],[125.47119765688721,9.365904737576725],[125.49141073610886,9.342329482599999],[125.50734761427574,9.298808657991584],[125.51141426495516,9.265155835583288],[125.50581369027375,9.247765368489828],[125.53286703658662,9.192334284726462],[125.52484953880234,9.128065271908428],[125.53659932723576,9.070359991423524],[125.51676073894923,9.0320607889383],[125.5227449029095,9.016547562259085],[125.49365816192177,9.005769934871747],[125.48333531757514,8.996972124987272],[125.42542052945664,8.976094581978957],[125.40218418237218,8.982689593031076],[125.38522621656246,8.982966113419964],[125.35518073854863,8.992660191804834],[125.33244383583848,8.98718436609417],[125.32137189816255,8.98976174334148],[125.31356843752967,8.993110516034704]]]]},"properties":{"id":"S1C_IW_GRDH_1SDV_20260410T212236_20260410T212301_007159_00E813_F9F0","date":"2026-04-10","instrumentMode":"IW","orbit_pass":"DESCENDING","pass_hour":"6 AM","platform_number":"C","relativeOrbitNumber_start":163,"system:time_start":1775856156000,"TileNumber":"E2","satellite":"Sentinel-1C"}},
{"type":"Feature","geometry":{"type":"Polygon","coordinates":[[[124.88204781203117,9.002760017050987],[124.85223834838665,8.884296816607202],[124.73431763730903,8.313506681707276],[124.6176871698777,7.746427474878782],[124.59179107886393,7.609035936739994],[124.58619271654624,7.565550810912868],[124.60890364891134,7.56093046568367],[125.70051712866578,7.339961615852067],[125.75675845810213,7.33334394730748],[125.78846714455777,7.346328869684974],[125.81630533496524,7.366992357522444],[125.84484802766947,7.363072762146597],[125.85266033485227,7.340777262446331],[125.84343894654128,7.314820879804233],[125.84355609299642,7.310810139575414],[126.24559057992246,7.228613923734049],[126.52206294197804,7.171895117198293],[126.52291679115628,7.175353531864548],[126.53562071215454,7.21049569033519],[126.55977568441278,7.211610489205364],[126.56440869914881,7.234351923020446],[126.58399755659083,7.249258681798477],[126.5989934645312,7.274969869255867],[126.599252164514,7.295423748021285],[126.56864036387836,7.289033851803356],[126.55142381522488,7.314562210756856],[126.56664275769018,7.332692885577926],[126.55538351138513,7.348103547127672],[126.55776020172335,7.399566077397384],[126.54789666431884,7.417500562534205],[126.55644924342889,7.444139217191961],[126.58821139019626,7.448914923056919],[126.60044719854743,7.472788930515146],[126.59774938526587,7.512537365489867],[126.57552525266146,7.573671657547254],[126.55895078561663,7.58311605607464],[126.56497950148872,7.609750271956584],[126.55503571081624,7.6446337841345],[126.55014852642499,7.696823107377646],[126.55986932679389,7.729878427488916],[126.53270897456693,7.739336214432264],[126.49542193176579,7.741681656955874],[126.46991142183822,7.768587911932789],[126.44278670463932,7.809959422477983],[126.41979111764371,7.825374567963955],[126.38136262663758,7.831394310007187],[126.37262719614733,7.850925174466933],[126.3756505339798,7.874112486898267],[126.36023535605085,7.882856842336547],[126.35957548127874,7.907885731766263],[126.37597602297612,7.948276305046135],[126.40522774146224,7.956507774975163],[126.42299723243002,7.981741852660046],[126.41013272827433,8.008768424534015],[126.43064014371907,8.077746263513443],[126.44438751805383,8.096768801143016],[126.43036814839776,8.109923143768045],[126.44393716370111,8.131478421938365],[126.43940672250316,8.158687902700487],[126.45108959729855,8.177527615272966],[126.44676869640928,8.214845800558786],[126.46009251906243,8.246750683409868],[126.41097106409698,8.223616867018134],[126.3827984115431,8.198445202104743],[126.34090966973785,8.190088869756975],[126.32245792662947,8.236882669613841],[126.35355567862076,8.25809458922068],[126.38189771313452,8.292001645161214],[126.36437787376538,8.315572455576179],[126.3340292128121,8.3207762077611],[126.33904129975491,8.340900161933675],[126.31788733747959,8.356261759297876],[126.35169175114343,8.373977741670043],[126.38227671668997,8.415202108745422],[126.35386778903168,8.436917970787349],[126.36416828627239,8.475306327807507],[126.39959583413359,8.497383333622361],[126.38823856525663,8.51806911067154],[126.31829750427215,8.541082541574653],[126.29395087609427,8.53512517764439],[126.2636423606583,8.555494345500072],[126.23796687698955,8.553010673403433],[126.21202826358444,8.560412757366715],[126.22427295841945,8.525457865764164],[126.16600140205865,8.544065682126492],[126.14180189350753,8.531874515349207],[126.11753993379381,8.568907317573819],[126.12664985645272,8.586895333437663],[126.09126238355631,8.608031534329676],[126.09848616499879,8.63617287423673],[126.14565452162772,8.675047354222114],[126.18047122972645,8.68449617049112],[126.189977972394,8.698564633062245],[126.21407495013014,8.690507066668351],[126.21602809555738,8.73231998170697],[126.23667812591262,8.736516004872769],[126.23917969719481,8.75854401768896],[126.25509425441562,8.768808814469875],[126.29235004245095,8.771756281198815],[126.30654783562817,8.788950626757103],[126.29551908488129,8.79469401767243],[125.33434014293155,8.987345585717211],[125.33244383583848,8.98718436609417],[125.32137189816255,8.98976174334148],[125.29888908396634,8.992455038426574],[125.28008056130528,8.995487254200166],[125.17750334909206,9.018526836121781],[125.1751936409289,9.015557677281251],[125.18562344776306,8.942490850076158],[125.18598018347562,8.935423167787446],[125.18579732830514,8.894881039433086],[125.16737235725124,8.85378145051773],[125.13458458961391,8.840952650797464],[125.12198764680332,8.83443342494891],[125.08400948455085,8.827940978536935],[125.06038071028702,8.86969599934346],[125.03085250861211,8.90395081329243],[125.02876120829671,8.918928908453985],[124.98626150434586,8.935895811486663],[124.9772050758383,8.948911954617948],[124.93151707537659,8.970752628256527],[124.88204781203117,9.002760017050987]]]},"properties":{"id":"S1C_IW_GRDH_1SDV_20260410T212301_20260410T212326_007159_00E813_89CA","date":"2026-04-10","instrumentMode":"IW","orbit_pass":"DESCENDING","pass_hour":"6 AM","platform_number":"C","relativeOrbitNumber_start":163,"system:time_start":1775856181000,"TileNumber":"E3","satellite":"Sentinel-1C"}},
{"type":"Feature","geometry":{"type":"MultiPolygon","coordinates":[[[[125.66750511307391,6.949963801889917],[125.69094214448683,6.904445348465577],[125.71186868767111,6.900525767763643],[125.72039004853026,6.934312372352616],[125.70176887963048,6.962823896471765],[125.68016004919038,6.963751392328894],[125.66750511307391,6.949963801889917]]],[[[125.32897910132975,5.389987444469526],[125.35124784898878,5.384698951931278],[125.37351214761904,5.367669661086101],[125.38865527495291,5.378482949720364],[125.42056905516817,5.368356325110352],[125.42700347321167,5.377332551964106],[125.42265141222803,5.425423913290639],[125.37834130879789,5.434400084655988],[125.34528156461963,5.396662738583896],[125.32897910132975,5.389987444469526]]],[[[125.45134124501759,5.43646466784506],[125.47888070340372,5.399413955560026],[125.49059478164202,5.424723849305465],[125.49680181303229,5.474424977166118],[125.47132253727035,5.493987057627248],[125.45593414265198,5.463848026851153],[125.45134124501759,5.43646466784506]]],[[[125.73430694072039,7.17126008597342],[125.71867326598532,7.194478659446564],[125.6926722765456,7.186215926033029],[125.68253227808282,7.138423256348964],[125.6629568290004,7.10992962157627],[125.67283824452491,7.070627084163879],[125.70894802388567,7.072223464113572],[125.7252593703277,7.009470518688242],[125.72363185197284,6.960973361264827],[125.76544925214102,6.894523845588484],[125.77995472651949,6.923713084525914],[125.78939022937747,6.940024487258046],[125.78298244915895,6.995883621573957],[125.77449234399212,7.025309246505413],[125.7827996000321,7.082760332498104],[125.79662284003099,7.116997277240707],[125.76145390509376,7.164125517437958],[125.73430694072039,7.17126008597342]]],[[[126.519911365415,7.163180172000263],[126.52252394107384,7.173762345995407],[126.23017311341212,7.233782851603092],[125.84349668096678,7.312844236744041],[125.84411669972442,7.29161566413433],[125.83833331333803,7.249566333871411],[125.86914124434517,7.209336355591375],[125.87256577835882,7.188650600259892],[125.88865869954954,7.167041793605525],[125.88218851105148,7.124301321008762],[125.90380182314871,7.095330532074513],[125.92886196614845,7.08611802770616],[125.95276721881476,7.064268447062376],[125.94448662059973,7.054164129132312],[125.97805029877115,7.027935630005358],[125.98446692459007,7.013452477888022],[125.97062588523485,6.952554579990126],[125.9752142812242,6.928644866180046],[125.99796464886118,6.896218258556258],[126.03035557993023,6.870449145823948],[126.05909894992698,6.866288819633912],[126.07264566649238,6.854552421983857],[126.08228177179308,6.816614424574509],[126.07739464375925,6.754548155601696],[126.08864048457968,6.731320711916039],[126.08860034093696,6.685570308377171],[126.06926570008888,6.66673064378767],[126.06993005733948,6.636845764674375],[126.08689247515153,6.580959814414307],[126.08202313896236,6.531066938673206],[126.08912651960078,6.505997900893514],[126.12124544848221,6.445951655776719],[126.14674256861835,6.417645252986351],[126.1409546426895,6.376947005690315],[126.16232263853321,6.371408822104192],[126.1870884566816,6.322858139276462],[126.1817777379315,6.298257301392041],[126.20084480663753,6.295938558686575],[126.19423646225827,6.345621840220478],[126.19428102391046,6.391844903600107],[126.21893093445112,6.439650917820132],[126.20749780128266,6.505886429234488],[126.22570879496052,6.548403910415372],[126.21798558001393,6.637394246587685],[126.22583811994478,6.66980297480346],[126.24495868704767,6.707259413573648],[126.24313937935521,6.723811576373649],[126.25559364425033,6.752537148043765],[126.2261947974565,6.796936416719293],[126.18395371137413,6.848010933486099],[126.15203994880504,6.904819865162096],[126.17664974654186,6.906175456781154],[126.19026341419482,6.945009727658428],[126.21855194948579,6.948425398786529],[126.26246071137624,6.928613653055871],[126.2729886573039,6.894813645967355],[126.29709454071057,6.86329230022972],[126.2846670314266,6.844229629076625],[126.29727287967293,6.808583551212422],[126.32830819950837,6.79843017635188],[126.3487799655787,6.806683972883726],[126.34240788755402,6.860251196014508],[126.32380452461635,6.881191076928928],[126.29025423329172,6.903067464887827],[126.27947217409154,6.92813653785592],[126.30432719248172,6.939600866629812],[126.32048698039313,6.990835965636865],[126.34787026812145,7.001836533660798],[126.39798614546595,6.99281128968545],[126.41043147422894,7.002220036541418],[126.45551302121925,7.002389488388562],[126.44312115277336,7.018955016805463],[126.45052329849634,7.055488426563701],[126.4837257670377,7.11864713242644],[126.51112244067188,7.125505227645983],[126.52678727239325,7.150529726505924],[126.519911365415,7.163180172000263]]],[[[125.7484199946708,7.328657408273732],[125.75308421407051,7.331278911101428],[125.18775419326228,7.446101236923964],[124.58752068872055,7.567146304875862],[124.58563494699072,7.565278462811277],[124.52315723026301,7.254609276568591],[124.46081321629701,6.943936337790957],[124.33648786835677,6.322503862234891],[124.30240485227249,6.136293790286986],[124.31804738157108,6.120441709468977],[124.35413483566322,6.119567717072516],[124.39183207448843,6.094543258218629],[124.41549654496764,6.093651404818364],[124.45159743283209,6.064939258444678],[124.5304432376436,6.019710588153495],[124.54005262068596,6.017668357660046],[124.56858193087886,6.017909175213002],[124.6005403489312,5.990334035157246],[124.62489148709997,5.991274907392826],[124.66810019026778,5.96026190470315],[124.69130535993139,5.954068161332977],[124.73243610143803,5.931331255524608],[124.79930029590649,5.909066974041846],[124.82962665848868,5.889072310821465],[124.86730162131627,5.881964524345192],[124.92382073729301,5.858991259217682],[124.95735317884308,5.855098412078816],[124.9828413679729,5.861323378819093],[125.0414116634079,5.856289022496266],[125.07242023216767,5.861818279360714],[125.08367053663991,5.87378650785455],[125.07837761492137,5.902079550932405],[125.09858622188916,5.922560218989365],[125.09375700932137,5.936588537451148],[125.13186453540098,6.015041947845017],[125.1415184466966,6.024013627704053],[125.15390585330887,6.093941281888989],[125.17848891539145,6.10912894066902],[125.20812851689405,6.090967052452767],[125.24925038596184,6.09856087670741],[125.27176885034687,6.082004271489541],[125.27591132064707,6.027951028261412],[125.28578826137101,6.0143819949682],[125.28785728577405,5.9830969302471],[125.26374247950987,5.943067566617664],[125.26419725959586,5.930417115892546],[125.21482163785225,5.892224926805656],[125.21665875562746,5.859325665903536],[125.20173860668409,5.82941850318883],[125.17417689632475,5.833092814064998],[125.1714167747549,5.800884695580876],[125.21621738152436,5.766157240773276],[125.22648668631707,5.73417206092784],[125.24035442810457,5.717223020342844],[125.27317787831105,5.711180946919198],[125.3044138941635,5.646073616704006],[125.2924724214154,5.58303527893026],[125.33564100171445,5.562099821281094],[125.35285759158776,5.569229927780759],[125.37420775986307,5.560258232863307],[125.41140553473187,5.57268125576766],[125.42932225852272,5.610873444172565],[125.45894407031578,5.64584174933831],[125.4839953108477,5.697834866627342],[125.53589474380423,5.778803196098364],[125.56392467946208,5.802953712900265],[125.56462025210514,5.816527245792615],[125.6204527243197,5.874945905264428],[125.62780575455896,5.894494594717246],[125.65859142113587,5.922091955256084],[125.6645754920056,5.9490026559844],[125.68733029513135,5.984876119208566],[125.69999860230155,6.043526663689597],[125.69793846659748,6.064689581584146],[125.71173942899179,6.113217973801473],[125.70324931782612,6.124258701867769],[125.70947415961687,6.172787067413968],[125.69983806765806,6.217181899086935],[125.68308076368403,6.250308550638592],[125.66631453225254,6.264113946661925],[125.64588737354039,6.338402591827631],[125.6305435924752,6.372786713488878],[125.6135098871648,6.412000043241651],[125.58226046290287,6.438455908673073],[125.58019146233329,6.455239926054613],[125.59307823627061,6.493637269830174],[125.57261544244109,6.495024054404562],[125.56273857694897,6.528828487720511],[125.51883871422439,6.52239846022145],[125.516319306451,6.549300195809033],[125.47930879959368,6.571609072233647],[125.47723975857069,6.583336534437414],[125.44850971395906,6.605186143905078],[125.44091586565176,6.577133904401074],[125.40345051521402,6.59969694343254],[125.38413816902288,6.601739208165067],[125.38643457418674,6.632087918374493],[125.3717284844809,6.727958577936161],[125.38806220145777,6.75416914482838],[125.38300107151471,6.772099209717582],[125.39035858022888,6.80290268464633],[125.42025691031188,6.836234460837227],[125.41911538005628,6.847038828591731],[125.45015516771208,6.869793655656983],[125.45683488371776,6.893930785237186],[125.48787467923081,6.91920941867657],[125.48327739971295,6.970698630946718],[125.50398988800377,7.003794083581701],[125.53781220530824,7.040791269941083],[125.55690599893933,7.049058393339804],[125.58013795443333,7.041469013528873],[125.61073183360516,7.056170721218244],[125.64524972039723,7.096837689240467],[125.66021892846925,7.127627807006151],[125.66045526287179,7.160491327104308],[125.64942344156545,7.186461197584427],[125.6452854190981,7.222080489816888],[125.65104654772541,7.243448445565242],[125.67521494246431,7.253552783869489],[125.69479481531307,7.291687060978347],[125.7065713273709,7.289903397797072],[125.7484199946708,7.328657408273732]]]]},"properties":{"id":"S1C_IW_GRDH_1SDV_20260410T212326_20260410T212359_007159_00E813_143A","date":"2026-04-10","instrumentMode":"IW","orbit_pass":"DESCENDING","pass_hour":"6 AM","platform_number":"C","relativeOrbitNumber_start":163,"system:time_start":1775856206000,"TileNumber":"E4","satellite":"Sentinel-1C"}},
{"type":"Feature","geometry":{"type":"MultiPolygon","coordinates":[[[[125.66750511307391,6.949963801889917],[125.69094214448683,6.904445348465577],[125.71186868767111,6.900525767763643],[125.72039004853026,6.934312372352616],[125.70176887963048,6.962823896471765],[125.68016004919038,6.963751392328894],[125.66750511307391,6.949963801889917]]],[[[125.6305435924752,6.372786713488878],[125.69356137731859,6.065789971391953],[125.69999860230155,6.043526663689597],[125.69793846659748,6.064689581584146],[125.71173942899179,6.113217973801473],[125.70324931782612,6.124258701867769],[125.70947415961687,6.172787067413968],[125.69983806765806,6.217181899086935],[125.68308076368403,6.250308550638592],[125.66631453225254,6.264113946661925],[125.64588737354039,6.338402591827631],[125.6305435924752,6.372786713488878]]],[[[125.73430694072039,7.17126008597342],[125.71867326598532,7.194478659446564],[125.6926722765456,7.186215926033029],[125.68253227808282,7.138423256348964],[125.6629568290004,7.10992962157627],[125.67283824452491,7.070627084163879],[125.70894802388567,7.072223464113572],[125.7252593703277,7.009470518688242],[125.72363185197284,6.960973361264827],[125.76544925214102,6.894523845588484],[125.77995472651949,6.923713084525914],[125.78939022937747,6.940024487258046],[125.78298244915895,6.995883621573957],[125.77449234399212,7.025309246505413],[125.7827996000321,7.082760332498104],[125.79662284003099,7.116997277240707],[125.76145390509376,7.164125517437958],[125.73430694072039,7.17126008597342]]],[[[126.55503571081624,7.6446337841345],[126.55566105496389,7.646603408001886],[125.98870529537048,7.531059181586557],[125.42675031467002,7.41560382921597],[125.45285855601692,7.242730290705103],[125.50074953847083,6.999225872814596],[125.50398988800377,7.003794083581701],[125.53781220530824,7.040791269941083],[125.55690599893933,7.049058393339804],[125.58013795443333,7.041469013528873],[125.61073183360516,7.056170721218244],[125.64524972039723,7.096837689240467],[125.66021892846925,7.127627807006151],[125.66045526287179,7.160491327104308],[125.64942344156545,7.186461197584427],[125.6452854190981,7.222080489816888],[125.65104654772541,7.243448445565242],[125.67521494246431,7.253552783869489],[125.69479481531307,7.291687060978347],[125.7065713273709,7.289903397797072],[125.7484199946708,7.328657408273732],[125.75675845810213,7.33334394730748],[125.78846714455777,7.346328869684974],[125.81630533496524,7.366992357522444],[125.84484802766947,7.363072762146597],[125.85266033485227,7.340777262446331],[125.84343894654128,7.314820879804233],[125.84411669972442,7.29161566413433],[125.83833331333803,7.249566333871411],[125.86914124434517,7.209336355591375],[125.87256577835882,7.188650600259892],[125.88865869954954,7.167041793605525],[125.88218851105148,7.124301321008762],[125.90380182314871,7.095330532074513],[125.92886196614845,7.08611802770616],[125.95276721881476,7.064268447062376],[125.94448662059973,7.054164129132312],[125.97805029877115,7.027935630005358],[125.98446692459007,7.013452477888022],[125.97062588523485,6.952554579990126],[125.9752142812242,6.928644866180046],[125.99796464886118,6.896218258556258],[126.03035557993023,6.870449145823948],[126.05909894992698,6.866288819633912],[126.07264566649238,6.854552421983857],[126.08228177179308,6.816614424574509],[126.07739464375925,6.754548155601696],[126.08864048457968,6.731320711916039],[126.08860034093696,6.685570308377171],[126.06926570008888,6.66673064378767],[126.06993005733948,6.636845764674375],[126.08689247515153,6.580959814414307],[126.08202313896236,6.531066938673206],[126.08912651960078,6.505997900893514],[126.12124544848221,6.445951655776719],[126.14674256861835,6.417645252986351],[126.1409546426895,6.376947005690315],[126.16232263853321,6.371408822104192],[126.1870884566816,6.322858139276462],[126.1817777379315,6.298257301392041],[126.20084480663753,6.295938558686575],[126.19423646225827,6.345621840220478],[126.19428102391046,6.391844903600107],[126.21893093445112,6.439650917820132],[126.20749780128266,6.505886429234488],[126.22570879496052,6.548403910415372],[126.21798558001393,6.637394246587685],[126.22583811994478,6.66980297480346],[126.24495868704767,6.707259413573648],[126.24313937935521,6.723811576373649],[126.25559364425033,6.752537148043765],[126.2261947974565,6.796936416719293],[126.18395371137413,6.848010933486099],[126.15203994880504,6.904819865162096],[126.17664974654186,6.906175456781154],[126.19026341419482,6.945009727658428],[126.21855194948579,6.948425398786529],[126.26246071137624,6.928613653055871],[126.2729886573039,6.894813645967355],[126.29709454071057,6.86329230022972],[126.2846670314266,6.844229629076625],[126.29727287967293,6.808583551212422],[126.32830819950837,6.79843017635188],[126.3487799655787,6.806683972883726],[126.34240788755402,6.860251196014508],[126.32380452461635,6.881191076928928],[126.29025423329172,6.903067464887827],[126.27947217409154,6.92813653785592],[126.30432719248172,6.939600866629812],[126.32048698039313,6.990835965636865],[126.34787026812145,7.001836533660798],[126.39798614546595,6.99281128968545],[126.41043147422894,7.002220036541418],[126.45551302121925,7.002389488388562],[126.44312115277336,7.018955016805463],[126.45052329849634,7.055488426563701],[126.4837257670377,7.11864713242644],[126.51112244067188,7.125505227645983],[126.52678727239325,7.150529726505924],[126.519911365415,7.163180172000263],[126.52291679115628,7.175353531864548],[126.53562071215454,7.21049569033519],[126.55977568441278,7.211610489205364],[126.56440869914881,7.234351923020446],[126.58399755659083,7.249258681798477],[126.5989934645312,7.274969869255867],[126.599252164514,7.295423748021285],[126.56864036387836,7.289033851803356],[126.55142381522488,7.314562210756856],[126.56664275769018,7.332692885577926],[126.55538351138513,7.348103547127672],[126.55776020172335,7.399566077397384],[126.54789666431884,7.417500562534205],[126.55644924342889,7.444139217191961],[126.58821139019626,7.448914923056919],[126.60044719854743,7.472788930515146],[126.59774938526587,7.512537365489867],[126.57552525266146,7.573671657547254],[126.55895078561663,7.58311605607464],[126.56497950148872,7.609750271956584],[126.55503571081624,7.6446337841345]]]]},"properties":{"id":"S1C_IW_GRDH_1SDV_20260411T094713_20260411T094742_007167_00E85A_43BD","date":"2026-04-11","instrumentMode":"IW","orbit_pass":"ASCENDING","pass_hour":"6 PM","platform_number":"C","relativeOrbitNumber_start":171,"system:time_start":1775900833000,"TileNumber":"Z5","satellite":"Sentinel-1C"}},
{"type":"Feature","geometry":{"type":"Polygon","coordinates":[[[125.13458458961391,8.840952650797464],[125.12274116823379,8.83482340901713],[125.19902208756945,8.474883752116458],[125.27141449479994,8.13198179173812],[125.34355656045847,7.78900673717847],[125.41697304402015,7.438717917671737],[125.42863631439532,7.414178633017975],[126.01366594977168,7.534152581081774],[126.55503571081624,7.6446337841345],[126.55014852642499,7.696823107377646],[126.55986932679389,7.729878427488916],[126.53270897456693,7.739336214432264],[126.49542193176579,7.741681656955874],[126.46991142183822,7.768587911932789],[126.44278670463932,7.809959422477983],[126.41979111764371,7.825374567963955],[126.38136262663758,7.831394310007187],[126.37262719614733,7.850925174466933],[126.3756505339798,7.874112486898267],[126.36023535605085,7.882856842336547],[126.35957548127874,7.907885731766263],[126.37597602297612,7.948276305046135],[126.40522774146224,7.956507774975163],[126.42299723243002,7.981741852660046],[126.41013272827433,8.008768424534015],[126.43064014371907,8.077746263513443],[126.44438751805383,8.096768801143016],[126.43036814839776,8.109923143768045],[126.44393716370111,8.131478421938365],[126.43940672250316,8.158687902700487],[126.45108959729855,8.177527615272966],[126.44676869640928,8.214845800558786],[126.46009251906243,8.246750683409868],[126.41097106409698,8.223616867018134],[126.3827984115431,8.198445202104743],[126.34090966973785,8.190088869756975],[126.32245792662947,8.236882669613841],[126.35355567862076,8.25809458922068],[126.38189771313452,8.292001645161214],[126.36437787376538,8.315572455576179],[126.3340292128121,8.3207762077611],[126.33904129975491,8.340900161933675],[126.31788733747959,8.356261759297876],[126.35169175114343,8.373977741670043],[126.38227671668997,8.415202108745422],[126.35386778903168,8.436917970787349],[126.36416828627239,8.475306327807507],[126.39959583413359,8.497383333622361],[126.38823856525663,8.51806911067154],[126.31829750427215,8.541082541574653],[126.29395087609427,8.53512517764439],[126.2636423606583,8.555494345500072],[126.23796687698955,8.553010673403433],[126.21202826358444,8.560412757366715],[126.22427295841945,8.525457865764164],[126.16600140205865,8.544065682126492],[126.14180189350753,8.531874515349207],[126.11753993379381,8.568907317573819],[126.12664985645272,8.586895333437663],[126.09126238355631,8.608031534329676],[126.09848616499879,8.63617287423673],[126.14565452162772,8.675047354222114],[126.18047122972645,8.68449617049112],[126.189977972394,8.698564633062245],[126.21407495013014,8.690507066668351],[126.21602809555738,8.73231998170697],[126.23667812591262,8.736516004872769],[126.23917969719481,8.75854401768896],[126.25509425441562,8.768808814469875],[126.29235004245095,8.771756281198815],[126.30654783562817,8.788950626757103],[126.30372076184229,8.797975825568246],[126.33698116217423,8.843998216856729],[126.3125988004554,8.885186918161354],[126.32737179897593,8.895933337967877],[126.32763043684392,8.920766110223125],[126.30222244732263,8.9217292800185],[126.31050751528169,8.954913853275983],[126.26460105637213,8.986729567952407],[126.26486412667175,8.996178417897065],[126.2073506404318,9.060438545586647],[126.20897825527986,9.073057737489894],[126.17022865253112,9.090367964074003],[126.16069064232144,9.111945596247539],[126.1704337162316,9.137291107807183],[126.1065210054241,9.128505092229444],[125.7381395257227,9.054279046431521],[125.49214543302223,9.004480732112926],[125.48333531757514,8.996972124987272],[125.42542052945664,8.976094581978957],[125.40218418237218,8.982689593031076],[125.386069606912,8.982952379209387],[125.18563889320019,8.942184849276247],[125.18598018347562,8.935423167787446],[125.18579732830514,8.894881039433086],[125.16737235725124,8.85378145051773],[125.13458458961391,8.840952650797464]]]},"properties":{"id":"S1C_IW_GRDH_1SDV_20260411T094742_20260411T094807_007167_00E85A_8EEE","date":"2026-04-11","instrumentMode":"IW","orbit_pass":"ASCENDING","pass_hour":"6 PM","platform_number":"C","relativeOrbitNumber_start":171,"system:time_start":1775900862000,"TileNumber":"Z4","satellite":"Sentinel-1C"}},
{"type":"Feature","geometry":{"type":"MultiPolygon","coordinates":[[[[125.61374619210517,9.887869300256973],[125.63076216165844,9.879062573792694],[125.6436445135813,9.900470700563316],[125.622236355186,9.909585150082988],[125.61374619210517,9.887869300256973]]],[[[125.92516534909872,9.868284953771182],[125.94386232890965,9.850912288185164],[125.96634068112355,9.862920633073884],[125.95572800746612,9.891195771676474],[125.92516534909872,9.868284953771182]]],[[[125.46528041405476,10.45936551072113],[125.48451255395032,10.427968962121346],[125.49545069304786,10.456560780793914],[125.46528041405476,10.45936551072113]]],[[[125.62522842436607,9.773529016611628],[125.66763886260922,9.758983448028998],[125.64350179917494,9.797603729117185],[125.62522842436607,9.773529016611628]]],[[[125.69669440767024,9.789082344260112],[125.70274989595617,9.764811505642735],[125.73995211215356,9.783718113221475],[125.69669440767024,9.789082344260112]]],[[[125.91575667224068,9.887097893560904],[125.92630692474047,9.880690117678103],[125.95562099695807,9.897643629717907],[125.97013985953232,9.942711779837838],[125.9296244232275,9.909857164370257],[125.91575667224068,9.887097893560904]]],[[[125.96663500253801,9.716095823483903],[125.98635758487605,9.691566313103394],[126.00581266277526,9.702709589636433],[125.99983297868542,9.730436298003053],[125.96663500253801,9.716095823483903]]],[[[125.61899011416399,9.7073604202526],[125.64273926121139,9.70004747890404],[125.66055341566353,9.724822300410816],[125.63165837251891,9.729696054314575],[125.61899011416399,9.7073604202526]]],[[[126.00668222633846,9.687276623708915],[126.0275195489682,9.710816252536693],[126.06828914768946,9.709130673274679],[126.0571903843641,9.73534578932972],[126.01834720915626,9.72893802071906],[126.00668222633846,9.687276623708915]]],[[[125.18562344776306,8.942490850076158],[125.38522621656246,8.982966113419964],[125.35518073854863,8.992660191804834],[125.33244383583848,8.98718436609417],[125.32137189816255,8.98976174334148],[125.31356843752967,8.993110516034704],[125.29888908396634,8.992455038426574],[125.28008056130528,8.995487254200166],[125.27625468079128,9.00176117190902],[125.24159852664337,9.033135417577705],[125.22030637447178,9.091201858793761],[125.20626907173283,9.095562834515526],[125.1850883832636,9.072210545518347],[125.1808477557904,9.022826000805265],[125.1751936409289,9.015557677281251],[125.18562344776306,8.942490850076158]]],[[[125.12996494361998,10.165269995987936],[125.12153720819036,10.161515454390976],[125.11799673992975,10.112541083078288],[125.137496413138,10.067129614650634],[125.15656351630585,10.057404341154456],[125.18562344776306,10.042212196587679],[125.20530595768922,10.010142334607698],[125.22522919808925,9.96379889476954],[125.25003966293156,9.947527606936873],[125.25243418444367,9.92263247416752],[125.26680580702245,9.9079040766003],[125.28769677215303,9.908492639804148],[125.30137725860374,9.936807926063352],[125.27929576042393,9.963629436899822],[125.28325546425873,9.993483119955926],[125.25711172455061,10.027506036593389],[125.23619860781633,10.08491253917318],[125.21486624566684,10.131055262683901],[125.1661996340625,10.136419558318837],[125.12996494361998,10.165269995987936]]],[[[125.88973777493793,9.617411427901494],[125.91919904820885,9.606058566158051],[125.93662972299228,9.583879022067247],[125.94066077215659,9.563554421106456],[125.96472201821165,9.57415368592434],[125.97448748537249,9.601586120287113],[125.96864155898172,9.62332418868701],[125.98783802348436,9.64620832842161],[125.9853364761926,9.686754951013135],[125.96499848504568,9.689894133429698],[125.95706130628325,9.736982245388095],[125.91639872630464,9.757752729824517],[125.90930882581242,9.724746429766222],[125.92706491848969,9.655617019771807],[125.91061980183143,9.656838842894865],[125.88973777493793,9.617411427901494]]],[[[125.12996494361998,10.165269995987936],[125.14171021104372,10.174321976101611],[125.12988470187038,10.220536062616125],[125.12563513635638,10.260654638888523],[125.13775499265753,10.27887892921268],[125.21230226358442,10.248017541439221],[125.2589890524154,10.262701310178107],[125.26944561104723,10.307417223752749],[125.26304685471347,10.371971618482643],[125.2388071162801,10.396755328588577],[125.22094844744365,10.384608669073415],[125.19991482847868,10.405660123013268],[125.18248867066455,10.436316470227984],[125.1942607524765,10.475494105756768],[125.18694335386503,10.497941192940386],[125.1760319425427,10.513993947708936],[124.79576165228987,10.438349287593708],[124.8072482706933,10.371549447769697],[124.8568430707188,10.129078716600443],[124.86100979302212,10.128134617216336],[124.88746568293658,10.1275192565871],[124.90688951684947,10.090410573341737],[124.92751283543177,10.087342710209864],[124.95345143016091,10.068315780894482],[124.98223050965267,10.036816678245248],[125.02440465593044,10.032500217313986],[125.03196729850791,10.041592316499303],[125.02600099214439,10.092087203242775],[125.01571835884323,10.10374775409572],[125.00797286172246,10.159794228166595],[124.98168203667596,10.202998417587855],[124.98863820606009,10.248927149983295],[124.9835280633025,10.295498013100735],[124.98573088234126,10.302833256980962],[124.97366457465304,10.33546942052537],[124.97786053663509,10.383052502077332],[125.00877551825403,10.383047984805629],[125.02232227198188,10.37271626640272],[125.03917761378155,10.335170682700891],[125.0404663083723,10.313057982260105],[125.04686067042509,10.305361536186679],[125.06101830311519,10.289264230947907],[125.06643613460474,10.263633275806862],[125.0861988400276,10.218676612093518],[125.12009253125144,10.18101953273956],[125.12996494361998,10.165269995987936]]],[[[125.95054655404618,9.83675016459032],[125.98298650531386,9.809683453614449],[126.01273320099212,9.76287179852911],[126.03800289571986,9.76331773035215],[126.07694868509105,9.75061815495351],[126.11264822418224,9.749940390612567],[126.13330725013125,9.775549010669572],[126.16198820433922,9.783976679924228],[126.16719198900066,9.813330945016459],[126.14855296270169,9.820826720433862],[126.1418553540436,9.84627034094463],[126.12272581404176,9.840879327904117],[126.11531035471357,9.865645128742381],[126.11168506877745,9.931305387405445],[126.08468076182595,10.012144475234699],[126.06916755592349,10.02670789690648],[126.07121876813693,10.061653859076007],[126.04408065627285,10.049966576148076],[126.02974915424593,10.028830418360211],[126.03485921812111,10.004109179541231],[126.0223381124762,9.979713395195423],[125.97604373394694,9.922810826206039],[125.96420480330278,9.89725126383076],[125.96782556832413,9.868418676956615],[125.99482542216919,9.860784695966357],[125.95054655404618,9.83675016459032]]],[[[125.49365816192177,9.005769934871747],[125.69285799989346,9.043114960391765],[126.17253441654518,9.139700683625218],[126.1751648610976,9.142717831373451],[126.1817910754512,9.162373534786022],[126.17265441768612,9.180263468665043],[126.18731592412932,9.221844622100154],[126.18009213855943,9.242686441358396],[126.19870889913066,9.271773153730997],[126.19326877229948,9.289823627574501],[126.2103427454226,9.311115774335748],[126.16887753841792,9.309390093621467],[126.13124267288211,9.266172506279485],[126.09828107665803,9.248857837533377],[126.0497972178953,9.236020105898701],[126.02014864057783,9.278631272385718],[125.98349927754754,9.31175347585052],[125.98623724506525,9.347818617532035],[125.9534093030166,9.375344714872194],[125.93244264111709,9.38079368712115],[125.9313947346186,9.399218748367067],[125.90132254036261,9.413577034007579],[125.8948523930933,9.427266438387251],[125.93121189598438,9.439484413384662],[125.92063936020152,9.495129524948847],[125.87536607747884,9.502166013951078],[125.86193080661384,9.540603405472945],[125.79350147744071,9.561400667465493],[125.76822727100702,9.560468696292338],[125.74128538701038,9.570840577657611],[125.73890873655115,9.593434849904794],[125.70585781290046,9.58458354541403],[125.70217020594565,9.598915114204045],[125.63848085989878,9.614521938920898],[125.61035725256376,9.636866475827285],[125.59223993658216,9.701840065723678],[125.60102888002372,9.727921339595397],[125.56738495012507,9.739314352659258],[125.55576897544476,9.766207205747532],[125.51708178685118,9.76778127969046],[125.49756430974809,9.793884862223319],[125.46130291039331,9.801630289186168],[125.40045845126731,9.768347539319603],[125.39409531888656,9.719899444547929],[125.3980862226768,9.694063363414177],[125.39169186441138,9.657119770347116],[125.4049621916194,9.604439917494423],[125.42365472520954,9.557195732584816],[125.43058858889854,9.514745144707751],[125.45561310388867,9.445303545312933],[125.45353518333525,9.417960288977339],[125.47119765688721,9.365904737576725],[125.49141073610886,9.342329482599999],[125.50734761427574,9.298808657991584],[125.51141426495516,9.265155835583288],[125.50581369027375,9.247765368489828],[125.53286703658662,9.192334284726462],[125.52484953880234,9.128065271908428],[125.53659932723576,9.070359991423524],[125.51676073894923,9.0320607889383],[125.5227449029095,9.016547562259085],[125.49365816192177,9.005769934871747]]],[[[125.48139116037049,10.116126225124729],[125.50173806899201,10.097371225003291],[125.50314264320967,10.070652352003139],[125.52715492738443,10.062420838170375],[125.55142138520566,10.084100975767722],[125.57389072586666,10.06783859335922],[125.58735727695696,10.027100286693145],[125.57108150258067,10.011729784762476],[125.57230329714095,9.988002864580261],[125.59831323896869,9.989166670622968],[125.62716812476937,9.940571416463076],[125.64675247184198,9.931943059201208],[125.64866538027977,9.895779779673843],[125.63020472564305,9.873546655879862],[125.60246469442659,9.8795485959079],[125.59432231569801,9.851153048351534],[125.57697199328925,9.83971100533305],[125.62008703255633,9.825392871506605],[125.65863153380099,9.827716004270025],[125.68728569514658,9.848620295961176],[125.7073382587294,9.894754159720364],[125.69796080530122,9.915172343610958],[125.67299874993796,9.920902304213532],[125.68255011913882,9.975740368968921],[125.67336436756173,9.99431248672131],[125.6929085985944,10.037467657419372],[125.6918696099564,10.084439850510101],[125.66364354103489,10.116005857008906],[125.66387094274046,10.156280432513007],[125.65001652424117,10.187824080710808],[125.66397801394729,10.202543629314688],[125.6477601845095,10.244949695149927],[125.65688357037081,10.261591041100411],[125.64755066939293,10.299966061969611],[125.6774043103991,10.374027244876462],[125.66869567621495,10.433569640065926],[125.65586688194925,10.444610339225079],[125.6473098764639,10.473995814696703],[125.63284454557751,10.470330453776254],[125.60917116512223,10.432298755178236],[125.6095278943981,10.399372779918343],[125.59990516319533,10.367079958956843],[125.57733320596431,10.364475832524175],[125.56189578734688,10.386147111612727],[125.54913380672897,10.373242435135602],[125.56109757549726,10.32607854937291],[125.51859344340157,10.326341650200241],[125.52739574519819,10.28361006973634],[125.51553451306604,10.241226280259335],[125.54377844557798,10.208523227585388],[125.50502887879063,10.196746791817102],[125.50057420082874,10.152632880070605],[125.48139116037049,10.116126225124729]]]]},"properties":{"id":"S1C_IW_GRDH_1SDV_20260411T094807_20260411T094832_007167_00E85A_F6E8","date":"2026-04-11","instrumentMode":"IW","orbit_pass":"ASCENDING","pass_hour":"6 PM","platform_number":"C","relativeOrbitNumber_start":171,"system:time_start":1775900887000,"TileNumber":"Z3","satellite":"Sentinel-1C"}},
{"type":"Feature","geometry":{"type":"MultiPolygon","coordinates":[[[[124.71322626408623,11.818022411935337],[124.7033671732234,11.813005932337479],[124.71449265791466,11.812519869113341],[124.71322626408623,11.818022411935337]]],[[[124.74403423166511,11.822147110760723],[124.74016369611786,11.820845020981356],[124.74054272167788,11.820251924217917],[124.74582681335806,11.817286641732641],[124.74403423166511,11.822147110760723]]],[[[125.61766131020485,10.992968337641784],[125.64228000000362,10.975506457382192],[125.65619688386042,10.985856026668026],[125.6481927247364,11.00694763709605],[125.61766131020485,10.992968337641784]]],[[[124.69763723320834,11.811975853662885],[124.68397012641833,11.815306796592065],[124.68730108708387,11.80751233985413],[124.69763723320834,11.811975853662885]]],[[[124.5494746934734,11.650743665563908],[124.5805413818795,11.47449742057693],[124.58468825951728,11.47459134748893],[124.60730922148274,11.490635242122128],[124.61921503728318,11.52592897101835],[124.61279391224171,11.550882150282302],[124.58339513217398,11.569012833591074],[124.5764924404941,11.59327924991318],[124.5494746934734,11.650743665563908]]],[[[125.76190873448206,11.023374899515177],[125.80481865288432,10.974030551581086],[125.81472237552346,10.980991192719376],[125.78726321336403,11.021082968707416],[125.76190873448206,11.023374899515177]]],[[[124.74756581798786,11.741740596100191],[124.74977305957509,11.71523122726261],[124.76965178341979,11.700444790390454],[124.78199010611237,11.73135533905413],[124.74756581798786,11.741740596100191]]],[[[125.66159239354302,10.787301173453988],[125.67278471485596,10.74842677938255],[125.72448794476234,10.72449922477159],[125.74999852728178,10.693428213341798],[125.80824330678347,10.698150396058567],[125.81740670452982,10.731388534104532],[125.79045142647266,10.743820513282067],[125.7376334071106,10.74383832088483],[125.72190172325226,10.749180313871467],[125.71511050363414,10.773473540542868],[125.7265480626853,10.801820023302875],[125.69947690520793,10.824396465073397],[125.67550025820734,10.810542029056288],[125.66159239354302,10.787301173453988]]],[[[124.8246993414655,11.713246913991208],[124.83121411493192,11.67955390922893],[124.83612353699287,11.66874511943144],[124.8361057649997,11.660968387693087],[124.8396685124351,11.638289420780783],[124.84264274522316,11.629870677485657],[124.86469300021524,11.620800844889269],[124.88561066015312,11.630628715535716],[124.88803193790224,11.668584556518415],[124.83846460679699,11.69578061171131],[124.8246993414655,11.713246913991208]]],[[[124.84884539770641,11.606754620602171],[124.81823807257871,11.605354540319144],[124.79324489120175,11.61906624424868],[124.80197132981922,11.642654913515058],[124.76579462431555,11.6917495575026],[124.72712082721554,11.715320361964501],[124.72798145703426,11.676856202053933],[124.75299255105945,11.645651429882056],[124.79194721268523,11.610562743444717],[124.76648576970013,11.609314175948285],[124.77229154218087,11.573770661332809],[124.79266519816184,11.562890462416325],[124.80151202139126,11.544576934828148],[124.8410018513873,11.54838505673196],[124.84166619695047,11.594884552914378],[124.85022768980745,11.60056095795704],[124.84884539770641,11.606754620602171]]],[[[124.77133281937301,10.617636847247454],[124.76677377038261,10.568873435729651],[124.79625537237862,10.436790041003329],[125.1760319425427,10.513993947708936],[125.16655183868454,10.53209794391411],[125.1912240972673,10.563708457835578],[125.19257964380655,10.575890771896901],[125.17577331401559,10.601704510544957],[125.11050985467655,10.667868655856914],[125.1073082766267,10.701757821028382],[125.09007386734407,10.715607784580612],[125.04060452866376,10.72119502162269],[125.02749477236394,10.73174975460335],[125.01657002588051,10.748029864519024],[125.00414246501674,10.818893957283723],[125.01452770834227,10.891260702848449],[125.03783991160077,10.939254021848468],[125.04313732274836,11.01192842798475],[125.0396726086092,11.075064833286996],[125.02337456389245,11.09165712529448],[125.03034863822747,11.121484082750323],[125.01518321538421,11.150954285565168],[125.02854271374324,11.202327535427418],[125.03118251014546,11.238432873880773],[125.00644788571569,11.22107809407011],[124.99873356576497,11.250891619164426],[124.97712922873146,11.25605083578085],[124.96597257187102,11.273485911670871],[124.96187021500934,11.311307986009103],[124.96838499679565,11.357027185563037],[124.97952376134523,11.374511301522093],[124.96031396024824,11.395139096188768],[124.95028550610427,11.427061797629058],[124.91809964923864,11.411187407235087],[124.89423456934767,11.421898161694658],[124.87816398276884,11.440323150461868],[124.86586580343821,11.428756285835087],[124.81577226794025,11.432011405292055],[124.80927974049303,11.38651524167219],[124.78951259039496,11.374132298538218],[124.75303715061595,11.335275660856313],[124.72424918780938,11.32693265992613],[124.70131598917817,11.304686258464843],[124.67826244232448,11.306389649882798],[124.6389688354488,11.297489274360263],[124.61646825119725,11.308092974755217],[124.69581080841131,10.91327539876403],[124.70525339280096,10.900343908038941],[124.70868694892727,10.879345953168661],[124.73811254440956,10.852462017708302],[124.76714125260933,10.814524020484297],[124.791528132232,10.762838581701509],[124.79776187941177,10.69345943301808],[124.80787513226362,10.684795412267043],[124.80143618597083,10.654531491822878],[124.79575979841148,10.650897331053693],[124.77133281937301,10.617636847247454]]],[[[125.47718175278393,12.145467588946465],[125.4771972694466,12.146498505407845],[124.69140796847948,11.991586628381272],[124.69434202068342,11.987878469946496],[124.72209990760497,11.973729780463662],[124.71938877275515,11.9475191385787],[124.74043124870538,11.93087781078298],[124.74859588235385,11.897144686050847],[124.78684158946533,11.911329102187246],[124.78793405188159,11.902575887954537],[124.78681925633084,11.890161733396663],[124.79411884752182,11.877390842716965],[124.79521130145413,11.872311979444355],[124.79622798569281,11.861703772002713],[124.80490095350768,11.847537176116292],[124.8341883052454,11.83721882491565],[124.8791895295875,11.78268847393122],[124.8860922443529,11.75887245776771],[124.91269525982571,11.742137404934796],[124.94357450630729,11.760794320482933],[125.01283331793562,11.784864527819012],[125.0429678504206,11.754707609618992],[125.01795235904737,11.721928786204986],[125.00993489752474,11.701323258629959],[124.97717387930926,11.680401171229294],[124.99060018729986,11.64220896963609],[124.99053780412814,11.622637993518284],[124.96127266164723,11.601198598524313],[124.95204238610081,11.576468467711027],[124.92304924761429,11.573440739087554],[124.88439780676299,11.579763699457182],[124.87774481999263,11.539796785612836],[124.86018485337132,11.550873196856642],[124.82269275186577,11.518843519148662],[124.84517557049719,11.466587245710791],[124.86759142575481,11.467184786627454],[124.88793833395212,11.486229625615179],[124.94135393244053,11.45344185137449],[124.96143321510469,11.454989169267481],[124.96859010776619,11.433928838700732],[124.98544997335085,11.423084315713979],[124.98760818128184,11.380227852481818],[124.9977481357882,11.35613087366812],[124.98641755416918,11.347087830020255],[124.97215293794241,11.312997993345235],[124.97812810108158,11.292182881699098],[124.9989164095932,11.278520248078959],[125.02870322325899,11.275077774582074],[125.08686772836217,11.297221732421425],[125.14305682913472,11.282310503554534],[125.17115813188249,11.245268707644481],[125.19390849744016,11.179982998330756],[125.19410911525347,11.16294030838617],[125.21103583950914,11.098666829702399],[125.23486531793355,11.087242595530403],[125.2451078365714,11.116779691466212],[125.27182675034021,11.14098820816297],[125.30500698576024,11.134027510974631],[125.31903079529833,11.12019988114754],[125.36540103382339,11.120373778297136],[125.37484093594223,11.099036927127816],[125.39547765392345,11.107678719685056],[125.40976908663188,11.083728888860193],[125.48030757049955,11.108115689379323],[125.51247997878579,11.08155725685846],[125.51801376257754,11.119227742350423],[125.5428776665303,11.156336402595556],[125.56889207728979,11.137706250858722],[125.58759357514377,11.113899146025416],[125.6322336507027,11.135235941890736],[125.66127575647384,11.143485291741014],[125.6724948869308,11.11819328397833],[125.69695305682451,11.104873938272105],[125.6842267438188,11.083220492184287],[125.7114495754356,11.05465553893032],[125.71379062538993,11.042410855173005],[125.74149940537298,11.01521480734996],[125.7552735981186,11.016815608596627],[125.76004042768791,11.049193139279001],[125.73312526902095,11.09433708388637],[125.69947240421168,11.129006582276375],[125.68643845744609,11.169985719239493],[125.6584308868803,11.207544697546366],[125.6338255714665,11.213956932220308],[125.6140806224877,11.231102124974345],[125.60935841689708,11.214148636279456],[125.60579112896355,11.196477242798046],[125.57058660164829,11.182346368796225],[125.55087283656549,11.187746314929807],[125.53672861712849,11.20594389843904],[125.53552465965227,11.231062051032207],[125.54844711972821,11.264919951309858],[125.57190641421171,11.287313583756319],[125.60948775721812,11.302559218199537],[125.63369176557937,11.340136077864264],[125.63107424738962,11.364357911572787],[125.5811233789441,11.402746320069886],[125.55885469159021,11.409573179147202],[125.52535791774747,11.456879778876187],[125.51029055497682,11.504106156710435],[125.47544716004556,11.541531425333874],[125.4698019760016,11.566493467259155],[125.47519749533595,11.596565599037943],[125.44490682344596,11.599370414801703],[125.46328717232691,11.651796060675364],[125.4540479381912,11.671750494892768],[125.49117892030047,11.672053725737925],[125.47535797625503,11.703173826133877],[125.46534728929392,11.760905780508557],[125.43247040216359,11.764441864739055],[125.43442793698361,11.779535916346134],[125.46278333688987,11.774992092632967],[125.47692315011308,11.782585921777434],[125.4647676463326,11.823774659839538],[125.44835812653285,11.820211797622047],[125.42553644744464,11.8955706613277],[125.42550081898968,11.935176336033305],[125.44825110380067,11.968191546199774],[125.45039153173884,11.984043684743213],[125.48412903049815,12.0249247147052],[125.48784793655096,12.029700424797202],[125.4863452345147,12.036402424150022],[125.51920436352489,12.057957699658948],[125.49423784964144,12.075517638702538],[125.48300979023801,12.089189243505379],[125.48401754175484,12.10690078384492],[125.44933470247109,12.102410502136442],[125.43887361107939,12.12077306508954],[125.44597700474452,12.139996263428696],[125.45910015246758,12.141391932035061],[125.46053146284416,12.141441036918236],[125.47505030396457,12.144571310747757],[125.47718175278393,12.145467588946465]]]]},"properties":{"id":"S1C_IW_GRDH_1SDV_20260411T094832_20260411T094857_007167_00E85A_5D74","date":"2026-04-11","instrumentMode":"IW","orbit_pass":"ASCENDING","pass_hour":"6 PM","platform_number":"C","relativeOrbitNumber_start":171,"system:time_start":1775900912000,"TileNumber":"Z2","satellite":"Sentinel-1C"}},
{"type":"Feature","geometry":{"type":"MultiPolygon","coordinates":[[[[124.47575241386684,12.58119306150416],[124.49918499372062,12.546354124657018],[124.51988862134156,12.553216706723648],[124.50195407435524,12.578780703463824],[124.47575241386684,12.58119306150416]]],[[[124.4185555068556,12.56098443935205],[124.44380737790405,12.538787060885836],[124.45044701008969,12.563102537660932],[124.4185555068556,12.56098443935205]]],[[[124.35561529415837,12.694851123213397],[124.36567506671783,12.657198501495234],[124.39481524167915,12.64508756452696],[124.3938074879547,12.67640831828394],[124.35561529415837,12.694851123213397]]],[[[124.35540576165906,12.623255791872953],[124.35746134386876,12.60066596773664],[124.40144146129586,12.595043036959485],[124.37925744185323,12.61996052270571],[124.35540576165906,12.623255791872953]]],[[[124.30771562617723,13.979241643420302],[124.32402256136699,13.946137282719732],[124.35173589842391,13.959599328351715],[124.33380135736239,13.97477809324403],[124.30771562617723,13.979241643420302]]],[[[125.02744132448268,12.672921247482341],[125.0306340194897,12.651923367556464],[125.05969396951092,12.636980920628954],[125.05481572217981,12.60942811580912],[125.09108601066745,12.606346925166351],[125.0917148047392,12.631661169073658],[125.0746319798689,12.633302116648332],[125.06703369839298,12.687520327600529],[125.04241943663408,12.687431196757691],[125.02744132448268,12.672921247482341]]],[[[124.98877642734949,12.658536240345528],[125.00534645963532,12.575868941110791],[125.03412549177463,12.558166267433933],[125.05874419985922,12.56010150974418],[125.06244526703607,12.58744028404244],[125.03204309628946,12.590200449551553],[125.01493795767294,12.605883126508063],[125.01389900850239,12.645729652269495],[124.98877642734949,12.658536240345528]]],[[[124.11419066914341,13.748585762313823],[124.15377288189491,13.549810411790993],[124.1556023312491,13.548260669388497],[124.18678925302606,13.522344325692627],[124.21526951960087,13.525452314367339],[124.20707816409065,13.547877190610492],[124.21576897969976,13.566872919812491],[124.23951811649913,13.586145145535735],[124.26479235473421,13.595041046468841],[124.30075943961769,13.59368102188466],[124.31645097824398,13.570471390627866],[124.3435356239194,13.573815721776464],[124.34940380908941,13.609872054393838],[124.3425277952509,13.642869351074077],[124.3617956027665,13.659426024809727],[124.39187668982474,13.658355847931036],[124.4101010609771,13.666636396073807],[124.411309480993,13.687562975184933],[124.38955793242485,13.733629943316851],[124.39856534933182,13.775166479927528],[124.41824337792453,13.786421193646637],[124.41808282744532,13.791946057976908],[124.41538059296778,13.801644623833184],[124.41181334417396,13.81664498202998],[124.40959270199848,13.827030288096692],[124.40789823558771,13.841776514609995],[124.40373349706792,13.847122986094005],[124.40397872114498,13.860045401098304],[124.40252505809276,13.863474453310017],[124.40038917206026,13.879117027539207],[124.35768874147185,13.909594962785043],[124.3525786337296,13.933130096652382],[124.33808213314555,13.940902296962545],[124.31133197437643,13.929727788067817],[124.28846127257094,13.945655678605844],[124.27970800415538,13.999142667119733],[124.2512990876197,14.04412161542001],[124.13693122275853,14.01411449462815],[124.13769900778387,14.00937178855166],[124.12814316205412,14.006482287383983],[124.12677866229079,13.991312494079104],[124.14674211731581,13.928265235727187],[124.1450520788882,13.904819267333524],[124.12738959052466,13.884088926233588],[124.13659759161871,13.867184443256095],[124.12792019044527,13.771108680522614],[124.11419066914341,13.748585762313823]]],[[[124.36345885585843,12.556159675448258],[124.35907397582656,12.551953691706938],[124.4399143155219,12.158898430909648],[124.44329015986077,12.157065702158597],[124.46839038701752,12.127269969266019],[124.48484008012073,12.09735384938158],[124.49996975441861,12.091860244041523],[124.53463037810386,12.061007753255998],[124.57655487213438,12.065284025535902],[124.6447835315048,12.04571303329],[124.68891083382495,12.008033642355178],[124.69023512523702,11.993068871886129],[124.6927481952247,11.989892819087911],[125.4444148925533,12.138078208185112],[125.44597700474452,12.139996263428696],[125.45910015246758,12.141391932035061],[125.46053146284416,12.141441036918236],[125.47505030396457,12.144571310747757],[125.47718175278393,12.145467588946465],[125.45796301148317,12.157302007204569],[125.48403985623068,12.177818319778371],[125.51503952291256,12.171316998443544],[125.51847749086049,12.194972538247724],[125.4842672629556,12.21926124407422],[125.49093807851843,12.240103097262038],[125.46763037699687,12.24555654180931],[125.44141975272208,12.273390268261847],[125.41708203158896,12.287605855054977],[125.39055478814393,12.282513617661872],[125.38426301532577,12.269952298558637],[125.34351126866967,12.29639925168648],[125.29857697838797,12.311167798583751],[125.28897199231471,12.353685284335418],[125.30423557218619,12.38590672235013],[125.3093858144551,12.414832947448243],[125.29425604588647,12.43464473234971],[125.2939840481611,12.460899896383866],[125.2206586013286,12.533204246664617],[125.20314773661417,12.536700203615359],[125.18340281111846,12.56141252875061],[125.15759356552657,12.573786547938436],[125.11226674976486,12.566883862124211],[125.10222045889799,12.583614358770083],[125.07292855378132,12.583137305030453],[125.08009881907414,12.5471122054395],[125.02393201022285,12.534377010320261],[125.01780073803376,12.563017775046074],[124.99355215334134,12.55439836292309],[124.96624017395858,12.561020141656302],[124.96145550249089,12.586646595056054],[124.91092056519942,12.558612182543591],[124.88686364884644,12.579681478768624],[124.87706703303675,12.550585832747803],[124.85504355729238,12.534096034334008],[124.82784298804148,12.531951254001811],[124.80152988483607,12.542688731784406],[124.75778160188926,12.529949108862434],[124.74381129462273,12.51932749205175],[124.71222740750666,12.522069885836698],[124.6711100708955,12.51273696064528],[124.61354750554473,12.51628198412205],[124.56436363410074,12.533288966554254],[124.55113347415451,12.525177869684528],[124.51132267432965,12.52524473158512],[124.49817724955898,12.541074590030048],[124.4278349139787,12.53507709866709],[124.40617258718909,12.562754734580524],[124.36345885585843,12.556159675448258]]]]},"properties":{"id":"S1C_IW_GRDH_1SDV_20260411T094857_20260411T094933_007167_00E85A_2271","date":"2026-04-11","instrumentMode":"IW","orbit_pass":"ASCENDING","pass_hour":"6 PM","platform_number":"C","relativeOrbitNumber_start":171,"system:time_start":1775900937000,"TileNumber":"Z1","satellite":"Sentinel-1C"}}
]}